ID,sc_B_elaboration,sc_B_flexibility,sc_B_originality,sc_B_raw_fluency,sc_B_fluency,sc_B_creativity_score
zgtrcecvauk4_1,-0.24861967044548242,0.10337615119709834,-0.19550545759092558,9.0,0.788866975564188,0.1120294996812196
hjr8vpd7fapz_1,0.29534323427085046,-0.7139211708770576,0.43989753641056994,6.0,-0.03135868722739635,-0.0025097718557583956
xbnmcc5pxceu_1,-0.05823265379476594,-0.28853914259783814,-0.22248707149350544,6.0,-0.03135868722739635,-0.15015438877837645
3kofmh9dg9xx_1,-0.1269835209186358,0.19863759389048066,-0.8722606336497513,7.0,0.2420498670364651,-0.1396391734103603
f8jryrdfkdx2_1,0.14801994757684367,0.29641501894631456,0.5268824689533856,9.0,0.788866975564188,0.44004610276018297
nbd4iho7n72m_1,-1.0894956606528137,0.3371934548973663,-0.0395202786350858,5.0,-0.3047672414912578,-0.27414743147044773
63szpj5u8o2i_1,-0.21292210482347307,-0.5145632716782985,0.4282374538507282,3.0,-0.8515843500189807,-0.28770806816750605
ia9y1d0x3x7t_1,0.2511462482626484,0.8127906563645161,0.5511472997044394,1.0,-1.3984014585467037,0.05417068644622508
mtmb7nh1k07f_1,0.5605251503200628,-1.2688088926259264,-0.5694603931985606,2.0,-1.1249929042828422,-0.6006842599468166
hr053hyuwem6_1,0.030161318221638162,0.25607128330706563,0.12945683766699806,4.0,-0.5781757957551192,-0.04062158913985435
6wx67twfnuox_1,-0.0582326537947659,0.306899727243037,-0.18900265976368488,4.0,-0.5781757957551192,-0.12962784551763326
656xmu29mv16_1,-0.2902668303378267,-0.015826422762993862,-0.4128703622107436,7.0,0.2420498670364651,-0.11922843706877476
h05dt9u04ag6_1,0.47213117830365864,-0.5113116165115423,-0.42012791462309546,5.0,-0.3047672414912578,-0.19101889858055923
aqgoay2w4h2m_1,0.32254137950666706,-0.09743206028654496,-0.16330310098101092,12.0,1.6090926383557724,0.4177247141487209
barb4qdxq6t1_1,0.2511462482626484,-0.20451735287213674,-0.15642751853265546,6.0,-0.03135868722739635,-0.03528932759238503
3y4g82qrfzgu_1,-0.16742520746208855,-0.12065328850817716,0.02395967389333835,15.0,2.4293183011473567,0.5412998697676074
rzv8pux6l1g8_1,-0.9863693599670089,-1.0890202106671263,-0.014906468604895792,1.0,-1.3984014585467037,-0.8721743744464336
u27jmgu8s0ev_1,-0.0969050165519427,0.07455468790068556,0.05132260702963273,12.0,1.6090926383557724,0.40951622918353703
3n6trc3kljyo_1,-0.058232653794765936,-0.46316167357937016,-0.5569354993652128,14.0,2.1559097468834953,0.2693949800360366
sprnfuwnq7ac_1,0.29534323427085046,1.1650094059586837,-0.6990126841953693,5.0,-0.3047672414912578,0.11414317863572676
pia8uidyh0xh_1,-0.21292210482347312,-1.1268787108456888,0.21331455198486762,3.0,-0.8515843500189807,-0.49451765342581877
ed8h9v6yer07_1,0.22302089353015617,0.3822103881625907,-0.3197400336474835,10.0,1.0622755298280495,0.3369416944683282
xh3pjt4r5nf2_1,-0.30573577544069735,-0.11383120071487425,0.07308947184032383,4.0,-0.5781757957551192,-0.23116332501759174
hf2atxzwe00u_1,0.4058356992913556,0.6409611054965887,0.20036517216154626,3.0,-0.8515843500189807,0.09889440673262748
iat3flfmgzl6_1,-0.18198421461773162,-0.5490669146910143,0.362587424634795,9.0,0.788866975564188,0.10510081772255928
pfi2dt661qbd_1,0.6224009307315456,0.46033573914937165,-0.9557003152298554,9.0,0.788866975564188,0.22897583255381243
6i5ue4jm9v39_1,0.43677358949709705,0.31935939697139415,-0.1475859644832894,14.0,2.1559097468834953,0.6911141922171743
y84228e2pmvp_1,0.14801994757684364,-0.31221072356498797,0.24195197651688558,2.0,-1.1249929042828422,-0.2618079259385252
j4zhqovyxicy_1,0.5605251503200628,0.2652381185279518,-0.0760518875105006,9.0,0.788866975564188,0.3846445892254255
u498l95or7np_1,-0.001981944329781443,0.5291479502125944,-0.6473440657196545,6.0,-0.03135868722739635,-0.03788418676605949
7wua7gopt4k8_1,-0.1613589544805707,0.40300517723389134,0.49635100903724255,11.0,1.3356840840919109,0.5184203289706185
9pa7mfd4rubz_1,0.14801994757684359,0.2161515924662827,0.3262229788146349,2.0,-1.1249929042828422,-0.10864959635627025
hl0jpyfe02sw_1,0.25114624826264836,0.08785271981690213,-0.4540919808064214,9.0,0.788866975564188,0.1684434907093293
eeukrcggxx3o_1,-0.1355773793091195,0.10749168391743785,-0.4095664240784082,7.0,0.2420498670364651,-0.04890056310840619
j2x2vhg83u9h_1,-0.16584270668430134,0.2353751628516595,-0.010538505865692258,19.0,3.5229525182028025,0.8954866171261171
p5u9r9m1uh0b_1,-0.006669503451863547,-0.191289352745873,0.3801653835512275,7.0,0.2420498670364651,0.10606409859748901
bq16gvcq7u48_1,-0.05823265379476593,0.1144449404263137,-0.9895308042673198,11.0,1.3356840840919109,0.10059139161403471
agge90qqyjhj_1,0.2855216818245834,0.05054737697001687,-0.5315092940090588,6.0,-0.03135868722739635,-0.05669973061046372
5o9ptvrbynfu_1,-0.34381317877084067,0.1774886857691442,-0.34125271482346314,9.0,0.788866975564188,0.07032244193475712
tue9ikgul5zq_1,-0.3332361222902453,0.17428641618153956,0.17242797871055093,6.0,-0.03135868722739635,-0.0044701036563877874
umuss3ln1x8v_1,-0.12336505422790575,-0.26554173358365607,-0.0577859932468161,15.0,2.4293183011473567,0.49565638002224466
0qxabjy7ujod_1,-0.4294873362636631,0.23464124618503712,0.6297114286581844,4.0,-0.5781757957551192,-0.0358276142938902
kwt35vcdmbod_1,-0.33323612229024535,0.22089557807727858,0.26668392654312206,8.0,0.5154584213003266,0.16745045090762048
00x2emqtotyd_1,0.4058356992913556,-0.4614480814500592,0.2759530901130929,3.0,-0.8515843500189807,-0.15781091051614787
dvornclgd0aq_1,-0.027294763589024475,-0.031006205527982906,0.27911301677883527,18.0,3.2495439639389407,0.8675890029001921
siggsyvh7xo1_1,0.869904052377477,0.5794934200364836,-0.8465318297893372,3.0,-0.8515843500189807,-0.0621796768485893
vi9q7fothzy9_1,-0.36761155585218025,0.009260763955788037,-0.00842224180387851,3.0,-0.8515843500189807,-0.30458934592981285
wolvnbj3iu83_1,0.09645679723394127,-0.6584196211307782,0.22211664406178322,3.0,-0.8515843500189807,-0.2978576324635086
wkys7wy9il7c_1,0.29534323427085046,-0.12620600316733627,-1.1372943984280544,4.0,-0.5781757957551192,-0.38658324076991485
mwmkmapelpgo_1,0.06551890702819978,-0.13537284203226824,-0.1565373805712607,4.0,-0.5781757957551192,-0.2011417778326121
qazygyn8c297_1,-0.18198421461773168,-0.3898974366697049,1.0263220529504968,4.0,-0.5781757957551192,-0.03093384852301473
0264ddif97z6_1,0.0655189070281998,0.20238131272034904,0.263915724541225,8.0,0.5154584213003266,0.2618185913975251
lbt3alhiu1f0_1,0.1667701840651718,-0.23386818499742396,0.9793222272959291,10.0,1.0622755298280495,0.4936249390479316
48910ns9ag9c_1,-0.1097958041376683,0.3171059635363023,-0.38456992766409326,5.0,-0.3047672414912578,-0.12050675243917926
749d7d4z0hj1_1,0.5605251503200628,-0.12304728215521127,-0.2878290712994172,5.0,-0.3047672414912578,-0.03877961115645587
96nxhlo4yz55_1,0.5042744408550782,-0.06944097030809138,0.0492787729332476,10.0,1.0622755298280495,0.386596943327071
tbd6qkgwwv0w_1,-0.1819842146177316,0.13914429173185427,0.6861317975410139,4.0,-0.5781757957551192,0.01627901972500434
8508djccbx01_1,-0.05823265379476591,-0.6367937463432778,0.8810436350056898,2.0,-1.1249929042828422,-0.23474391735379901
90z2wrbrs8i0_1,-0.22323473489205353,0.22274280233538618,-0.6122204091073618,11.0,1.3356840840919109,0.18074293560697044
2z9m6xr38h4r_1,-0.2350205978275741,-0.43980242092104155,0.5676466451075425,12.0,1.6090926383557724,0.3754790661786748
a3nfmupku2aj_1,-0.21292210482347307,0.5015888280688675,0.2200971067466908,7.0,0.2420498670364651,0.1877034242571376
1p4bgxq1r154_1,0.09645679723394124,-0.24816338092012485,-0.46159602613725936,3.0,-0.8515843500189807,-0.3662217399606059
zufbg4rjsv9g_1,0.019112071719587634,-0.2567697767565107,1.0566667883755259,7.0,0.2420498670364651,0.26526473759376695
d6q2d70c8zy8_1,-0.18198421461773162,-0.11104780432188695,-0.5737156267635174,4.0,-0.5781757957551192,-0.3612308603645638
q2bgh6j5xiex_1,0.8699040523774771,-0.09125619604507251,0.7189576189477683,4.0,-0.5781757957551192,0.22985741988126346
7eanb1cab53p_1,0.2511462482626484,-0.499915959027,0.21017555120364684,3.0,-0.8515843500189807,-0.22254462739492137
qmkqt2gdyxmf_1,0.4917742831961928,0.44241062253086655,0.2013847830852028,3.0,-0.8515843500189807,0.07099633469832037
utw51njlxqxq_1,0.25114624826264836,0.5229476734827022,-0.5177605818608079,5.0,-0.3047672414912578,-0.012108475401678753
l9sg3jdp2585_1,0.14801994757684364,-0.04143802108390057,-0.21480434668683632,6.0,-0.03135868722739635,-0.0348952768553224
5umkinfvrwcc_1,0.1480199475768436,-0.020661700762173867,-0.30429719519607396,5.0,-0.3047672414912578,-0.1204265474681655
c4bdro822vx5_1,0.14801994757684364,0.16607616794549826,-0.3872024692105903,13.0,1.8825011926196338,0.45234870973284635
wu8wv7jwolkb_1,0.09645679723394128,0.06586205593601833,-0.5300629810186503,11.0,1.3356840840919109,0.24198498906080504
ar7p32wtt1lv_1,-0.05823265379476586,0.3508937314343286,-0.051163100228765336,5.0,-0.3047672414912578,-0.015817316020115095
pdff8xeh7s27_1,-0.18198421461773168,-0.41899231122883496,-0.9282337967683463,8.0,0.5154584213003266,-0.2534379753286466
pi85glpnm5jh_1,0.04489364689103877,-0.4688654596215928,0.9739947583089673,5.0,-0.3047672414912578,0.06131392602178887
86vaal8zynah_1,0.7152146013487699,0.07451874265633604,0.8978458260901026,3.0,-0.8515843500189807,0.20899870501905696
6bf4pjalcksy_1,-0.0582326537947659,-0.06188766130948409,-0.25728666079368684,3.0,-0.8515843500189807,-0.3072478314792294
pztuk75bivze_1,0.09645679723394127,0.2984524111201033,-0.19712889213288698,3.0,-0.8515843500189807,-0.1634510084494558
c6nv9gdafx2l_1,0.48318042480570916,-0.02581579136305373,-0.6460193595312175,6.0,-0.03135868722739635,-0.0550033533289896
fa8qh5t294o8_1,-0.3676115558521802,-1.234102265376026,-2.1902139143588597,1.0,-1.3984014585467037,-1.2975822985334424
99pcouebu74x_1,1.3030345152578569,0.42447834354732644,0.9329749346224826,4.0,-0.5781757957551192,0.5205779994181368
0g46783i1hcz_1,0.869904052377477,-0.3538724070131158,0.49728765842320766,3.0,-0.8515843500189807,0.040433738442147066
u4s0qsob1tjs_1,0.6378698758344163,-0.173819215901409,-0.8664393507042643,6.0,-0.03135868722739635,-0.10843684449966332
jkeyu4i7qied_1,-0.21292210482347307,-0.14736491341713617,-0.36814638106945313,7.0,0.2420498670364651,-0.12159588306839933
q1tv6k8ua7vb_1,-0.05823265379476594,-0.31103836708176763,-0.2871810548291044,4.0,-0.5781757957551192,-0.3086569678651893
p1eb3ilv0knu_1,-0.2129221048234731,1.0218086795117585,-0.7175234243001608,3.0,-0.8515843500189807,-0.19005529990771403
jt7j5sd8v6tb_1,-0.4519876200496569,0.48160139740742924,-0.5168859506260132,9.0,0.788866975564188,0.0753987005739868
hf516jk4la5b_1,0.14801994757684359,-0.8772633519220384,0.4306819836633842,3.0,-0.8515843500189807,-0.28753644267519785
cvucbm7z241b_1,0.11855529023804225,0.3694818696734991,0.18472245452289646,5.0,-0.3047672414912578,0.091998093235795
0y8ah0wzu7p6_1,-0.3676115558521802,-0.3709735977491869,0.40468109823078563,2.0,-1.1249929042828422,-0.3647242399133559
g5q0t3bta2bq_1,-0.025666453578195917,-0.34957243157701123,-0.09198553678841469,17.0,2.9761354096750794,0.6272277469328644
qfnndk3bf4jx_1,0.0242683867538779,0.09468342275910052,-0.5645945590490412,14.0,2.1559097468834953,0.4275667493368581
v28qlwosnznn_1,0.7152146013487699,0.4019697498653384,0.32398394349238463,3.0,-0.8515843500189807,0.14739598617187807
d4h99xg192t6_1,-0.13557737930911948,0.04571723850037457,1.100533725550794,7.0,0.2420498670364651,0.31318086294462855
hqv8kfbmsfsa_1,0.09645679723394127,-0.05688882138838912,-2.085846110875836,2.0,-1.1249929042828422,-0.7928177598282815
91uipy4qhti9_1,0.14801994757684364,0.5788364151020009,0.4739820940136538,5.0,-0.3047672414912578,0.22401780380031014
5jm8lmm130ak_1,0.25114624826264836,0.09931455348389652,-0.159013256512788,8.0,0.5154584213003266,0.17672649163352086
bhxxpsgq9eyw_1,-0.16135895448057067,-0.3157450183534968,0.43143552628511767,5.0,-0.3047672414912578,-0.0876089220100519
7veq8clhqdwx_1,0.09645679723394121,0.15967564701725961,-0.45611247372831276,2.0,-1.1249929042828422,-0.3312432334399885
d67hvgv1paq9_1,-0.29026683033782663,0.02942614481190451,0.9852980223945148,6.0,-0.03135868722739635,0.1732746624102991
kkh1foquuidd_1,0.1480199475768436,-0.3824088043219116,-0.3143834729994184,4.0,-0.5781757957551192,-0.2817370313749014
8u89yfrn6iok_1,-0.30573577544069735,0.1104734006748802,-0.30990328468483164,9.0,0.788866975564188,0.0709253290283848
imj0e771mman_1,0.14801994757684367,0.540252051614504,-0.680213553637714,2.0,-1.1249929042828422,-0.2792336146823021
93anow4veuqu_1,-0.05823265379476593,-0.26615579350991436,0.0481287873979013,3.0,-0.8515843500189807,-0.28196100248143996
ogs9ieck1frq_1,0.20694926225444643,0.023137599949807464,0.22769584537207782,5.0,-0.3047672414912578,0.038253866521268484
z388d5z4fymm_1,-0.23502059782757406,-0.44072906035688025,0.06036400750658772,6.0,-0.03135868722739635,-0.16168608447631572
1q1z7piz49za_1,0.1480199475768437,-0.3418197201755531,-0.2360477043245831,4.0,-0.5781757957551192,-0.25200581816960294
039d40evjkg6_1,-0.4449562813665338,0.1514339453667026,-0.036006248393168294,7.0,0.2420498670364651,-0.021869679339133606
e9gtoq56l7f7_1,0.14801994757684364,0.048243992879230424,0.6172666471512346,11.0,1.3356840840919109,0.5373036679248049
etwdldogi8jg_1,-0.05823265379476592,-0.4016790867315656,0.8022915297855387,4.0,-0.5781757957551192,-0.05894900162397801
hnjkysyb1e6y_1,0.2167708147007135,-0.2171872316404613,0.08579774162965026,7.0,0.2420498670364651,0.0818577979315919
wq9pp7ffyhsq_1,-0.6769904579095946,0.4661682010941435,-1.040995631137095,1.0,-1.3984014585467037,-0.6625548366248124
so613bcxr66j_1,0.2329474893180946,-0.2474941259125344,0.6257298223300739,16.0,2.702726855411218,0.828477510286713
sdupg1id2wbw_1,0.030161318221638193,-0.16729947971293094,0.22928351871166602,6.0,-0.03135868722739635,0.015196667498244235
1uqrsi16agpq_1,-0.2832354916547035,-0.43204683103987646,0.4075072082987385,10.0,1.0622755298280495,0.18862510385805203
xasfeoa6ph3w_1,-0.5223010068808873,0.9224380135809231,-0.60667921535385,3.0,-0.8515843500189807,-0.2645316396681987
yyuvh6wdo2yo_1,-0.41180854186038224,0.18480497370164967,-1.028716716564547,6.0,-0.03135868722739635,-0.32176974298766897
iygdqwnrh5l7_1,-0.21292210482347307,-0.40435606305884597,0.19230412436236544,3.0,-0.8515843500189807,-0.3191395983847336
f3kkba560heh_1,-0.29621642460816167,-0.06337515172150919,0.12946647241313983,12.0,1.6090926383557724,0.34474188360981034
nczptcxlg944_1,-0.05823265379476592,-1.220089108854261,0.58602500043984,1.0,-1.3984014585467037,-0.5226745551889727
m5dfshb9vuf7_1,-0.2644852551663755,-0.1806574861428766,0.9637014322325199,11.0,1.3356840840919109,0.46356069375379466
15250ldvnl40_1,0.45133259665273995,-0.3185227621167172,0.16170284395204032,13.0,1.8825011926196338,0.5442534677769242
qrsrk4goz3vh_1,0.2167708147007135,-0.4739982559514908,0.19469486291317273,8.0,0.5154584213003266,0.1132314607406805
eumnde405cl7_1,-0.5223010068808874,0.5909139744003439,-0.4798222950931442,7.0,0.2420498670364651,-0.04228986513430567
832dgj88hdpu_1,0.5605251503200628,-0.20932503303943192,-0.10921884906129736,6.0,-0.03135868722739635,0.05265564524798428
k8h42qzwmcak_1,0.2511462482626485,0.17445447594248242,0.07475014882304988,5.0,-0.3047672414912578,0.04889590788423076
48bgptv3uc5r_1,0.17975111701862972,-0.16661162915830408,-0.12685763347806886,12.0,1.6090926383557724,0.3738436231845073
fseoe2vexf4a_1,-0.1819842146177316,-1.0592696452398145,0.7985367592584229,4.0,-0.5781757957551192,-0.2552232240885606
tyc4jone9jtw_1,-0.2644852551663755,-0.6058311435690494,-2.4057094433520625,1.0,-1.3984014585467037,-1.1686068251585477
2zinauuki2xw_1,-0.4294873362636631,-0.4030049646025769,0.1291143365338609,4.0,-0.5781757957551192,-0.32038844002187455
ce0uoiy85231_1,-0.5885964858931905,-0.05352031072077977,-0.13968603716896774,6.0,-0.03135868722739635,-0.20329038025258359
0upv7c2e5klh_1,-0.23502059782757412,-0.01838426310247002,-0.4276799356525873,5.0,-0.3047672414912578,-0.2464630095184723
m8z30bkv3zod_1,0.31302202867413126,0.4635640150871332,-0.35189017844783316,3.0,-0.8515843500189807,-0.10672212117638737
mnmcltvuimub_1,-0.3234145698439782,0.020743521575096617,0.6523205468955806,12.0,1.6090926383557724,0.4896855342456179
vbm0hssjhl6f_1,-0.45600552786858434,-0.6836159181694589,-0.2556699305773526,13.0,1.8825011926196338,0.12180245400105949
4s9edvacwjmd_1,0.2953432342708505,0.18866936009293572,0.7076476707759165,10.0,1.0622755298280495,0.5634839487419381
psflahllhzud_1,0.06551890702819978,-0.11893702634458354,0.7331171336534663,4.0,-0.5781757957551192,0.025380804645490834
i8vntfwqv17i_1,-0.05823265379476591,-0.15612540666819952,-0.45473773132008427,5.0,-0.3047672414912578,-0.24346575831857686
epug6wuot6ns_1,-0.058232653794765915,-0.8535484128757047,-0.652861169493086,5.0,-0.3047672414912578,-0.4673523694137036
zofm722cvj1k_1,-0.05823265379476594,0.4748557413088801,-0.5205306709742231,1.0,-1.3984014585467037,-0.37557726050170315
zgtrcecvauk4_2,0.0242683867538779,-0.06542244355236426,-0.37043717110464436,14.0,2.1559097468834953,0.4360796297450912
hjr8vpd7fapz_2,-0.26448525516637544,0.46265533019482447,0.43100110159897814,5.0,-0.3047672414912578,0.08110098378404235
xbnmcc5pxceu_2,-0.3057357754406974,-0.22750373547450575,0.15322325031103698,4.0,-0.5781757957551192,-0.23954801408982135
3kofmh9dg9xx_2,-0.36761155585218025,-0.4466555186412619,-0.06671104902733274,3.0,-0.8515843500189807,-0.4331406183849389
f8jryrdfkdx2_2,0.18927046785116558,-0.9176676582225813,-0.9599914284586581,2.0,-1.1249929042828422,-0.7033453807782291
nbd4iho7n72m_2,-0.3676115558521802,-0.6692947394189764,-1.0099102639747135,3.0,-0.8515843500189807,-0.7246002273162127
63szpj5u8o2i_2,-0.05823265379476591,1.219507741363062,-1.4902766448379028,2.0,-1.1249929042828422,-0.36349861538811223
ia9y1d0x3x7t_2,0.3748978090856142,-0.11305242359015036,-0.060102051787300034,9.0,0.788866975564188,0.24765257731808799
mtmb7nh1k07f_2,-0.26448525516637544,0.9214937053012039,0.19780929990425597,2.0,-1.1249929042828422,-0.06754378856093943
hr053hyuwem6_2,-0.05823265379476594,0.09161355958423363,-0.37733160552969486,4.0,-0.5781757957551192,-0.2305316238738366
6wx67twfnuox_2,-0.18198421461773165,0.15193638825174202,0.3320374743072881,3.0,-0.8515843500189807,-0.13739867551942056
656xmu29mv16_2,0.09645679723394127,-0.13733263691414943,-0.2984711092220612,7.0,0.2420498670364651,-0.02432427046645106
h05dt9u04ag6_2,-0.36761155585218025,-0.3733531078956663,-0.4101757393680042,5.0,-0.3047672414912578,-0.3639769111517771
aqgoay2w4h2m_2,-0.006669503451863522,0.3441671974167669,0.3748190837757021,10.0,1.0622755298280495,0.44364807689216373
barb4qdxq6t1_2,0.4721311783036587,0.8046502244532842,0.3290427188081915,4.0,-0.5781757957551192,0.25691208145250377
3y4g82qrfzgu_2,0.8257070663692748,0.17065552139369436,0.5055445144672116,6.0,-0.03135868722739635,0.36763710375069614
rzv8pux6l1g8_2,0.3542725489484531,0.5358735599775084,0.5989725467579727,2.0,-1.1249929042828422,0.09103143785027301
u27jmgu8s0ev_2,-0.058232653794765915,0.3647576582782598,-0.13287207375060786,7.0,0.2420498670364651,0.10392569944233777
3n6trc3kljyo_2,0.38373720628725455,-0.40094572670586937,0.01841691084205937,5.0,-0.3047672414912578,-0.0758897127669533
sprnfuwnq7ac_2,0.14801994757684364,-0.39592896639443037,-0.10266351431283038,5.0,-0.3047672414912578,-0.16383494365541873
pia8uidyh0xh_2,-0.5532388970866289,0.27080718110148594,-0.214321527276158,4.0,-0.5781757957551192,-0.26873225975410503
ed8h9v6yer07_2,-0.599645732395241,0.24641880813752964,-0.05920700791607676,6.0,-0.03135868722739635,-0.1109481548502961
xh3pjt4r5nf2_2,-0.05823265379476594,0.9242711934590501,0.486179395468567,5.0,-0.3047672414912578,0.26186267341039837
hf2atxzwe00u_2,-0.3676115558521802,-0.37878597973159944,0.09855857413178121,2.0,-1.1249929042828422,-0.44320796643371013
iat3flfmgzl6_2,0.06551890702819982,0.28431315269252855,0.239040220164366,4.0,-0.5781757957551192,0.002674121032493787
pfi2dt661qbd_2,-0.0582326537947659,-0.26013186385439097,0.4305811526850315,7.0,0.2420498670364651,0.08856662551808495
6i5ue4jm9v39_2,0.030161318221638183,-0.4233084464568993,0.4898599421409643,12.0,1.6090926383557724,0.4264513630653689
y84228e2pmvp_2,-0.26448525516637544,0.4228347617667698,-2.2795614038126053,2.0,-1.1249929042828422,-0.8115512003737633
j4zhqovyxicy_2,0.18927046785116552,-0.026026264243695436,-0.5451847045795979,14.0,2.1559097468834953,0.44349231147784185
u498l95or7np_2,-0.2350205978275741,-0.2077667601095373,0.3956193732881816,6.0,-0.03135868722739635,-0.019631667969081536
7wua7gopt4k8_2,0.030161318221638162,0.759765571526789,-0.8463625024364371,6.0,-0.03135868722739635,-0.02194857497885156
9pa7mfd4rubz_2,-0.21292210482347307,0.05047956631091796,0.5784840699606344,3.0,-0.8515843500189807,-0.10888570464272534
hl0jpyfe02sw_2,0.5605251503200627,0.09097357329165279,0.3765579203968032,6.0,-0.03135868722739635,0.24917448919528057
eeukrcggxx3o_2,-0.05823265379476593,-0.4464488469740427,-0.7807639025279934,6.0,-0.03135868722739635,-0.32920102263104956
j2x2vhg83u9h_2,0.2305209881254875,-0.02547394183224155,0.5032401734428111,13.0,1.8825011926196338,0.6476971030889227
p5u9r9m1uh0b_2,-0.26448525516637544,0.09062756387442834,0.4650351977183257,17.0,2.9761354096750794,0.8168282290253644
bq16gvcq7u48_2,-0.26448525516637544,0.2247350062740438,-0.548116870065372,8.0,0.5154584213003266,-0.018102174414344252
agge90qqyjhj_2,0.07926908045297383,0.10685524005105397,-0.5918253722501218,8.0,0.5154584213003266,0.027439342388558163
5o9ptvrbynfu_2,-1.0482451403784918,-0.5937132240822797,-0.32837848715294254,4.0,-0.5781757957551192,-0.6371281618422083
tue9ikgul5zq_2,-0.05823265379476592,0.1413971454525649,-0.10550841375868575,9.0,0.788866975564188,0.19163076336582532
umuss3ln1x8v_2,-0.05823265379476594,-0.5399245438078274,0.7579194526720573,3.0,-0.8515843500189807,-0.17295552373737919
0qxabjy7ujod_2,0.18927046785116552,-0.12134086933231507,-0.678337358330086,4.0,-0.5781757957551192,-0.29714588889158866
kwt35vcdmbod_2,-0.7653844299259986,-0.17393929445805223,0.39440955234049685,6.0,-0.03135868722739635,-0.14406821481773757
00x2emqtotyd_2,-0.1613589544805707,0.029233004634582668,0.40332365149403343,5.0,-0.3047672414912578,-0.008392384960803093
dvornclgd0aq_2,-0.2536298550941855,0.1689138133441358,-0.06483054533465034,15.0,2.4293183011473567,0.5699429285156642
siggsyvh7xo1_2,-0.26448525516637544,-0.12823491577607524,0.6132061563755027,4.0,-0.5781757957551192,-0.08942245258051681
vi9q7fothzy9_2,-0.47073785653798494,0.17555454429792464,-0.5199171539001594,5.0,-0.3047672414912578,-0.2799669269078694
wolvnbj3iu83_2,0.29534323427085046,0.09098151583534908,0.9791708183677851,6.0,-0.03135868722739635,0.3335342203116471
wkys7wy9il7c_2,-0.18198421461773165,-0.21755350458402506,0.10552664853780476,4.0,-0.5781757957551192,-0.21804671660476782
mwmkmapelpgo_2,-0.05823265379476589,-1.1906484666990123,0.06549343902130284,1.0,-1.3984014585467037,-0.6454472850047948
qazygyn8c297_2,-0.3676115558521802,-0.21453626625860814,1.036034500969211,5.0,-0.3047672414912578,0.037279859341791205
0264ddif97z6_2,-0.10979580413766832,0.3752664570286635,0.7125912326668171,11.0,1.3356840840919109,0.5784364924124308
lbt3alhiu1f0_2,-0.5223010068808874,0.19557876662642723,0.9145521178600687,6.0,-0.03135868722739635,0.13911779759455306
48910ns9ag9c_2,-0.058232653794765915,0.0911543109434745,-0.025473606482082408,10.0,1.0622755298280495,0.2674308951236689
749d7d4z0hj1_2,0.5605251503200629,-0.2256589302346827,0.30830462832110633,6.0,-0.03135868722739635,0.15295304029477255
96nxhlo4yz55_2,0.2230208935301562,0.5874656168144358,-0.7914216443627407,9.0,0.788866975564188,0.20198296038650984
tbd6qkgwwv0w_2,-0.0019819443297814125,0.022040397573415783,-0.057035662829642335,10.0,1.0622755298280495,0.2563245800605104
8508djccbx01_2,1.1792829544348913,-1.1370781103451275,1.037577856478501,1.0,-1.3984014585467037,-0.07965468949460974
90z2wrbrs8i0_2,-0.05823265379476591,-0.08429124026534054,-0.8063094042295914,11.0,1.3356840840919109,0.09671269645055325
2z9m6xr38h4r_2,-0.6769904579095947,-0.06517318579366364,0.5957370269078717,9.0,0.788866975564188,0.16061008969220036
a3nfmupku2aj_2,0.2069492622544463,-0.08133098096800152,0.04940907354878193,6.0,-0.03135868722739635,0.035917166901957585
1p4bgxq1r154_2,-0.16135895448057072,0.6941827722593933,0.08705128565726361,5.0,-0.3047672414912578,0.0787769654862071
zufbg4rjsv9g_2,-0.4294873362636631,-0.48710235628764337,0.732871779800646,3.0,-0.8515843500189807,-0.2588255656924103
d6q2d70c8zy8_2,-0.3676115558521802,-0.11325710612438382,-0.13083830267936578,5.0,-0.3047672414912578,-0.2291185515367969
q2bgh6j5xiex_2,-0.058232653794765894,0.3684698979809852,-0.45801469185914523,6.0,-0.03135868722739635,-0.04478403372508057
7eanb1cab53p_2,-0.058232653794765915,-0.13375836241502945,0.6919296763051648,3.0,-0.8515843500189807,-0.08791142248090282
qmkqt2gdyxmf_2,0.40583569929135554,0.33937467797181553,-0.3144235903296365,5.0,-0.3047672414912578,0.031504886360569195
utw51njlxqxq_2,0.4831804248057091,-0.10894457187272111,-0.8310122699681253,7.0,0.2420498670364651,-0.05368163749966804
l9sg3jdp2585_2,0.2511462482626484,0.039736289722959395,0.6289014511736495,7.0,0.2420498670364651,0.2904584640489306
5umkinfvrwcc_2,-0.18198421461773165,-0.07643042646545022,-0.3535871309150228,4.0,-0.5781757957551192,-0.297544391938331
c4bdro822vx5_2,-0.1355773793091195,0.1944952113781513,0.5803165506092587,7.0,0.2420498670364651,0.2203210624286889
wu8wv7jwolkb_2,-0.02183513590565834,-0.01406880148654002,-0.2193115012845246,16.0,2.702726855411218,0.6118778541836237
ar7p32wtt1lv_2,0.3542725489484532,0.16900029406888728,0.23644543289548134,5.0,-0.3047672414912578,0.11373775860539104
pdff8xeh7s27_2,0.11855529023804227,-0.14247541646370065,-1.3268365054784261,6.0,-0.03135868722739635,-0.3455288297328702
pi85glpnm5jh_2,0.3542725489484531,0.28288918692468346,0.5781372264733092,2.0,-1.1249929042828422,0.022576514515900925
86vaal8zynah_2,0.5605251503200628,0.057694698258464044,0.7414448440670504,3.0,-0.8515843500189807,0.12702008565664916
6bf4pjalcksy_2,0.40583569929135554,0.6302318610712292,-0.01724939832096914,2.0,-1.1249929042828422,-0.026543685560306618
pztuk75bivze_2,0.16275227624624433,0.33082786212390874,-0.37868487127482603,13.0,1.8825011926196338,0.49934911492874023
c6nv9gdafx2l_2,0.04489364689103886,-0.25276441119071513,-0.9284535308463363,5.0,-0.3047672414912578,-0.3602728841593176
fa8qh5t294o8_2,-0.9863693599670089,-0.5481442581659353,-0.998357181881534,3.0,-0.8515843500189807,-0.8461137875083647
99pcouebu74x_2,-0.5223010068808873,-0.5252289122324827,0.23016706003521842,3.0,-0.8515843500189807,-0.41723680227428306
0g46783i1hcz_2,-0.4294873362636631,0.19629518133134663,0.6803986073965351,2.0,-1.1249929042828422,-0.16944661295465588
u4s0qsob1tjs_2,-0.3057357754406973,0.24213462445645995,0.15467849355186836,4.0,-0.5781757957551192,-0.12177461329687206
jkeyu4i7qied_2,0.17380152274829486,0.29973134278819746,0.3730879892557259,9.0,0.788866975564188,0.40887195758910155
q1tv6k8ua7vb_2,-0.3676115558521802,-0.3322086830213993,0.06228728272409587,5.0,-0.3047672414912578,-0.23557504941018534
p1eb3ilv0knu_2,-0.2129221048234731,0.5139870162992847,0.12391857493659378,3.0,-0.8515843500189807,-0.10665021590164384
jt7j5sd8v6tb_2,-0.33948620111968797,-0.7989929472756515,0.23208125420395537,6.0,-0.03135868722739635,-0.23443914535469507
hf516jk4la5b_2,-0.23502059782757412,0.10337642784369258,0.7060937492828403,5.0,-0.3047672414912578,0.06742058445192525
cvucbm7z241b_2,0.31302202867413137,0.8133864799857612,-0.3700938288498893,4.0,-0.5781757957551192,0.044534721013720996
0y8ah0wzu7p6_2,-0.6769904579095946,0.883940234909196,0.005335117333165791,2.0,-1.1249929042828422,-0.2281770024875187
g5q0t3bta2bq_2,-0.05823265379476588,0.07728881879533032,-0.5197631695215056,12.0,1.6090926383557724,0.2770964084587078
qfnndk3bf4jx_2,-0.22698478218971915,-0.0648354761047432,-0.7217034866958173,10.0,1.0622755298280495,0.012187946209442468
v28qlwosnznn_2,0.8699040523774771,0.3917818178348209,0.0842585998866489,3.0,-0.8515843500189807,0.12359003001999161
d4h99xg192t6_2,0.3130220286741313,-0.751495470739862,1.0736202747959798,4.0,-0.5781757957551192,0.01424275924378246
hqv8kfbmsfsa_2,-0.21292210482347307,-0.3763891552455985,-0.4638688543232877,3.0,-0.8515843500189807,-0.47619111610283504
91uipy4qhti9_2,-0.5394887236618549,-0.48084514434095316,0.984764717126771,6.0,-0.03135868722739635,-0.016731959525858327
5jm8lmm130ak_2,0.12739468743968269,0.22671840210318503,0.2822887444377852,8.0,0.5154584213003266,0.2879650638202449
bhxxpsgq9eyw_2,-0.18198421461773165,0.7774609187483217,-0.21177397272881365,3.0,-0.8515843500189807,-0.11697040465430107
7veq8clhqdwx_2,-0.3057357754406974,-0.7423797396242114,-0.46848886326029626,4.0,-0.5781757957551192,-0.5236950435200811
d67hvgv1paq9_2,-0.41180854186038235,-0.08753821586657272,0.7654594381163223,6.0,-0.03135868722739635,0.058688498290492726
kkh1foquuidd_2,-0.16135895448057072,-0.21365056846690922,-0.03905732584329872,5.0,-0.3047672414912578,-0.17970852257050912
8u89yfrn6iok_2,0.3130220286741313,0.2800554223258837,0.1727730508892738,2.0,-1.1249929042828422,-0.08978560059838836
imj0e771mman_2,0.5605251503200628,0.2795948130579879,0.5274543079146167,1.0,-1.3984014585467037,-0.007706796813509109
93anow4veuqu_2,-0.2129221048234731,-0.0937659444625798,-1.299544083510872,3.0,-0.8515843500189807,-0.6144541207039764
ogs9ieck1frq_2,-0.18198421461773162,0.3718634838262259,-0.2824243266227635,4.0,-0.5781757957551192,-0.1676802132923471
1q1z7piz49za_2,-0.26448525516637544,-0.01967397393921429,-0.20857181599327265,2.0,-1.1249929042828422,-0.40443098734542615
039d40evjkg6_2,-0.2644852551663755,0.3001428951329847,-0.1667061800730434,5.0,-0.3047672414912578,-0.10895394539942299
e9gtoq56l7f7_2,0.7667777516916723,-0.2811369537205325,0.7720985161449672,8.0,0.5154584213003266,0.44329943385410836
etwdldogi8jg_2,0.3542725489484531,-0.16181369771419807,0.04581588606904704,5.0,-0.3047672414912578,-0.01662312604698892
hnjkysyb1e6y_2,0.16677018406517174,0.37512785529763604,-0.3434392411614772,10.0,1.0622755298280495,0.31518358200734503
wq9pp7ffyhsq_2,-0.2644852551663755,1.0686129321058873,-1.755289253552701,2.0,-1.1249929042828422,-0.5190386202240078
so613bcxr66j_2,0.06551890702819982,0.11906502431031915,1.0372526459874787,4.0,-0.5781757957551192,0.1609151953927196
sdupg1id2wbw_2,-0.2438599950292145,-0.039495383221614645,0.02894530471341004,9.0,0.788866975564188,0.13361422550669225
1uqrsi16agpq_2,-0.23502059782757406,-0.2642602495696335,0.7231516707160888,6.0,-0.03135868722739635,0.04812803402287121
xasfeoa6ph3w_2,0.2511462482626484,-0.0717648104483016,-0.07719696749283472,3.0,-0.8515843500189807,-0.18734996992436714
yyuvh6wdo2yo_2,-0.18198421461773165,-0.4571100906015129,-0.1821233990605598,4.0,-0.5781757957551192,-0.3498483750087309
iygdqwnrh5l7_2,-0.05823265379476589,0.3289337885872957,-0.7882047768841299,1.0,-1.3984014585467037,-0.47897627515957597
f3kkba560heh_2,-0.5738641572237898,0.5276719706427994,-0.13073307631983003,11.0,1.3356840840919109,0.2896897052977726
nczptcxlg944_2,-0.6769904579095946,0.7898352873037056,0.41839366363200564,1.0,-1.3984014585467037,-0.21679074138014676
m5dfshb9vuf7_2,0.14801994757684367,-0.000443529339236474,0.7049311628451214,12.0,1.6090926383557724,0.6154000548596252
15250ldvnl40_2,0.25114624826264836,0.43313140364587666,0.47029345822351204,11.0,1.3356840840919109,0.622563798555987
qrsrk4goz3vh_2,0.12739468743968274,-0.06454785802796788,0.279091611196245,9.0,0.788866975564188,0.282701354043037
eumnde405cl7_2,0.32849097377700204,-0.547573530005716,-0.8842606092765523,6.0,-0.03135868722739635,-0.2836754631831656
832dgj88hdpu_2,0.42302341607232297,0.00039071863486106473,0.191593681174418,8.0,0.5154584213003266,0.28261655929548213
k8h42qzwmcak_2,0.044893646891038884,-1.043671971847426,-0.34877595956613217,5.0,-0.3047672414912578,-0.4130803815034443
48bgptv3uc5r_2,0.33552231246012504,0.44427366119503575,-0.49605489985084367,9.0,0.788866975564188,0.26815201234212627
fseoe2vexf4a_2,0.2511462482626484,-0.39182822167748427,1.1031983987495675,8.0,0.5154584213003266,0.36949371165876455
tyc4jone9jtw_2,-0.14662662581117,0.22444349942204805,-0.03106440331829639,6.0,-0.03135868722739635,0.0038484457662963274
2zinauuki2xw_2,0.14801994757684364,0.042932003722158774,-0.37485493171330486,8.0,0.5154584213003266,0.08288886022150604
ce0uoiy85231_2,-0.22698478218971915,-0.6601613765049011,0.022137969778146846,10.0,1.0622755298280495,0.04931683522789401
0upv7c2e5klh_2,0.3542725489484531,0.49550348158464863,0.46554677269067996,4.0,-0.5781757957551192,0.1842867518671656
m8z30bkv3zod_2,0.9317798327889598,0.24161499368012151,-0.42820087570591364,4.0,-0.5781757957551192,0.04175453875201207
mnmcltvuimub_2,-0.05823265379476594,0.2202263373996708,0.7075913443827403,5.0,-0.3047672414912578,0.14120444662409684
vbm0hssjhl6f_2,-0.23502059782757406,-1.1051383963608548,0.6519855424691741,6.0,-0.03135868722739635,-0.17988303473666278
4s9edvacwjmd_2,-0.599645732395241,0.2799303631726074,0.8925241672654822,7.0,0.2420498670364651,0.20371466626982845
psflahllhzud_2,0.8080282719659942,0.2018984288216834,0.6726393591966399,3.0,-0.8515843500189807,0.2077454274913342
i8vntfwqv17i_2,-0.470737856537985,0.5483615172961307,-0.37592467940782964,2.0,-1.1249929042828422,-0.3558234807331315
epug6wuot6ns_2,0.030161318221638193,0.37036399331466174,0.12939307424179908,6.0,-0.03135868722739635,0.12463992463767568
zofm722cvj1k_2,1.4886618564923058,-0.9309205194041013,-1.0039452427268687,1.0,-1.3984014585467037,-0.461151341046342
