ID,sc_F_elaboration_z,sc_F_elaboration_raw,sc_F_flexibility_z,sc_F_flexibility_raw,sc_F_originality_z,sc_F_originality_raw,sc_F_fluency_raw,sc_F_fluency_z,sc_F_creativity_score
zgtrcecvauk4_1,0.059929915107261755,3.5,0.34549336883171966,0.8437274828400338,-0.8153438591695493,0.8995175153046906,3.0,-0.3786980641383037,-0.19715465984221792
hjr8vpd7fapz_1,-1.2586871825445574,1.0,0.6693177262170528,0.8899533848867591,0.6219389534075196,0.983778774556831,3.0,-0.3786980641383037,-0.08653214176457218
xbnmcc5pxceu_1,-0.09830413661095654,3.2,-0.09283450198168315,0.7811562130807944,-0.08445570739277937,0.9423661151086196,2.0,-0.7628254912033214,-0.25960495929718513
3kofmh9dg9xx_1,0.19179162487244367,3.75,-0.09573315048301012,0.7807424312307442,-1.0678751217626037,0.8847127726330162,3.0,-0.3786980641383037,-0.3376286778778685
f8jryrdfkdx2_1,0.12586076998985274,3.625,-0.15577407751938177,0.7721715935260458,-0.15053752934685402,0.9384920428085811,5.0,0.3895567899917318,0.05227648827883719
nbd4iho7n72m_1,0.21816396682548,3.8,-0.8150684895544653,0.6780573670460971,-0.24073262472218468,0.9332043205536511,4.0,0.00542936292671407,-0.208051946131114
63szpj5u8o2i_1,-0.20379350442310207,3.0,0.572956368495274,0.87619780850238,0.5162941383566835,0.9775853065269156,1.0,-1.1469529182683391,-0.06537397895987093
ia9y1d0x3x7t_1,-0.46751692395346583,2.5,-0.4200861423439071,0.7344410666533948,-1.4495852161604497,0.8623348711220767,1.0,-1.1469529182683391,-0.8710353001815405
1ply70vxn292_1,-0.011994653855564702,3.3636363636363638,0.6712918863220192,0.8902351960895161,-1.6379072354187605,0.8512944201066227,10.0,2.3101939253168204,0.33289598059112857
mtmb7nh1k07f_1,0.14783772161738304,3.6666666666666665,-1.1349360074154042,0.6323963035363679,0.08245309686823954,0.9521512081357083,2.0,-0.7628254912033214,-0.41686767003327574
hr053hyuwem6_1,-0.33565521418828403,2.75,0.26077537405460377,0.831633995618188,-0.48548341348215807,0.918855711161396,7.0,1.1578116441217674,0.14936209762648228
6wx67twfnuox_1,0.6752845606781106,4.666666666666667,-0.07429608868524112,0.7838025701493683,0.49085799771186006,0.976094102970808,2.0,-0.7628254912033214,0.08225524462535205
656xmu29mv16_1,0.14783772161738304,3.6666666666666665,0.3157752707088771,0.8394852266245546,-1.784400827649543,0.8427061767590223,2.0,-0.7628254912033214,-0.5209033316316511
h05dt9u04ag6_1,-0.27914305286034885,2.857142857142857,0.47989523939218687,0.8629133394988394,0.16596659680069942,0.9570472192806861,4.0,0.00542936292671407,0.09303703656481288
aqgoay2w4h2m_1,-0.3544926012975957,2.7142857142857144,-0.049242218080214464,0.7873790082463367,0.40675002579569935,0.9711632406764956,5.0,0.3895567899917318,0.09814299910240526
barb4qdxq6t1_1,0.24830378620037877,3.857142857142857,0.007727378771616079,0.7955114138040215,-0.6046733349549848,0.9118681560430983,6.0,0.7736842170567496,0.10626051176843992
3y4g82qrfzgu_1,-0.20379350442310204,3.0,-0.29551859262639407,0.7522230747701912,0.9026891522924843,1.000237863252757,6.0,0.7736842170567496,0.29426531807493445
rzv8pux6l1g8_1,2.433440690880536,8.0,-0.5103373766069194,0.7215577099216045,-0.9861003796786832,0.8895068484284789,2.0,-0.7628254912033214,0.043544360847903
u27jmgu8s0ev_1,0.2483037862003788,3.857142857142857,0.12027783171749504,0.811577982283303,0.2755640171693615,0.9634724103218922,4.0,0.00542936292671407,0.16239374950348734
3n6trc3kljyo_1,0.015976011852201117,3.4166666666666665,0.06254707116667604,0.8033369206662808,0.5898525500478006,0.9818976967840339,11.0,2.6943213523818383,0.8406742463621291
sprnfuwnq7ac_1,-0.09830413661095658,3.2,0.41011595998643047,0.8529523527443338,0.6622835445399717,0.9861439917730154,4.0,0.00542936292671407,0.2448811827105399
pia8uidyh0xh_1,-0.37960911744334463,2.6666666666666665,0.5432377990887484,0.8719554850111915,-0.504406988082645,0.9177463093015561,2.0,-0.7628254912033214,-0.27590094941014065
ed8h9v6yer07_1,0.059929915107261755,3.5,0.032679593556059316,0.7990733405404404,0.10608390805960459,0.9535365735562852,3.0,-0.3786980641383037,-0.04500116185384451
xh3pjt4r5nf2_1,0.11267459901333457,3.6,-0.0679789380408668,0.7847043429167384,0.21583061131862075,0.9599705163645174,3.0,-0.3786980641383037,-0.029542947961803803
hf2atxzwe00u_1,0.21816396682548006,3.8,-1.0031936564515431,0.6512025139778329,0.3218237940308507,0.9661844075829483,4.0,0.00542936292671407,-0.11444413316712458
iat3flfmgzl6_1,0.09760468932588516,3.5714285714285716,-0.4465651168804933,0.7306611950800858,-0.6068438450741732,0.9117409090501879,3.0,-0.3786980641383037,-0.33362558419177124
pfi2dt661qbd_1,0.09760468932588516,3.5714285714285716,-0.08639000757967998,0.7820761641597466,-0.6589827630892741,0.9086842448713969,6.0,0.7736842170567496,0.03147903392842019
6i5ue4jm9v39_1,0.14783772161738304,3.6666666666666665,-1.347468092060321,0.6020573648416123,-0.39689150450718663,0.9240494459952506,5.0,0.3895567899917318,-0.3017412712395982
y84228e2pmvp_1,-0.20379350442310207,3.0,0.5424905025615497,0.8718488084895578,0.34209126068616946,0.9673725956328465,3.0,-0.3786980641383037,0.07552254867157836
j4zhqovyxicy_1,0.059929915107261755,3.5,0.11540012441766856,0.8108816899423718,0.5841194226981593,0.9815615899818746,5.0,0.3895567899917318,0.28725156305370536
u498l95or7np_1,-0.4147722400473931,2.6,0.35368903894395287,0.8448974141165886,-0.12282511047180826,0.9401166940539039,4.0,0.00542936292671407,-0.04461973716213361
7wua7gopt4k8_1,0.007185231201188991,3.4,-0.20063103529201146,0.765768266262914,-0.8615306725601272,0.8968097955552586,9.0,1.9260664982518028,0.21777250540021326
9pa7mfd4rubz_1,0.9565895415104988,5.2,-0.019366400766001136,0.7916437788642224,-0.07418128343907529,0.9429684571757851,4.0,0.00542936292671407,0.2171178050580341
hl0jpyfe02sw_1,0.1917916248724437,3.75,0.5349493402121167,0.8707723081456736,-0.007323659859751683,0.946888011145333,8.0,1.541939071186785,0.5653390941028984
eeukrcggxx3o_1,0.2181639668254801,3.8,-0.0684962583072298,0.7846304954886056,-1.154871423790274,0.8796125808718781,4.0,0.00542936292671407,-0.2499435880863274
j2x2vhg83u9h_1,-0.027977891402859563,3.3333333333333335,-0.0535659042497228,0.7867618023790381,-0.47296934359413356,0.9195893533353002,14.0,3.8467036335768916,0.8230476235825439
p5u9r9m1uh0b_1,-0.37960911744334463,2.6666666666666665,-0.9903000668448869,0.653043072899961,0.630249812574338,0.984266001881012,2.0,-0.7628254912033214,-0.37562121572930374
bq16gvcq7u48_1,0.14783772161738304,3.6666666666666665,0.5243685031032176,0.8692618944642646,-0.02407970382633122,0.9459056816049299,3.0,-0.3786980641383037,0.06735711418899144
agge90qqyjhj_1,0.23574552812750427,3.8333333333333335,-0.7658247350966626,0.6850869091977723,-0.32971299086722333,0.9279878122683719,3.0,-0.3786980641383037,-0.30962256549367134
5o9ptvrbynfu_1,-0.20379350442310207,3.0,-0.5048619208705235,0.7223393308057637,0.3975786765977554,0.9706255667923459,4.0,0.00542936292671407,-0.07641184644228902
tue9ikgul5zq_1,-0.30928287223524764,2.8,-0.24033229968368053,0.7601009138323597,-0.3701850499178958,0.9256151221963173,9.0,1.9260664982518028,0.2515665691037447
umuss3ln1x8v_1,0.21816396682548006,3.8,-0.7114229012477334,0.6928527667847926,0.47037176827368177,0.9748930898683872,4.0,0.00542936292671407,-0.004364450805464386
0qxabjy7ujod_1,0.1917916248724437,3.75,0.3274097485536459,0.8411460474397631,0.41922333973092274,0.9718944935169472,6.0,0.7736842170567496,0.4280272325534405
kwt35vcdmbod_1,0.3236533346376256,4.0,-0.10772853924467757,0.7790300904099782,0.1778856608289668,0.9577459790065664,4.0,0.00542936292671407,0.09980995478715722
00x2emqtotyd_1,0.9097053780384342,5.111111111111111,-0.5126730856147094,0.7212242876408484,0.47213638963565757,0.9749965414763533,5.0,0.3895567899917318,0.3146813680127786
dvornclgd0aq_1,0.2357455281275043,3.8333333333333335,-0.22597719228423976,0.7621501043067105,0.21073353048650922,0.9596716980347736,5.0,0.3895567899917318,0.1525146640803764
siggsyvh7xo1_1,-0.4147722400473931,2.6,-0.42918272631649784,0.7331425299927434,0.6308699157745522,0.9843023556703004,1.0,-1.1469529182683391,-0.34000949221441945
vi9q7fothzy9_1,-0.20379350442310207,3.0,-0.9738527579665643,0.6553909249740928,0.116198477663686,0.9541295441005481,3.0,-0.3786980641383037,-0.36003646221607105
wolvnbj3iu83_1,-0.027977891402859518,3.3333333333333335,0.026372657630280665,0.798173025923362,0.5911961540370575,0.9819764660861366,2.0,-0.7628254912033214,-0.04330864273471069
wkys7wy9il7c_1,0.21816396682548006,3.8,0.09207049027243812,0.8075513864670836,-0.6160828711793263,0.9111992675812498,4.0,0.00542936292671407,-0.0751047627886735
mwmkmapelpgo_1,-0.5554247304635872,2.3333333333333335,0.6858628608764771,0.8923152015836,-0.10678836031916318,0.9410568547170309,2.0,-0.7628254912033214,-0.18479393027739868
qazygyn8c297_1,-0.30928287223524764,2.8,-0.0506156089307926,0.7871829568083186,0.04285901592451926,0.9498299898688126,4.0,0.00542936292671407,-0.07790252557870173
0264ddif97z6_1,-0.6433325369737083,2.1666666666666665,0.15612801496513812,0.8166955931775036,-0.6190490998981284,0.9110253712785257,5.0,0.3895567899917318,-0.17917420797874167
lbt3alhiu1f0_1,0.5346320702619167,4.4,0.024897615934997376,0.7979624638351007,-0.2864039631496825,0.9305268207227503,2.0,-0.7628254912033214,-0.12242494203902245
48910ns9ag9c_1,0.17295423776313193,3.7142857142857144,0.5669862253470191,0.8753455710283232,0.4208132500739383,0.9719877026240402,6.0,0.7736842170567496,0.48360948256020975
749d7d4z0hj1_1,-0.37960911744334463,2.6666666666666665,0.3816450850573691,0.8488881375435936,-0.8497499399689611,0.897500445547284,1.0,-1.1469529182683391,-0.4986667226558189
96nxhlo4yz55_1,0.16541928291940733,3.7,0.08930453478098725,0.8071565465339612,0.055081795387386036,0.9505465550291902,8.0,1.541939071186785,0.46293617106864143
tbd6qkgwwv0w_1,0.2650481302975447,3.888888888888889,0.3279561441705453,0.8412240453719431,0.23495193335551712,0.9610915112440885,4.0,0.00542936292671407,0.2083463926875803
8508djccbx01_1,-0.335655214188284,2.75,0.3725282529618136,0.8475867104649502,-0.7379134933465663,0.9040569003662151,1.0,-1.1469529182683391,-0.46199834321034394
90z2wrbrs8i0_1,-0.09830413661095652,3.2,0.4568002177555332,0.8596165269410594,-1.1343661765527098,0.8808147089001231,9.0,1.9260664982518028,0.28754910071091744
2z9m6xr38h4r_1,-0.1510488205170293,3.1,0.11259779940541077,0.8104816582629587,0.46602667991011615,0.974638357387158,9.0,1.9260664982518028,0.5884105392625751
a3nfmupku2aj_1,-0.09830413661095654,3.2,-0.0977208737317757,0.7804586838902557,0.05698052381580754,0.9506578687156525,4.0,0.00542936292671407,-0.03340378090005266
1p4bgxq1r154_1,0.4555150444028075,4.25,0.3192232695031524,0.839977428186563,0.009440675857504577,0.9478708267928178,3.0,-0.3786980641383037,0.10137023140629016
zufbg4rjsv9g_1,-0.1158856979129808,3.1666666666666665,-0.3678905516533688,0.7418919831996779,-0.35797671638886425,0.9263308404582519,5.0,0.3895567899917318,-0.11304904399087051
d6q2d70c8zy8_1,0.007185231201188991,3.4,-0.350595407272367,0.7443608637264407,0.4478990373744985,0.9735756173516148,4.0,0.00542936292671407,0.027479556057508635
q2bgh6j5xiex_1,-0.24774740767816264,2.9166666666666665,-0.15095480028013453,0.7728595449803349,0.8160221223324928,0.9951569751935879,10.0,2.3101939253168204,0.6818784599227541
7eanb1cab53p_1,-0.37960911744334463,2.6666666666666665,0.13587385433491841,0.8138043133093339,0.4033804215504177,0.9709656963279484,2.0,-0.7628254912033214,-0.1507950831903325
qmkqt2gdyxmf_1,-0.12844395598585526,3.142857142857143,0.2943052391521294,0.8364203812753787,-1.3263316404040655,0.869560659540113,1.0,-1.1469529182683391,-0.5768558188765326
utw51njlxqxq_1,0.25772247975503465,3.875,-0.5673854085762952,0.7134141077569384,0.6102120609449764,0.9830912809631126,4.0,0.00542936292671407,0.07649462376260749
l9sg3jdp2585_1,0.059929915107261776,3.5,0.27493896096344556,0.8336558465572738,-0.3295382410301134,0.9279980570449741,8.0,1.541939071186785,0.38681742655684476
5umkinfvrwcc_1,0.14783772161738304,3.6666666666666665,0.5698714354754479,0.8757574345516784,-0.07752569483386507,0.942772389767815,2.0,-0.7628254912033214,-0.030660507236088874
c4bdro822vx5_1,-0.07193179465792016,3.25,0.4629753661867068,0.8604980289034452,-0.2852712505683128,0.9305932264347241,7.0,1.1578116441217674,0.31589599127056034
wu8wv7jwolkb_1,0.3236533346376256,4.0,-0.582586458459812,0.7112441590582161,0.3390610185380228,0.9671949465181368,5.0,0.3895567899917318,0.11742117117689203
ar7p32wtt1lv_1,0.059929915107261755,3.5,-0.15405624439635818,0.7724168140718957,0.5118836934255468,0.9773267424917043,7.0,1.1578116441217674,0.39389225206455447
pdff8xeh7s27_1,0.19179162487244367,3.75,-0.10262589311837644,0.7797584927510436,0.05366725798183963,0.9504636272281983,3.0,-0.3786980641383037,-0.05896626860059921
pi85glpnm5jh_1,-0.027977891402859518,3.3333333333333335,0.7410249154259924,0.9001895806170084,0.23117513785366203,0.9608700951510696,2.0,-0.7628254912033214,0.045349167668368356
86vaal8zynah_1,-0.027977891402859518,3.3333333333333335,-0.3749055775391766,0.740890588795406,0.6822080773676517,0.9873120751949974,2.0,-0.7628254912033214,-0.12087522069442647
6bf4pjalcksy_1,-0.20379350442310207,3.0,0.04541585504265678,0.8008914408855617,-0.12331643826510441,0.9400878897725149,2.0,-0.7628254912033214,-0.2611298947122178
pztuk75bivze_1,0.007185231201188991,3.4,-0.26356724780121776,0.7567841267802234,-0.36698862110861413,0.9258025140681345,1.0,-1.1469529182683391,-0.4425808889942455
c6nv9gdafx2l_1,-0.4147722400473931,2.6,-1.3612691707435267,0.600087261923783,-0.17248836547800486,0.9372051665738811,1.0,-1.1469529182683391,-0.7738706736343159
fa8qh5t294o8_1,-0.027977891402859518,3.3333333333333335,0.330211735771695,0.841546030899079,-0.4105910660388487,0.92324630391649,2.0,-0.7628254912033214,-0.21779567821833368
99pcouebu74x_1,0.8511001736983532,5.0,-0.31909731676383796,0.7488572137177218,0.20276245872380205,0.9592043908782157,2.0,-0.7628254912033214,-0.007015043886251043
0g46783i1hcz_1,-0.8367297112959753,1.8,0.22194806818309148,0.8260914006989954,0.6916652163812957,0.9878665036173224,4.0,0.00542936292671407,0.02057823404878149
u4s0qsob1tjs_1,0.3236533346376256,4.0,-0.3679482395625966,0.7418837482550839,-0.06521876180363988,0.9434938884635373,4.0,0.00542936292671407,-0.026021075950474204
jkeyu4i7qied_1,-0.07193179465792016,3.25,0.07688151852090058,0.80538316192077,-0.32683220280675007,0.9281566995795467,2.0,-0.7628254912033214,-0.27117699253677274
q1tv6k8ua7vb_1,-0.3092828722352476,2.8,-0.6855776749701548,0.6965421708429966,-0.06927268547770785,0.9432562256245332,4.0,0.00542936292671407,-0.26467596743909905
p1eb3ilv0knu_1,0.14783772161738304,3.6666666666666665,-0.7056350324169914,0.6936789846140795,0.36376581057990093,0.9686432744803133,2.0,-0.7628254912033214,-0.23921424785575723
jt7j5sd8v6tb_1,0.14783772161738304,3.6666666666666665,-0.4418466859047702,0.7313347507380329,0.22287769887695308,0.9603836545907098,5.0,0.3895567899917318,0.07960638114532442
hf516jk4la5b_1,-0.580541246609336,2.2857142857142856,0.23505974154541956,0.8279630910604292,0.13481835930679564,0.9552211418436262,6.0,0.7736842170567496,0.1407552678249072
cvucbm7z241b_1,0.32365333463762563,4.0,0.6001687385787507,0.880082372233456,-0.12632542951037248,0.9399114865001831,5.0,0.3895567899917318,0.2967633584244339
0y8ah0wzu7p6_1,0.14783772161738304,3.6666666666666665,-0.23333530091987517,0.7610997348663556,-1.6792090053036102,0.8488730879168919,2.0,-0.7628254912033214,-0.6318830189523559
g5q0t3bta2bq_1,0.45551504440280743,4.25,0.18082943380615063,0.8202217188123366,-0.1907197458789001,0.9361363448659739,3.0,-0.3786980641383037,0.01673166704793856
qfnndk3bf4jx_1,0.4291427024497711,4.2,0.1565881166274564,0.8167612726543212,0.14442159333572685,0.955784135142572,8.0,1.541939071186785,0.5680228708999349
v28qlwosnznn_1,-0.7312403434838298,2.0,0.10044485239550838,0.8087468260144064,0.40005739616998187,0.9707708826833182,1.0,-1.1469529182683391,-0.34442275329666966
d4h99xg192t6_1,-0.5993786337186479,2.25,0.0816116469945358,0.8060583873956422,-0.7964183127045749,0.9006270327658467,2.0,-0.7628254912033214,-0.5192526976580021
hqv8kfbmsfsa_1,-0.7312403434838297,2.0,-0.38156004757005224,0.7399406637116234,0.36217771220030553,0.9685501716002746,5.0,0.3895567899917318,-0.09026647221546114
91uipy4qhti9_1,-0.20379350442310207,3.0,-0.5312964759308274,0.7185658001092685,0.28446241917764226,0.9639940825717713,0.0,-1.531080345333357,-0.4954269766274111
5jm8lmm130ak_1,-0.5993786337186477,2.25,0.486356774241371,0.8638357231003126,-0.30974266613702744,0.929158580258301,2.0,-0.7628254912033214,-0.2963975042044064
bhxxpsgq9eyw_1,-0.4675169239534659,2.5,0.22309689542615183,0.8262553956993564,0.3962148895549497,0.9705456142509443,1.0,-1.1469529182683391,-0.24878951431017587
7veq8clhqdwx_1,-0.20379350442310207,3.0,-0.05975804251693649,0.785877875118868,0.03863235318847423,0.949582200135674,3.0,-0.3786980641383037,-0.150904314472467
d67hvgv1paq9_1,0.49946894765786815,4.333333333333333,-0.11811704949016599,0.7775471313734906,0.20354098567043213,0.9592500323207424,1.0,-1.1469529182683391,-0.1405150086075512
kkh1foquuidd_1,-0.203793504423102,3.0,0.0922369825412632,0.8075751532256201,0.04031128493330131,0.949680628156784,7.0,1.1578116441217674,0.2716416017933075
8u89yfrn6iok_1,-0.27914305286034885,2.857142857142857,0.3511055949720322,0.8445286276888059,-0.6185826216483407,0.9110527187458419,2.0,-0.7628254912033214,-0.3273613926849947
imj0e771mman_1,-0.37960911744334463,2.6666666666666665,0.14509608525241624,0.8151207860616824,0.13627249188996463,0.9553063909271784,3.0,-0.3786980641383037,-0.11923465110981687
93anow4veuqu_1,0.49946894765786815,4.333333333333333,0.7965355768801866,0.9081137232591788,0.5370320312980393,0.9788010734992776,4.0,0.00542936292671407,0.459616479690702
ogs9ieck1frq_1,-0.11588569791298076,3.1666666666666665,0.5366488113738249,0.8710149075229615,-0.42073681926225825,0.9226515052205165,3.0,-0.3786980641383037,-0.09466794248492945
z388d5z4fymm_1,0.41156114114774683,4.166666666666667,-0.18719942443514204,0.7676856276770234,0.44414607051781596,0.9733555982221098,2.0,-0.7628254912033214,-0.023579425993225156
1q1z7piz49za_1,-0.5554247304635872,2.3333333333333335,-0.19496352227766733,0.7665773033086909,-0.26137896116148135,0.9319939211165359,1.0,-1.1469529182683391,-0.5396800330427687
039d40evjkg6_1,0.059929915107261755,3.5,0.6791065698677327,0.8913507415630779,-0.4568282213944389,0.9205356328499424,3.0,-0.3786980641383037,-0.02412245013943705
e9gtoq56l7f7_1,-0.5554247304635871,2.3333333333333335,0.22890061638774695,0.8270838764191004,0.41188502980231956,0.9714642822669721,4.0,0.00542936292671407,0.022697569663298372
etwdldogi8jg_1,-0.7312403434838298,2.0,-0.34055804348912755,0.745793696632519,0.36117866465221443,0.9684916020524318,2.0,-0.7628254912033214,-0.36836130338101614
hnjkysyb1e6y_1,-0.4435420676325238,2.5454545454545454,0.3107953375252617,0.8387743415465951,0.3949556820537689,0.9704717927255071,10.0,2.3101939253168204,0.6431007193158318
wq9pp7ffyhsq_1,-0.37960911744334463,2.6666666666666665,0.5948265769953686,0.8793197790793612,-1.6566595891322982,0.8501950561373207,2.0,-0.7628254912033214,-0.551066905195899
so613bcxr66j_1,0.3763980185436983,4.1,-0.15170274356726027,0.7727527761337715,0.4733036008939421,0.9750649696865678,9.0,1.9260664982518028,0.6560163435305457
sdupg1id2wbw_1,-0.3544926012975957,2.7142857142857144,-0.45308217301042636,0.7297308858200667,0.20447623658640696,0.9593048617664207,6.0,0.7736842170567496,0.042646419833783616
1uqrsi16agpq_1,-0.6433325369737085,2.1666666666666665,-0.20917634591758685,0.7645484238300403,-0.8441407603848826,0.89782928586388,5.0,0.3895567899917318,-0.32677321332111153
xasfeoa6ph3w_1,-0.335655214188284,2.75,0.6724480614481809,0.8904002399996233,0.09092602501571456,0.9526479368163908,2.0,-0.7628254912033214,-0.08377665473192748
yyuvh6wdo2yo_1,-0.335655214188284,2.75,0.08317834115796,0.8062820328666636,-0.45199472769760696,0.9208189982822139,3.0,-0.3786980641383037,-0.27079241621655864
iygdqwnrh5l7_1,-0.09830413661095654,3.2,-0.4730473828104853,0.7268808536606215,-0.6210820145575694,0.910906190872514,3.0,-0.3786980641383037,-0.3927828995293287
f3kkba560heh_1,-0.3620275561413203,2.7,0.37898132811229296,0.8485078864450859,0.16075596449803162,0.956741743952184,9.0,1.9260664982518028,0.5259440586802018
nczptcxlg944_1,-0.027977891402859518,3.3333333333333335,0.4502954220570167,0.8586879678566798,-0.34908943052431685,0.9268518610199169,2.0,-0.7628254912033214,-0.17239934776837026
m5dfshb9vuf7_1,0.28849021203357705,3.933333333333333,0.002430098830247081,0.7947552275008632,0.6328270739959441,0.9844170948259119,14.0,3.8467036335768916,1.192612754609165
15250ldvnl40_1,0.35467961928825664,4.0588235294117645,-0.2773557756492744,0.7548158154931439,0.396508157411343,0.9705628071921396,9.0,1.9260664982518028,0.599974624825532
qrsrk4goz3vh_1,-0.46751692395346583,2.5,0.4305241235080946,0.855865616513382,-0.34610998966520795,0.9270265318894626,2.0,-0.7628254912033214,-0.28648207032847517
xom88rmogs9p_1,-0.20379350442310207,3.0,0.3677136887894953,0.8468994318006018,0.04751572170792003,0.9501029910414714,7.0,1.1578116441217674,0.34231188754902014
eumnde405cl7_1,0.17295423776313198,3.7142857142857144,-0.4291873134276142,0.7331418751829853,-0.07566002612131321,0.9428817653156829,4.0,0.00542936292671407,-0.08161593471477033
832dgj88hdpu_1,0.5873767541679894,4.5,0.4397907614931114,0.8571884283711944,0.4721445990407281,0.974997022755892,2.0,-0.7628254912033214,0.18412165587462687
k8h42qzwmcak_1,0.49946894765786826,4.333333333333333,0.629015957052049,0.8842003104461161,-0.703915693608144,0.9060500344889458,2.0,-0.7628254912033214,-0.08456407002538704
48bgptv3uc5r_1,-0.32100391310326376,2.7777777777777777,0.644653149722656,0.8864325184940645,0.7555511756252954,0.991611842619031,7.0,1.1578116441217674,0.5592530140916138
fseoe2vexf4a_1,0.022255140888638354,3.4285714285714284,-0.7375839314881764,0.6891182817352411,0.744242171528788,0.9909488478919525,6.0,0.7736842170567496,0.2006493994964999
tyc4jone9jtw_1,-0.2917013109332233,2.8333333333333335,-0.8311252918558826,0.6757652597557066,0.23964800665593314,0.9613668203526168,5.0,0.3895567899917318,-0.12340545153536023
2zinauuki2xw_1,0.022255140888638354,3.4285714285714284,0.5423433745930378,0.8718278059833976,0.3656714427734175,0.968754992902667,6.0,0.7736842170567496,0.4259885438279608
ce0uoiy85231_1,-0.07193179465792016,3.25,-0.1696272779533829,0.7701940502323097,-0.6620090613463988,0.9085068269688195,3.0,-0.3786980641383037,-0.3205665495240014
0upv7c2e5klh_1,-0.3620275561413204,2.7,0.30254116368577544,0.8375960588674862,-0.2882341660841919,0.9304195243697991,8.0,1.541939071186785,0.29855462816176204
m8z30bkv3zod_1,0.059929915107261755,3.5,0.23605271424787017,0.8281048378371361,0.22632941806729162,0.9605860129595832,2.0,-0.7628254912033214,-0.060128360945224474
mnmcltvuimub_1,0.022255140888638354,3.4285714285714284,-0.11763583893399872,0.7776158241432775,0.5868693964347625,0.9817228082528572,13.0,3.4625762065118737,0.988516226225319
4s9edvacwjmd_1,-0.5554247304635872,2.3333333333333335,-0.6054657415582684,0.7079781431601284,-0.22206833077362234,0.9342985219852663,1.0,-1.1469529182683391,-0.6324779302659542
psflahllhzud_1,-0.46751692395346583,2.5,-0.18352998037363374,0.7682094405338535,0.3820936552067438,0.9697177514406731,5.0,0.3895567899917318,0.030150885217844023
i8vntfwqv17i_1,0.3236533346376256,4.0,0.050831620317639915,0.801664540960957,0.19698336677401387,0.9588655893836443,1.0,-1.1469529182683391,-0.14387114913476493
epug6wuot6ns_1,0.11267459901333451,3.6,-0.8277684709943053,0.6762444456748529,-0.044049778496410834,0.9447349282748716,9.0,1.9260664982518028,0.29173071194360534
zofm722cvj1k_1,-0.9949637630141935,1.5,0.30130713853122426,0.8374199018718294,-1.5606396562206717,0.8558242617394756,1.0,-1.1469529182683391,-0.850312299742995
zgtrcecvauk4_2,0.21816396682548006,3.8,0.16269709543619046,0.8176333289082057,0.5188781384568224,0.9777367945294436,3.0,-0.3786980641383037,0.1302602841450473
hjr8vpd7fapz_2,-0.335655214188284,2.75,-0.13790993191332201,0.7747216989338102,-0.6180135948798771,0.9110860781596185,6.0,0.7736842170567496,-0.07947363098118335
xbnmcc5pxceu_2,0.11267459901333451,3.6,-0.24032286789655805,0.7601022602192442,0.4776030920785045,0.9753170290155909,4.0,0.00542936292671407,0.08884604653049875
3kofmh9dg9xx_2,0.007185231201188991,3.4,-1.0126102973056952,0.6498582892220179,-1.6659144901964282,0.8496524839927897,4.0,0.00542936292671407,-0.6664775483435551
f8jryrdfkdx2_2,0.49946894765786815,4.333333333333333,0.5666871429755399,0.8753028770428567,0.7527704900568754,0.9914488238550626,4.0,0.00542936292671407,0.45608898590424934
nbd4iho7n72m_2,-0.20379350442310207,3.0,0.5793763094730074,0.8771142545819112,0.0722596421655654,0.9515536129221142,2.0,-0.7628254912033214,-0.07874576099696266
63szpj5u8o2i_2,-0.20379350442310207,3.0,-0.5898900490154447,0.710201572069578,0.314874064125961,0.9657769769867401,1.0,-1.1469529182683391,-0.40644060189523123
ia9y1d0x3x7t_2,0.5873767541679894,4.5,-0.5742289316763328,0.7124371953621106,-1.1841299905226483,0.8778972861120652,1.0,-1.1469529182683391,-0.5794837715748327
1ply70vxn292_2,0.23574552812750435,3.8333333333333335,0.23437546168027099,0.827865410162444,-0.4103777957492172,0.9232588069694786,11.0,2.6943213523818383,0.6885161366100991
mtmb7nh1k07f_2,-0.8631020532490117,1.75,0.4533229394666496,0.8591201457334536,0.29786866464765394,0.9647800288832847,2.0,-0.7628254912033214,-0.2186839850845074
hr053hyuwem6_2,0.1258607699898527,3.625,-0.1751480452757495,0.7694059611227471,-0.6594793900498157,0.9086551299242844,6.0,0.7736842170567496,0.01622938793025927
6wx67twfnuox_2,0.059929915107261755,3.5,0.06753381407968301,0.8040487778325858,-0.07114461188380723,0.9431464832169671,3.0,-0.3786980641383037,-0.08059473670879154
656xmu29mv16_2,0.8511001736983532,5.0,0.7021765058121565,0.8946439731402263,-0.46828764180000776,0.919863819908729,4.0,0.00542936292671407,0.27260460015930404
h05dt9u04ag6_2,-0.027977891402859542,3.3333333333333335,-0.10515542845023106,0.7793974017774733,0.2590768333511515,0.9625058428113876,5.0,0.3895567899917318,0.12887507587244817
aqgoay2w4h2m_2,0.21816396682548006,3.8,-0.034733325604394516,0.7894501515284824,0.27347077149836235,0.9633496929870582,4.0,0.00542936292671407,0.1155826939115405
barb4qdxq6t1_2,-0.4675169239534659,2.5,0.31048279427105246,0.8387297260211569,-0.022567071646691597,0.9459943602498886,7.0,1.1578116441217674,0.24455261069816558
3y4g82qrfzgu_2,-0.37960911744334463,2.6666666666666665,-0.13359884901651178,0.7753371056849031,0.4864957283350928,0.9758383632460531,2.0,-0.7628254912033214,-0.19738443233202127
rzv8pux6l1g8_2,0.3236533346376256,4.0,0.6601243761163551,0.8886410348687819,-1.687079193849228,0.8484116950778469,1.0,-1.1469529182683391,-0.4625636003408966
u27jmgu8s0ev_2,-0.3796091174433447,2.6666666666666665,0.45935498231425903,0.8599812193848203,0.1122299045929903,0.9538968849735866,4.0,0.00542936292671407,0.04935128309765468
3n6trc3kljyo_2,-0.335655214188284,2.75,0.19388959876569895,0.8220860563532455,0.8006744063106632,0.9942572094221425,7.0,1.1578116441217674,0.4541801087524614
sprnfuwnq7ac_2,0.059929915107261755,3.5,-0.41579397305792815,0.7350537734880002,0.9884321021937618,1.0052645767620634,1.0,-1.1469529182683391,-0.12859621850631092
pia8uidyh0xh_2,-0.203793504423102,3.0,-0.4267651764536474,0.7334876350492485,0.18700421816078322,0.9582805579472025,4.0,0.00542936292671407,-0.10953127494731302
ed8h9v6yer07_2,-0.20379350442310207,3.0,0.06737238575906093,0.8040257339522647,-0.18063758116666767,0.9367274156609534,6.0,0.7736842170567496,0.11415637930651021
xh3pjt4r5nf2_2,0.14783772161738304,3.6666666666666665,-1.0887412085699253,0.6389906075094883,0.11885435401299156,0.9542852458759065,4.0,0.00542936292671407,-0.20415494250320915
hf2atxzwe00u_2,-0.027977891402859518,3.3333333333333335,-0.7452504429452014,0.688023887815914,0.6321467750319961,0.984377212036757,2.0,-0.7628254912033214,-0.22597676262984656
iat3flfmgzl6_2,-0.20379350442310207,3.0,-0.7598520130833452,0.685939514804618,-0.6614939004239594,0.9085370284765968,3.0,-0.3786980641383037,-0.5009593705171775
pfi2dt661qbd_2,0.007185231201188991,3.4,0.548404749737145,0.8726930668178277,0.10119802520242716,0.9532501367892818,4.0,0.00542936292671407,0.1655543422668688
6i5ue4jm9v39_2,-0.6433325369737085,2.1666666666666665,0.10581343597175354,0.8095131909059449,-0.9648759216718159,0.8907511404654761,5.0,0.3895567899917318,-0.27820955817050974
y84228e2pmvp_2,-0.07193179465792016,3.25,-0.1442837113635787,0.773811842408767,0.3448916752960662,0.9675367710194811,3.0,-0.3786980641383037,-0.0625054737159341
j4zhqovyxicy_2,-0.580541246609336,2.2857142857142856,-0.8260375351650596,0.6764915366310056,-0.16349757637637416,0.9377322550527418,3.0,-0.3786980641383037,-0.4871936055722684
u498l95or7np_2,0.49946894765786803,4.333333333333333,-0.134323394440724,0.7752336768814665,0.7302777417883756,0.9901301778122934,5.0,0.3895567899917318,0.37124502124931286
7wua7gopt4k8_2,0.6166793563380298,4.555555555555555,0.18001966820105983,0.820106124834651,-0.5781143201266238,0.9134251885313122,8.0,1.541939071186785,0.4401309438998128
9pa7mfd4rubz_2,1.6422704322894446,6.5,-0.11559920706681698,0.7779065531852734,0.40554349403876466,0.971092507286882,1.0,-1.1469529182683391,0.1963154502482633
hl0jpyfe02sw_2,0.20644292595746389,3.7777777777777777,0.19860275913500816,0.8227588596325336,0.13614448669980211,0.9552988865735331,6.0,0.7736842170567496,0.32871859721225594
eeukrcggxx3o_2,-0.027977891402859483,3.3333333333333335,0.29900850304601256,0.8370917718335628,-0.5380470740470263,0.9157741462868002,3.0,-0.3786980641383037,-0.16142863163554425
j2x2vhg83u9h_2,-0.027977891402859518,3.3333333333333335,-0.2800770423326093,0.7544273548839341,0.009928684027831912,0.9478994364600296,3.0,-0.3786980641383037,-0.16920607846148517
p5u9r9m1uh0b_2,-0.5554247304635872,2.3333333333333335,0.046525803054542535,0.8010498858786704,0.4460484598457086,0.9734671265302155,2.0,-0.7628254912033214,-0.20641898969166436
bq16gvcq7u48_2,-0.20379350442310207,3.0,0.10350653249655409,0.809183880612745,0.49554999568515723,0.976369173161712,5.0,0.3895567899917318,0.19620495343758526
agge90qqyjhj_2,0.4291427024497711,4.2,0.20215195119226173,0.823265506525029,-0.19987632423764284,0.9355995369279697,4.0,0.00542936292671407,0.10921192308277602
5o9ptvrbynfu_2,0.0892325172773022,3.5555555555555554,0.18212155735384933,0.8204061693491354,0.058528363213788896,0.950748611397366,6.0,0.7736842170567496,0.2758916637254225
tue9ikgul5zq_2,-0.30928287223524753,2.8,-0.13975894808915001,0.7744577520172881,-0.43246631085410314,0.9219638592518404,9.0,1.9260664982518028,0.2611395917683255
umuss3ln1x8v_2,-0.20379350442310207,3.0,-0.38985580747712595,0.7387564446245729,0.05170109813948056,0.9503483603490854,2.0,-0.7628254912033214,-0.3261934262410172
0qxabjy7ujod_2,1.273057644946935,5.8,0.39214628001456997,0.850387182313989,-0.052281198449063725,0.944252358105261,4.0,0.00542936292671407,0.4045880223597889
kwt35vcdmbod_2,0.022255140888638354,3.4285714285714284,0.14276649893382445,0.8147882377943373,0.27976700213507055,0.9637188119366125,4.0,0.00542936292671407,0.11255450122106186
00x2emqtotyd_2,-0.1510488205170293,3.1,0.4935349231004622,0.8648604032964423,0.23617957266991882,0.9611634820724,9.0,1.9260664982518028,0.6261830433762886
dvornclgd0aq_2,-0.5993786337186477,2.25,0.4553847450024872,0.8594144683147089,0.5064048330927293,0.9770055421914781,1.0,-1.1469529182683391,-0.19613549347294257
siggsyvh7xo1_2,0.24830378620037877,3.857142857142857,0.5870175794294978,0.8782050452789835,0.6630382209787739,0.9861882349703214,1.0,-1.1469529182683391,0.0878516670850778
vi9q7fothzy9_2,-0.46751692395346583,2.5,0.6462423280602428,0.8866593735792138,0.29384610958194596,0.9645442050410445,5.0,0.3895567899917318,0.2155320759201137
wolvnbj3iu83_2,0.21816396682548006,3.8,0.544896972541725,0.8721923318936653,-0.5664295360076965,0.9141102135071449,4.0,0.00542936292671407,0.05051519157155563
wkys7wy9il7c_2,0.9390079802084745,5.166666666666667,0.0654574193296446,0.8037523726421282,-0.8187531250980761,0.8993176457746653,3.0,-0.3786980641383037,-0.048246447424565145
mwmkmapelpgo_2,1.0269157867185958,5.333333333333333,0.32525055871143765,0.8408378232562826,-0.11237351285750032,0.9407294229952589,2.0,-0.7628254912033214,0.11924183534230293
qazygyn8c297_2,0.5346320702619167,4.4,-0.33500335025251615,0.746586628663724,0.3702935070895113,0.9690259632059437,3.0,-0.3786980641383037,0.04780604074015206
0264ddif97z6_2,-0.3092828722352476,2.8,-0.22638699262852652,0.7620916053391631,0.35953166556657196,0.9683950460957829,5.0,0.3895567899917318,0.05335464767363242
lbt3alhiu1f0_2,0.5346320702619168,4.4,0.48244012696463107,0.86327662200357,-0.027852172976864476,0.9456845191459259,1.0,-1.1469529182683391,-0.03943322350466391
48910ns9ag9c_2,-0.2917013109332234,2.8333333333333335,-0.2199486658188857,0.7630106759947811,0.35117159715844637,0.96790493386085,5.0,0.3895567899917318,0.05726960259951727
749d7d4z0hj1_2,1.3785470127590809,6.0,-0.039052784334328905,0.7888335491278567,-0.7057031402080304,0.9059452447426034,1.0,-1.1469529182683391,-0.12829045751290438
96nxhlo4yz55_2,-0.1378626495405111,3.125,-0.6020777036625444,0.7084617853084921,-0.7795061484531804,0.901618514918163,7.0,1.1578116441217674,-0.09040871438361714
tbd6qkgwwv0w_2,0.16541928291940733,3.7,-0.2157997254074034,0.7636029369185964,-0.0984114343381657,0.9415479552336755,7.0,1.1578116441217674,0.2522549418239014
8508djccbx01_2,-0.07193179465792016,3.25,0.38695094148569115,0.8496455481396031,-0.7379134933465663,0.9040569003662151,1.0,-1.1469529182683391,-0.3924618161967836
90z2wrbrs8i0_2,-0.335655214188284,2.75,-0.14724096003842085,0.773389695388466,-0.7989842803355219,0.90047660192378,6.0,0.7736842170567496,-0.12704905937636926
2z9m6xr38h4r_2,0.5634018978470473,4.454545454545454,-0.06855246758195875,0.7846224716189721,0.589927568671331,0.9819020947797733,9.0,1.9260664982518028,0.7527108742970556
a3nfmupku2aj_2,-0.4675169239534659,2.5,0.3550716299133392,0.8450947788708572,-0.050873967813490725,0.944334857544045,3.0,-0.3786980641383037,-0.1355043314979803
1p4bgxq1r154_2,-0.4675169239534659,2.5,0.8299320636456344,0.91288106916975,-0.45848974960344235,0.9204382251178326,1.0,-1.1469529182683391,-0.31075688204490326
zufbg4rjsv9g_2,-0.20379350442310207,3.0,-0.16053380012181806,0.7714921434915692,-0.04842155348050847,0.9444786312802207,4.0,0.00542936292671407,-0.10182987377467863
d6q2d70c8zy8_2,-0.1158856979129808,3.1666666666666665,0.03760036363470611,0.7997757800897277,0.5981474447594448,0.9823839881858728,5.0,0.3895567899917318,0.2273547251182255
q2bgh6j5xiex_2,0.5346320702619166,4.4,0.13772913473442233,0.8140691544433029,0.6439354270822318,0.9850683263101248,3.0,-0.3786980641383037,0.23439964198506674
7eanb1cab53p_2,0.32365333463762563,4.0,-0.6963482154587775,0.69500467701876,-0.3533867542689456,0.9265999287578959,3.0,-0.3786980641383037,-0.2761949248071003
qmkqt2gdyxmf_2,-0.3796091174433447,2.6666666666666665,0.25640089423256734,0.8310095389609077,-0.7235650415192488,0.9048980838888377,3.0,-0.3786980641383037,-0.30636783221708247
utw51njlxqxq_2,0.059929915107261755,3.5,-1.4124855958070244,0.5927761211952569,0.7398191286476171,0.9906895452970613,3.0,-0.3786980641383037,-0.24785865404761226
l9sg3jdp2585_2,-0.14518830008302125,3.111111111111111,0.989220708143923,0.9356195108891655,0.6457390754846598,0.9851740658933903,9.0,1.9260664982518028,0.853959495449341
5umkinfvrwcc_2,0.3236533346376256,4.0,-0.29614663095748206,0.7521334223468564,0.12577061839380846,0.9546907145428583,3.0,-0.3786980641383037,-0.05635518551608793
c4bdro822vx5_2,0.26504813029754476,3.888888888888889,-0.3322899701206528,0.7469739634683195,-0.03494199489379094,0.9452688756014778,8.0,1.541939071186785,0.3599388091174715
wu8wv7jwolkb_2,-0.2917013109332233,2.8333333333333335,0.010381343178395305,0.7958902670184426,0.27931031102453957,0.9636920382441102,3.0,-0.3786980641383037,-0.09517693021714804
ar7p32wtt1lv_2,0.6250515283866128,4.571428571428571,0.5451374861116066,0.87222666518722,0.3939945432653859,0.9704154455933237,4.0,0.00542936292671407,0.3924032301725799
pdff8xeh7s27_2,-0.9949637630141935,1.5,-0.3923431819835577,0.7384013721055808,0.22913900059307502,0.9607507258188226,1.0,-1.1469529182683391,-0.5762802156682538
pi85glpnm5jh_2,0.32365333463762563,4.0,-0.043234505573743386,0.788236608743382,0.18740435658928753,0.9583040162169082,1.0,-1.1469529182683391,-0.16978243315379232
86vaal8zynah_2,0.3236533346376256,4.0,0.04568157971477134,0.8009293730620162,0.4357005319016808,0.9728604752632662,4.0,0.00542936292671407,0.20261620229519792
6bf4pjalcksy_2,0.3236533346376256,4.0,0.039120227382620935,0.7999927405225461,-0.2851188965350309,0.9306021582486886,1.0,-1.1469529182683391,-0.2673245631957809
pztuk75bivze_2,-0.027977891402859518,3.3333333333333335,-0.4031209357197359,0.7368628485908117,0.30603113597935877,0.9652585569133985,2.0,-0.7628254912033214,-0.22197329558663953
c6nv9gdafx2l_2,-0.8367297112959753,1.8,0.7246765883229311,0.8978558581836626,-0.3212277843111704,0.9284852607754932,1.0,-1.1469529182683391,-0.3950584563881384
fa8qh5t294o8_2,-0.7312403434838297,2.0,0.6904357512250685,0.8929679813282467,0.08014429542241915,0.9520158537604346,1.0,-1.1469529182683391,-0.2769033037761703
99pcouebu74x_2,0.32365333463762563,4.0,-0.039569728965876926,0.7887597553215647,0.3685146060031348,0.9689216744436266,1.0,-1.1469529182683391,-0.1235886766483639
0g46783i1hcz_2,0.3236533346376257,4.0,0.2558143962412688,0.8309258164178743,0.08485723903367304,0.9522921518974427,4.0,0.00542936292671407,0.16743858320982039
u4s0qsob1tjs_2,-0.07193179465792016,3.25,-0.9365286382566276,0.660718940184631,-0.3855378805758125,0.9247150565773583,2.0,-0.7628254912033214,-0.5392059511734204
jkeyu4i7qied_2,-0.46751692395346583,2.5,0.4731703832448378,0.8619533668023576,-0.8480296873799761,0.8976012960188205,1.0,-1.1469529182683391,-0.4973322865892358
q1tv6k8ua7vb_2,-0.6433325369737084,2.1666666666666665,0.3448329472989951,0.8436332077171623,-0.49471661548387896,0.918314411132768,1.0,-1.1469529182683391,-0.48504228085673284
p1eb3ilv0knu_2,-0.20379350442310207,3.0,0.6981648817026432,0.8940713141079288,0.39413443219295713,0.970423646635658,2.0,-0.7628254912033214,0.0314200795672942
jt7j5sd8v6tb_2,0.14783772161738304,3.6666666666666665,0.6053751598026926,0.8808255884617077,0.17559732540111853,0.9576118244594903,5.0,0.3895567899917318,0.32959174920323153
hf516jk4la5b_2,-0.09830413661095654,3.2,-0.8689433597836469,0.6703667334751617,0.569727406356874,0.9807178524728177,2.0,-0.7628254912033214,-0.2900863953102627
cvucbm7z241b_2,0.32365333463762563,4.0,-0.266952532291779,0.7563008776802345,-0.4531382891049867,0.9207519565536308,6.0,0.7736842170567496,0.09431168257440238
0y8ah0wzu7p6_2,-0.7312403434838298,2.0,0.9915148304659391,0.9359469966737338,0.46443947548384257,0.9745453069154776,2.0,-0.7628254912033214,-0.00952788218434239
g5q0t3bta2bq_2,0.13185448407008826,3.6363636363636362,-0.34198349183851673,0.7455902139905597,-0.11690784171308694,0.9404635962171942,3.0,-0.3786980641383037,-0.17643372840495478
qfnndk3bf4jx_2,-0.25653818832917485,2.9,-0.10179846288233618,0.7798766083534354,-0.3280334653397037,0.9280862751002215,9.0,1.9260664982518028,0.309924095425147
v28qlwosnznn_2,-0.37960911744334463,2.6666666666666665,0.42703780650171397,0.8553679450295504,0.28178785553577357,0.9638372852466786,2.0,-0.7628254912033214,-0.10840223665229463
d4h99xg192t6_2,-0.20379350442310207,3.0,0.280722114646617,0.8344813912996087,-0.16958516065178025,0.9373753680765944,3.0,-0.3786980641383037,-0.11783865364164225
hqv8kfbmsfsa_2,-0.5554247304635872,2.3333333333333335,0.7870238224487108,0.906755921047535,-0.7536974562617367,0.9031315594523859,2.0,-0.7628254912033214,-0.3212309638699836
91uipy4qhti9_2,0.1258607699898527,3.625,-1.0079756202951002,0.6505198890079014,0.28036620111652005,0.963753940208013,6.0,0.7736842170567496,0.042983891967005555
5jm8lmm130ak_2,0.4743524315121193,4.285714285714286,0.11666580863476117,0.8110623662667651,-0.2846102533141929,0.9306319776536958,5.0,0.3895567899917318,0.17399119420610484
bhxxpsgq9eyw_2,-0.4147722400473931,2.6,-0.13507513075223607,0.7751263665809643,0.3438134982738922,0.9674735624756995,4.0,0.00542936292671407,-0.05015112739975574
7veq8clhqdwx_2,-0.053094407548608454,3.2857142857142856,0.3261579509852653,0.8409673534334026,-0.2753253515181629,0.9311763086027058,2.0,-0.7628254912033214,-0.19127182482120686
d67hvgv1paq9_2,-0.20379350442310207,3.0,0.4343901703138559,0.8564174943967943,0.7220863798854206,0.9896499560612968,1.0,-1.1469529182683391,-0.04856746812304119
kkh1foquuidd_2,0.3236533346376256,4.0,-0.7488827565019957,0.6875053753357685,-1.2485880581857174,0.8741184070336244,5.0,0.3895567899917318,-0.3210651725145889
rcu453mztonu_2,0.19179162487244367,3.75,-0.4337487489144465,0.7324907306189713,1.0144762693506169,1.0067914261069566,2.0,-0.7628254912033214,0.002423413526323137
8u89yfrn6iok_2,-0.07193179465792016,3.25,-0.00970254169201118,0.7930232940018562,0.008121491719853104,0.9477934891139342,1.0,-1.1469529182683391,-0.3051164407246043
imj0e771mman_2,0.3236533346376256,4.0,-0.04958421021536774,0.7873301888954146,-0.06929242697552705,0.943255068271609,2.0,-0.7628254912033214,-0.13951219843914767
93anow4veuqu_2,-0.20379350442310207,3.0,0.6527379684282391,0.8875866257408678,0.6630436289193622,0.9861885520129242,4.0,0.00542936292671407,0.27935436396280333
ogs9ieck1frq_2,-0.33565521418828403,2.75,0.32999439267609915,0.841515005188942,-0.44187979633324137,0.9214119900348129,3.0,-0.3786980641383037,-0.2065596704959325
z388d5z4fymm_2,-0.20379350442310207,3.0,0.6754385952228554,0.8908271384653585,0.5354923299761363,0.978710807915413,1.0,-1.1469529182683391,-0.03495387437311237
1q1z7piz49za_2,0.1917916248724436,3.75,-0.7268418666837881,0.6906517106577491,-0.1630374243497131,0.937759231642787,2.0,-0.7628254912033214,-0.36522828934109475
039d40evjkg6_2,0.19179162487244367,3.75,-0.7846648407763992,0.6823974855647468,-0.012487392884870174,0.9465852853050664,2.0,-0.7628254912033214,-0.3420465249980368
e9gtoq56l7f7_2,0.11267459901333451,3.6,-0.3132029577373002,0.7496986330142473,0.1739436225636052,0.9575148754928023,5.0,0.3895567899917318,0.09074301345784283
etwdldogi8jg_2,0.059929915107261755,3.5,0.3873591227396967,0.8497038159821377,0.7343741389180025,0.9903703306740119,1.0,-1.1469529182683391,0.008677564624155476
hnjkysyb1e6y_2,-0.5202616078595386,2.4,0.22988500903314674,0.8272243983933247,0.1427842744698103,0.9556881466925382,5.0,0.3895567899917318,0.06049111640878757
wq9pp7ffyhsq_2,-0.20379350442310207,3.0,0.30367462273088525,0.8377578600587747,-0.03441714349603797,0.9452996452171081,1.0,-1.1469529182683391,-0.2703722358641485
so613bcxr66j_2,-0.09830413661095645,3.2,0.2714170911615155,0.833153099914619,0.29089311927811407,0.9643710848455042,9.0,1.9260664982518028,0.597518143020119
sdupg1id2wbw_2,0.19179162487244367,3.75,0.15214412928674947,0.8161268938041102,-0.10487666446947462,0.9411689286235665,5.0,0.3895567899917318,0.15715396992036257
1uqrsi16agpq_2,0.5497019799493661,4.428571428571429,-0.022766781774214127,0.7911583747375027,0.5556693674411852,0.9798936945191526,6.0,0.7736842170567496,0.46407219566827174
xasfeoa6ph3w_2,1.0269157867185958,5.333333333333333,0.5062931288027603,0.8666816361766627,0.393856317160014,0.9704073420345818,2.0,-0.7628254912033214,0.2910599353695122
yyuvh6wdo2yo_2,-0.07193179465792016,3.25,-0.38798058772192434,0.7390241321000302,0.3437871357270982,0.9674720169612256,3.0,-0.3786980641383037,-0.1237058276977625
iygdqwnrh5l7_2,-0.027977891402859518,3.3333333333333335,-0.4226037288237506,0.7340816813775279,0.08735916094758828,0.9524388280346455,1.0,-1.1469529182683391,-0.37754384438684024
f3kkba560heh_2,-0.3092828722352476,2.8,-0.021780044779399387,0.7912992313674254,0.3275939102130778,0.9665226828696848,8.0,1.541939071186785,0.384617516096304
nczptcxlg944_2,-0.20379350442310207,3.0,-0.3229232519425321,0.7483110617659804,-1.9119209349627628,0.8352302612828509,2.0,-0.7628254912033214,-0.8003657956329296
m5dfshb9vuf7_2,-0.5554247304635872,2.3333333333333335,0.2962321196861138,0.8366954433230235,0.0553266446654772,0.9505609094125574,4.0,0.00542936292671407,-0.049609150796320535
15250ldvnl40_2,0.4366776572934959,4.214285714285714,-0.2890151203468196,0.753151444936619,0.14261689283145387,0.9556783338794299,9.0,1.9260664982518028,0.5540864820074832
qrsrk4goz3vh_2,0.19179162487244367,3.75,0.25770754992898676,0.8311960639608156,-0.3275235717013405,0.9281161678114381,3.0,-0.3786980641383037,-0.06418061525955344
xom88rmogs9p_2,0.32365333463762563,4.0,0.36351654681109574,0.8463002901068261,0.528382196122777,0.9782939735758575,5.0,0.3895567899917318,0.40127721689080753
eumnde405cl7_2,-0.12844395598585526,3.142857142857143,0.14439555849335353,0.8150207859208437,0.06504969933901443,0.9511309272430085,6.0,0.7736842170567496,0.21367137972581557
832dgj88hdpu_2,-0.12844395598585526,3.142857142857143,-0.30384066283939687,0.7510350998889984,0.5199959337913881,0.9778023257120702,6.0,0.7736842170567496,0.2153488830057214
k8h42qzwmcak_2,-0.7312403434838297,2.0,-0.47962109989010393,0.725942456054404,-0.9497829177558395,0.8916359736414726,4.0,0.00542936292671407,-0.5388037495507647
48bgptv3uc5r_2,0.32365333463762563,4.0,-0.3427078738651185,0.7454868085121193,0.5014479661633985,0.9767149439558658,6.0,0.7736842170567496,0.31401941099816383
fseoe2vexf4a_2,0.17295423776313196,3.7142857142857144,0.47299419328530395,0.8619282156992202,0.89602839676809,0.9998473738910636,6.0,0.7736842170567496,0.5789152612183189
tyc4jone9jtw_2,1.2466853029938991,5.75,-0.24623423258517185,0.7592584133657687,0.34158155781277855,0.9673427141052999,3.0,-0.3786980641383037,0.24083364102080052
2zinauuki2xw_2,0.147837721617383,3.6666666666666665,-0.40938267745424145,0.7359689854410527,0.4483721958230665,0.973603356448161,8.0,1.541939071186785,0.4321915777932483
ce0uoiy85231_2,-0.4675169239534659,2.5,0.7583965062038636,0.9026693738610296,-0.5857017736994405,0.9129803711390996,3.0,-0.3786980641383037,-0.16838006389683663
0upv7c2e5klh_2,-0.37960911744334463,2.6666666666666665,0.5073506886146674,0.8668326027582642,0.368169381947661,0.9689014355502205,2.0,-0.7628254912033214,-0.06672863452108442
m8z30bkv3zod_2,-0.027977891402859518,3.3333333333333335,-0.8766020082674125,0.6692734619946611,-0.8692992052324996,0.8963543623309919,1.0,-1.1469529182683391,-0.7302080057927778
mnmcltvuimub_2,0.2577224797550346,3.875,-0.6678924050545975,0.6990667417597349,0.6803939328105018,0.9872057202706128,7.0,1.1578116441217674,0.3570089129081766
4s9edvacwjmd_2,0.14783772161738304,3.6666666666666665,0.6684575387913382,0.8898305931980673,-0.13772854765780962,0.9392429743005685,2.0,-0.7628254912033214,-0.021064694613102453
psflahllhzud_2,-0.20379350442310207,3.0,0.8410118950977472,0.9144627142551756,0.8532999517316587,0.997342402320298,1.0,-1.1469529182683391,0.08589135603449122
i8vntfwqv17i_2,-0.9949637630141935,1.5,0.40430736532615114,0.8521231763044785,0.25200141429899164,0.9620910436404417,1.0,-1.1469529182683391,-0.37140197541434744
epug6wuot6ns_2,-0.15104882051702928,3.1,0.06547663809778503,0.8037551161197983,-0.27953785005371473,0.9309293492512843,9.0,1.9260664982518028,0.39023911644471093
zofm722cvj1k_2,-0.20379350442310207,3.0,-0.13841179420492636,0.7746500581303822,0.5029124076122021,0.9768007974006419,2.0,-0.7628254912033214,-0.15052959555478693
