ID,sc_B_elaboration_z,sc_B_elaboration_raw,sc_B_flexibility_z,sc_B_flexibility_raw,sc_B_originality_z,sc_B_originality_raw,sc_B_fluency_raw,sc_B_fluency_z,sc_B_creativity_score
zgtrcecvauk4_1,-0.4051759985097903,2.4615384615384617,0.20759411761855648,0.760859226547488,-0.1344228533558603,0.9602528104960957,9.0,0.788866975564188,0.11421556032927349
hjr8vpd7fapz_1,-0.24759832743532278,2.7142857142857144,-0.6299118784059424,0.6519858353236095,-0.1995518209916462,0.9580497579513835,6.0,-0.03135868722739635,-0.27710517851507693
xbnmcc5pxceu_1,0.10866423325477784,3.2857142857142856,-0.14880618146311492,0.7145282039895421,-0.19664495159771628,0.9581480857193169,6.0,-0.03135868722739635,-0.06703639675836243
3kofmh9dg9xx_1,-0.41583342553898134,2.4444444444444446,-0.0968377227669985,0.721283955425092,-1.1672270361809147,0.9253171748525801,7.0,0.2420498670364651,-0.3594620793626074
f8jryrdfkdx2_1,0.08639782321164653,3.25,-0.11121370343798309,0.7194151189328775,0.36056080060447915,0.9769961282244899,9.0,0.788866975564188,0.28115297398558264
nbd4iho7n72m_1,-0.9007463553671737,1.6666666666666667,0.1062925262630504,0.747690308546181,0.10372559793695595,0.9683084203220317,5.0,-0.3047672414912578,-0.2488738681646063
63szpj5u8o2i_1,-0.2253319173921914,2.75,-1.2634558402661744,0.5696269269163232,0.2506084638805305,0.9732768803381829,3.0,-0.8515843500189807,-0.5224409109492041
ia9y1d0x3x7t_1,0.5539924341174035,4.0,-1.4494266171449761,0.5454512562423881,0.5928272926845105,0.9848527748903757,1.0,-1.3984014585467037,-0.42525208722244145
mtmb7nh1k07f_1,-0.9007463553671737,1.6666666666666667,1.2618568878984793,0.897910380313912,-1.2516553351240602,0.92246130310174,2.0,-1.1249929042828422,-0.5038844267188992
hr053hyuwem6_1,0.821189354634979,4.428571428571429,-0.4526621333547855,0.6750277967291288,0.03563229726297099,0.9660050962440795,4.0,-0.5781757957551192,-0.04350406930298868
6wx67twfnuox_1,-0.1941589433318076,2.8,0.4511364437619485,0.7925190344529197,-0.10298521631416466,0.9613162200479215,4.0,-0.5781757957551192,-0.10604587790978576
656xmu29mv16_1,0.08639782321164657,3.25,-0.665976206131826,0.6472975755614534,-0.5559434202193471,0.94599445524824,7.0,0.2420498670364651,-0.22336798402576533
h05dt9u04ag6_1,-0.24759832743532276,2.7142857142857144,0.0450959708018134,0.739734930846306,-0.5848867749938023,0.9450154172916589,5.0,-0.3047672414912578,-0.2730390932796424
aqgoay2w4h2m_1,-0.02150862545891275,3.076923076923077,-0.18816305238142825,0.709411923001493,-0.2134839392591748,0.9575784901005839,12.0,1.6090926383557724,0.2964842553140642
barb4qdxq6t1_1,0.24226269351356555,3.5,0.08932104204442196,0.7454840639941951,-0.22716811421238378,0.95711560918066,6.0,-0.03135868722739635,0.018264233529551838
3y4g82qrfzgu_1,-0.36285974412917876,2.5294117647058822,-0.08844674564941851,0.7223747585223945,-0.24580257273930187,0.9564852799620757,15.0,2.4293183011473567,0.4330523096573644
rzv8pux6l1g8_1,-0.3811967876941104,2.5,0.27598811933764666,0.7697502517364124,0.019024393399796967,0.9654433172662105,1.0,-1.3984014585467037,-0.37114643337584263
u27jmgu8s0ev_1,0.16433025836260604,3.375,0.21345283012370017,0.7616208424662617,0.20716876572776305,0.9718074890514646,12.0,1.6090926383557724,0.5485111231424604
3n6trc3kljyo_1,-0.06946704709027246,3.0,-0.21550335343738616,0.7058577618287091,-0.44301276995452343,0.9498144475722886,14.0,2.1559097468834953,0.3569816441003283
sprnfuwnq7ac_1,-0.1585326872627976,2.857142857142857,0.14578482524807482,0.7528241947967115,0.029963018668147625,0.9658133272188917,5.0,-0.3047672414912578,-0.07188802120945824
pia8uidyh0xh_1,0.5539924341174035,4.0,0.12744348795969718,0.7504398732519757,0.2142448547096399,0.972046844846651,3.0,-0.8515843500189807,0.011024106691939956
ed8h9v6yer07_1,-0.12614518174551573,2.909090909090909,0.23045894711117737,0.7638315891794382,-0.6271097421809405,0.9435871831481806,10.0,1.0622755298280495,0.13486988825319265
xh3pjt4r5nf2_1,-0.19415894333180767,2.8,-0.22834469932838722,0.7041884234816782,0.0384005314171879,0.9660987345362126,4.0,-0.5781757957551192,-0.24056972674953156
hf2atxzwe00u_1,-0.2253319173921914,2.75,-0.17141534129331795,0.7115890776846302,0.018254958360322898,0.9654172903555555,3.0,-0.8515843500189807,-0.3075191625860418
iat3flfmgzl6_1,0.24226269351356552,3.5,-0.1445760655881391,0.7150781069905531,0.05362861314589895,0.9666138396487508,9.0,0.788866975564188,0.23504555415887834
pfi2dt661qbd_1,0.11757079727203035,3.3,0.11165790128883264,0.748387791999455,-0.6345195155555403,0.9433365401442881,9.0,0.788866975564188,0.09589403964237768
6i5ue4jm9v39_1,-0.15259497791796256,2.8666666666666667,-0.42067895734256666,0.6791855184064535,0.03968448584708975,0.9661421655804432,14.0,2.1559097468834953,0.405580074367514
y84228e2pmvp_1,-0.27728687415949776,2.6666666666666665,-0.00979581549524744,0.7325991551588892,0.2104356881908269,0.9719179959749873,2.0,-1.1249929042828422,-0.3004099764366901
j4zhqovyxicy_1,0.17991674539279795,3.4,-0.33748374059473074,0.6900006593414891,0.21426355987636753,0.9720474775676454,9.0,0.788866975564188,0.2113908850596557
u498l95or7np_1,-0.01278891243502917,3.090909090909091,0.05144579434808217,0.7405603897999576,-0.027482091399373066,0.9638701888503666,6.0,-0.03135868722739635,-0.005045974178429104
7wua7gopt4k8_1,-0.017512090322966106,3.0833333333333335,-0.1467821354372794,0.7147913242010652,0.3837805748374221,0.9777815603381631,11.0,1.3356840840919109,0.38879260829227186
9pa7mfd4rubz_1,0.13835277997895287,3.3333333333333335,0.34446657177302326,0.7786522552776317,0.3371150166226655,0.9762030511047547,2.0,-1.1249929042828422,-0.07626463397705013
hl0jpyfe02sw_1,0.10866423325477781,3.2857142857142856,0.15183510120382618,0.7536107134177958,-0.4368116757815691,0.9500242057919204,9.0,0.788866975564188,0.15313865856030573
eeukrcggxx3o_1,0.32019512866452504,3.625,0.6331630609318364,0.81618197561199,-0.2798640076970311,0.9553331178184992,7.0,0.2420498670364651,0.22888601223394886
j2x2vhg83u9h_1,0.39135083032409673,3.739130434782609,-0.15799051255893698,0.7133342671374221,-0.02115404450945832,0.9640842413727685,19.0,3.5229525182028025,0.933789697864626
p5u9r9m1uh0b_1,-0.06946704709027242,3.0,0.26205327376735554,0.7679387615493329,0.2538175169672442,0.9733854297721051,7.0,0.2420498670364651,0.17211340267019812
bq16gvcq7u48_1,-0.021508625458912727,3.076923076923077,0.42133096432499373,0.7886444071203891,-0.8983510005928971,0.9344121759852073,11.0,1.3356840840919109,0.2092888555912737
agge90qqyjhj_1,-0.2772868741594978,2.6666666666666665,-0.06741965403640984,0.7251082204705479,-0.5135534471425335,0.9474283385331616,6.0,-0.03135868722739635,-0.22240466564145936
5o9ptvrbynfu_1,-0.35721757687843064,2.5384615384615383,-0.01302070963388502,0.7321799281170791,-0.6934904830367036,0.941341788120887,9.0,0.788866975564188,-0.06871544849620778
tue9ikgul5zq_1,-0.2772868741594977,2.6666666666666665,0.07898340516947387,0.7441402006795931,-0.05350778853633827,0.9629898435848597,6.0,-0.03135868722739635,-0.07079248618843961
umuss3ln1x8v_1,0.11390338855904399,3.2941176470588234,0.002176912452296656,0.7341555756502498,0.4219378310227981,0.9790722677359607,15.0,2.4293183011473567,0.7418341082953739
0qxabjy7ujod_1,-0.06946704709027245,3.0,0.4049389326314601,0.7865134897442798,0.6499461431026037,0.9867848771995712,4.0,-0.5781757957551192,0.101810558222168
kwt35vcdmbod_1,-0.208013598469756,2.7777777777777777,0.1308453440014669,0.7508821048365625,0.042740290909652555,0.9662455312464995,8.0,0.5154584213003266,0.12025761443542252
00x2emqtotyd_1,0.08639782321164655,3.25,0.2991244277757834,0.7727579058571215,0.32935668374897575,0.9759406177267886,3.0,-0.8515843500189807,-0.03417635382064374
dvornclgd0aq_1,-0.10064002115065625,2.95,0.07746005624474094,0.743942169663409,0.03918858140351618,0.9661253911160843,18.0,3.2495439639389407,0.8163881451091354
siggsyvh7xo1_1,-0.6929265282979484,2.0,-0.2030358305881657,0.7074785042463146,-0.36736819352142736,0.9523732011139776,3.0,-0.8515843500189807,-0.5287287256066305
vi9q7fothzy9_1,-0.22533191739219144,2.75,-0.5642468208898077,0.6605221055480959,-0.3520282024363081,0.9528920916725525,3.0,-0.8515843500189807,-0.498297822684322
wolvnbj3iu83_1,-0.3811967876941105,2.5,0.30558489745823686,0.7735977484929553,0.06190005697640594,0.9668936295186156,3.0,-0.8515843500189807,-0.2163240458196121
wkys7wy9il7c_1,-0.3366639676078479,2.5714285714285716,-0.27616621672097696,0.697971762590034,-0.3281999043270902,0.953698107715663,4.0,-0.5781757957551192,-0.3798014711027586
mwmkmapelpgo_1,-0.5682346320564132,2.2,0.4565017406098925,0.7932165077432977,-0.13620009051077347,0.9601926936697615,4.0,-0.5781757957551192,-0.20652719442810336
qazygyn8c297_1,0.5539924341174036,4.0,0.030596050908058548,0.7378499826085604,0.3558197101080621,0.9768357560911365,4.0,-0.5781757957551192,0.09055809984460125
0264ddif97z6_1,-0.19415894333180767,2.8,-0.3719786658913483,0.6855164174197784,0.1561612540197306,0.9700821088934951,8.0,0.5154584213003266,0.026370516524225285
lbt3alhiu1f0_1,-0.1261451817455157,2.909090909090909,0.26994310030916213,0.7689644165008821,0.9483277242946823,0.9968779329565194,10.0,1.0622755298280495,0.5386002931715945
48910ns9ag9c_1,-0.5370616579960295,2.25,0.041253078272069005,0.7392353657759564,-0.42255714815422557,0.9505063794621479,5.0,-0.3047672414912578,-0.305783242342361
749d7d4z0hj1_1,0.4500825205827909,3.8333333333333335,0.7048366249813908,0.8254993345517683,-0.11612109132312733,0.960871885922631,5.0,-0.3047672414912578,0.1835077031874491
96nxhlo4yz55_1,-0.29617958571124553,2.6363636363636362,-0.06945727524471601,0.724843335524015,0.07927554602870797,0.9674813728340993,10.0,1.0622755298280495,0.19397855372519898
tbd6qkgwwv0w_1,-0.06946704709027243,3.0,-0.3478723720486265,0.6886501668770417,0.7651977044912713,0.9906833766663408,4.0,-0.5781757957551192,-0.05757937760068671
8508djccbx01_1,1.3852717423943048,5.333333333333333,-0.05213494191535147,0.727095189459904,0.9750183658152362,0.9977807706316177,2.0,-1.1249929042828422,0.2957905655028369
90z2wrbrs8i0_1,-0.027903081676427365,3.066666666666667,-0.05155993328602813,0.7271699389420027,-0.18941434763472909,0.958392668138457,11.0,1.3356840840919109,0.2667016803736816
2z9m6xr38h4r_1,-0.33666396760784784,2.5714285714285716,0.11734576016852746,0.7491271974341321,0.6675249781384791,0.9873794988965622,12.0,1.6090926383557724,0.5143248522637328
a3nfmupku2aj_1,0.008465388060687085,3.125,-0.46910364509920394,0.6728904470875033,0.2638249079925968,0.9737239397940607,7.0,0.2420498670364651,0.01130912949763626
1p4bgxq1r154_1,-0.22533191739219144,2.75,0.9871310657995565,0.8621968068581314,-0.4183422730121161,0.950648951834236,3.0,-0.8515843500189807,-0.12703186865593297
zufbg4rjsv9g_1,-0.14739948224123192,2.875,-0.42671204401394874,0.6784012343433197,1.0044688493725265,0.9987769627270724,7.0,0.2420498670364651,0.16810179753845272
d6q2d70c8zy8_1,-0.5682346320564132,2.2,0.3274071226443064,0.7764345755381779,-0.522672078279906,0.9471198917043431,4.0,-0.5781757957551192,-0.33541884586178305
q2bgh6j5xiex_1,-0.06946704709027242,3.0,0.218157618886659,0.7622324515891178,0.7381504494123469,0.9897684761805486,4.0,-0.5781757957551192,0.07716630636340355
7eanb1cab53p_1,-0.22533191739219144,2.75,-0.08420364375117712,0.7229263496693986,0.18222702130998264,0.9709638095720594,3.0,-0.8515843500189807,-0.24472322246309164
qmkqt2gdyxmf_1,0.1383527799789529,3.3333333333333335,0.33981642964046355,0.7780477500608954,0.11606486732105832,0.9687258084644105,3.0,-0.8515843500189807,-0.06433756826962647
utw51njlxqxq_1,0.13835277997895287,3.3333333333333335,0.368489398066288,0.7817751541914841,-0.8862407459178678,0.9348218174757362,5.0,-0.3047672414912578,-0.17104145234097118
l9sg3jdp2585_1,-0.27728687415949776,2.6666666666666665,-0.11483610908960235,0.7189442165279366,-0.2502834315884872,0.9563337104247633,6.0,-0.03135868722739635,-0.1684412755162459
5umkinfvrwcc_1,0.5539924341174035,4.0,-0.8213409247636685,0.627100605182393,-0.5668544724152583,0.9456253779823434,5.0,-0.3047672414912578,-0.28474255113819524
c4bdro822vx5_1,-0.27728687415949776,2.6666666666666665,0.017564920019045183,0.7361559727529849,-0.8482995207842501,0.9361052174068936,13.0,1.8825011926196338,0.1936199294237328
wu8wv7jwolkb_1,0.3981275638154845,3.75,0.38349500864070635,0.7837258407756721,-0.2870382022168416,0.9550904435052577,11.0,1.3356840840919109,0.457567113582815
ar7p32wtt1lv_1,0.24226269351356558,3.5,-0.2943506433242625,0.6956078389869086,-0.18367517008746098,0.9585868015657022,5.0,-0.3047672414912578,-0.13513259034735392
pdff8xeh7s27_1,0.3046086416343331,3.6,0.944429252763096,0.856645692933269,-0.6476133235098399,0.9428936289792439,8.0,0.5154584213003266,0.27922074804697894
pi85glpnm5jh_1,-0.27728687415949776,2.6666666666666665,-0.18127252532423413,0.7103076718696775,0.9104266655640948,0.9955958916941635,5.0,-0.3047672414912578,0.036775006147276273
86vaal8zynah_1,0.39812756381548453,3.75,0.5258204999423672,0.8022277487848932,0.8288748660671224,0.9928373204173644,3.0,-0.8515843500189807,0.22530964495149833
6bf4pjalcksy_1,0.6786843303589387,4.2,-0.3032259182719492,0.6944540785527317,0.1808899351974032,0.9709185812954608,3.0,-0.8515843500189807,-0.07380900068364701
pztuk75bivze_1,0.8657221747212416,4.5,0.5340782913667783,0.8033012381218804,-0.18592507982135775,0.958510696116091,3.0,-0.8515843500189807,0.09057275906192033
c6nv9gdafx2l_1,-0.06946704709027242,3.0,0.06567053399307193,0.7424095653900767,-0.2673764310791803,0.9557555226015612,6.0,-0.03135868722739635,-0.07563290785094429
fa8qh5t294o8_1,-0.3811967876941104,2.5,0.8169112246150456,0.8400687129085742,-2.672434724721258,0.8744020176048377,1.0,-1.3984014585467037,-0.9087804365867567
99pcouebu74x_1,-0.19415894333180764,2.8,0.17911106627057566,0.757156511095445,0.9258435173385935,0.9961173821425181,4.0,-0.5781757957551192,0.08315496113056056
0g46783i1hcz_1,-0.8487913985998674,1.75,0.9485962949166276,0.8571873965303553,0.6439937708363119,0.9865835322474807,3.0,-0.8515843500189807,-0.026946420716477154
u4s0qsob1tjs_1,-0.14739948224123192,2.875,0.33575756875935997,0.7775201097207314,-0.6851890057166151,0.9416225939036096,6.0,-0.03135868722739635,-0.13204740160647085
jkeyu4i7qied_1,0.08639782321164653,3.25,-0.27588390005344693,0.6980084629517496,-0.5852529128024347,0.9450030323136636,7.0,0.2420498670364651,-0.1331722806519425
q1tv6k8ua7vb_1,-0.19415894333180764,2.8,-0.21430532681366046,0.7060135018734619,-0.22818042759658316,0.9570813666667976,4.0,-0.5781757957551192,-0.3037051233742926
p1eb3ilv0knu_1,-0.06946704709027243,3.0,0.5115804606075525,0.800376584278726,-0.6824558547566,0.9417150454715696,3.0,-0.8515843500189807,-0.27298169781457515
jt7j5sd8v6tb_1,0.6673487034278901,4.181818181818182,0.4655280130903666,0.7943898974261473,-0.5107552118719174,0.9475229916430975,9.0,0.788866975564188,0.35274712005263187
hf516jk4la5b_1,0.03444286644434021,3.1666666666666665,0.056169208270965915,0.7411744201404921,0.12922525530726348,0.969170971765701,3.0,-0.8515843500189807,-0.15793675499910276
cvucbm7z241b_1,0.821189354634979,4.428571428571429,-0.17280256991917817,0.7114087419191346,0.18693420670185865,0.9711230348313021,5.0,-0.3047672414912578,0.13263843748160042
0y8ah0wzu7p6_1,-0.06946704709027243,3.0,0.5336062616396706,0.8032398756034116,0.41618109091333166,0.9788775402374637,2.0,-1.1249929042828422,-0.06116814970502807
g5q0t3bta2bq_1,-0.16790801780727393,2.8421052631578947,-0.18584744530191216,0.7097129453185697,0.097277266422966,0.9680902990517778,17.0,2.9761354096750794,0.6799143032472148
qfnndk3bf4jx_1,-0.401978770401033,2.466666666666667,-0.23574329917130604,0.7032266266001863,-0.6375360838967352,0.9432345016996204,14.0,2.1559097468834953,0.22016289835360525
v28qlwosnznn_1,-0.2253319173921914,2.75,-0.1698148315710588,0.7117971393844584,0.22154097999596079,0.9722936435901604,3.0,-0.8515843500189807,-0.2562975297465675
d4h99xg192t6_1,0.16433025836260604,3.375,0.0844491231018878,0.744850728424588,1.0597181327149605,1.0006458250579133,7.0,0.2420498670364651,0.38763684530397985
hqv8kfbmsfsa_1,1.3333167856269985,5.25,0.9764071196252724,0.8608027244362279,-2.1204194601175734,0.8930744866696921,2.0,-1.1249929042828422,-0.23392211478703617
91uipy4qhti9_1,0.03444286644434025,3.1666666666666665,-0.36402727140751506,0.6865500760282219,0.7878196048876229,0.9914485850988329,5.0,-0.3047672414912578,0.03836698960829758
5jm8lmm130ak_1,0.19030773674625925,3.4166666666666665,-0.15078185211842676,0.7142713724382381,-0.20413970478919552,0.9578945681880273,8.0,0.5154584213003266,0.08771115028474089
bhxxpsgq9eyw_1,-0.17337696062488508,2.8333333333333335,-0.7839585494782995,0.631960207368695,0.461986159180483,0.980426942536775,5.0,-0.3047672414912578,-0.20002914810348982
7veq8clhqdwx_1,0.24226269351356552,3.5,-0.11255397554430563,0.719240887381019,-0.2639866026087148,0.9558701869438514,2.0,-1.1249929042828422,-0.3148176972305743
d67hvgv1paq9_1,0.4760599989664441,3.875,-0.0366591025687259,0.729107004443559,0.9065725024019563,0.9954655207659835,6.0,-0.03135868722739635,0.32865367789306954
kkh1foquuidd_1,0.4293005378758683,3.8,-0.48737923156861046,0.6705146729617365,-0.16677361786880637,0.9591585134932291,4.0,-0.5781757957551192,-0.20075702682916693
8u89yfrn6iok_1,0.11757079727203035,3.3,0.33279894934272913,0.7771354976334648,-0.41317883111593884,0.9508236104265915,9.0,0.788866975564188,0.2065144727657522
imj0e771mman_1,0.1383527799789529,3.3333333333333335,0.617660310358738,0.8141666622456344,-1.2840667429470256,0.9213649547781891,2.0,-1.1249929042828422,-0.4132616392230442
93anow4veuqu_1,-0.06946704709027243,3.0,-0.912338267099309,0.6152712101697373,-0.09221041825934559,0.9616806883810627,3.0,-0.8515843500189807,-0.48140002061697695
ogs9ieck1frq_1,-0.06946704709027242,3.0,-0.04030447498867821,0.7286331164242276,0.2552404413157516,0.9734335616129849,5.0,-0.3047672414912578,-0.03982458056361421
z388d5z4fymm_1,-0.15853268726279754,2.857142857142857,0.20020858672489947,0.7598991285921323,0.13852750411563178,0.9694856296460996,6.0,-0.03135868722739635,0.03721117908758434
1q1z7piz49za_1,-0.6929265282979484,2.0,0.41396977497736903,0.7876874734966045,-0.3409059205407143,0.9532683139945478,4.0,-0.5781757957551192,-0.2995096174041032
039d40evjkg6_1,0.019598593082252678,3.142857142857143,-0.11449379506457784,0.718988716375036,0.01889460007041588,0.9654389268768804,7.0,0.2420498670364651,0.04151231628113895
e9gtoq56l7f7_1,0.2942176502808718,3.5833333333333335,-0.07442683286774422,0.7241973072043734,0.34529937679094114,0.9764798952825465,11.0,1.3356840840919109,0.4751935695739949
etwdldogi8jg_1,-0.3188508395733428,2.6,0.7173793593142529,0.8271298542477717,0.651331034687946,0.9868317225441542,4.0,-0.5781757957551192,0.1179209396684342
hnjkysyb1e6y_1,-0.4851067012287231,2.3333333333333335,-0.4339841847777777,0.6774558767814948,-0.0886043758181484,0.9618026663774106,7.0,0.2420498670364651,-0.19141134869704599
wq9pp7ffyhsq_1,-0.3811967876941104,2.5,-0.35408713419247684,0.6878422655205587,-1.1065053903721764,0.9273711453233872,1.0,-1.3984014585467037,-0.8100476927013669
so613bcxr66j_1,-0.36285974412917876,2.5294117647058822,-0.5852105245465564,0.657796883853497,0.10820257155013355,0.9684598584373458,16.0,2.702726855411218,0.4657147895714041
sdupg1id2wbw_1,-0.06946704709027243,3.0,-0.49444671319362893,0.6695959205043444,0.2132374409046364,0.972012768065961,6.0,-0.03135868722739635,-0.09550875165166534
1uqrsi16agpq_1,0.15724549153070064,3.3636363636363638,0.20649686800521555,0.7607165872267063,-0.04256632768624558,0.9633599494539329,10.0,1.0622755298280495,0.34586289041943
xasfeoa6ph3w_1,-0.2253319173921914,2.75,-0.6299395503022069,0.6519822380560054,-0.6741867330183811,0.9419947567943375,3.0,-0.8515843500189807,-0.59526063768294
yyuvh6wdo2yo_1,-0.15853268726279762,2.857142857142857,-0.7080424843754486,0.641829079347348,0.10069412195275496,0.9682058776114121,6.0,-0.03135868722739635,-0.19930993422822188
iygdqwnrh5l7_1,-0.3811967876941105,2.5,0.9308519801378758,0.8548806862093821,-1.0260846692385144,0.9300914567419848,3.0,-0.8515843500189807,-0.33200345670343245
f3kkba560heh_1,0.0744082178038066,3.230769230769231,0.10152691548253658,0.7470707927344848,0.3323718701006608,0.9760426094242773,12.0,1.6090926383557724,0.5293499104356941
nczptcxlg944_1,-0.3811967876941104,2.5,0.6149838419527737,0.8138187289851633,-0.043885796552117606,0.9633153170983444,1.0,-1.3984014585467037,-0.30212505021003955
m5dfshb9vuf7_1,0.38773657246202325,3.7333333333333334,0.02582537663013022,0.7372298085566396,0.9536692140919887,0.9970586141974122,11.0,1.3356840840919109,0.6757288118190132
15250ldvnl40_1,0.11390338855904403,3.2941176470588234,0.018269515214502093,0.7362475681191478,0.04549750159072743,0.9663387966586157,13.0,1.8825011926196338,0.5150428994959768
qrsrk4goz3vh_1,0.5539924341174035,4.0,-0.06331297466689108,0.7256420770778451,0.3092896967016683,0.975261831796594,8.0,0.5154584213003266,0.3288568943631268
eumnde405cl7_1,-0.4591292228450699,2.375,-0.2567317147712895,0.7004981924234364,-0.5696671019794695,0.9455302379710135,7.0,0.2420498670364651,-0.26086954313984095
832dgj88hdpu_1,-0.30326435254315093,2.625,0.7683994362604765,0.8337623187602718,-0.028750758075755486,0.9638272749297064,6.0,-0.03135868722739635,0.10125640960354343
k8h42qzwmcak_1,-0.3811967876941104,2.5,-0.295792544351234,0.6954203959651742,0.38491615958364434,0.977819972629279,5.0,-0.3047672414912578,-0.14921010348823946
48bgptv3uc5r_1,0.07440821780380662,3.230769230769231,0.021240209857707033,0.736633749951435,0.08214741437935737,0.9675785166566968,12.0,1.6090926383557724,0.44672212009916085
fseoe2vexf4a_1,0.17991674539279795,3.4,-0.4614090476973492,0.6738907228075806,0.7923095149102939,0.9916004608011514,4.0,-0.5781757957551192,-0.01683964578734415
tyc4jone9jtw_1,0.34617260704817826,3.6666666666666665,0.666943763987231,0.8205733706790411,-2.2333433314306714,0.8892547236504734,1.0,-1.3984014585467037,-0.6546571047354914
2zinauuki2xw_1,-0.06946704709027245,3.0,1.2634969512536736,0.8981235838732292,0.12316319409898899,0.9689659164753153,4.0,-0.5781757957551192,0.1847543256268177
ce0uoiy85231_1,-0.2475983274353227,2.7142857142857144,0.0006200772882997933,0.7339531915184521,-0.3176942296071315,0.9540534726825262,6.0,-0.03135868722739635,-0.1490077917453877
0upv7c2e5klh_1,0.37586115377235324,3.7142857142857144,0.04995857433549019,0.7403670554393257,0.08362874078735051,0.9676286240057175,5.0,-0.3047672414912578,0.05117030685098403
m8z30bkv3zod_1,0.08639782321164657,3.25,-0.1645028855605858,0.7124876772181021,-0.459921524231295,0.9492424920279345,3.0,-0.8515843500189807,-0.3474027341498037
mnmcltvuimub_1,-0.11399986717653503,2.9285714285714284,-0.09271696667569981,0.7218196419660791,0.7019110837687561,0.9885426433507345,12.0,1.6090926383557724,0.5260717220680734
vbm0hssjhl6f_1,0.2662419043292453,3.5384615384615383,0.03157169430533497,0.7379768134680299,0.05694731687113065,0.9667260981253152,13.0,1.8825011926196338,0.5593155270313361
4s9edvacwjmd_1,-0.24759832743532278,2.7142857142857144,0.08759338601586,0.7452594736371222,0.637099376183542,0.9863503224449091,10.0,1.0622755298280495,0.38484249114803215
psflahllhzud_1,0.4293005378758683,3.8,0.2726958391665158,0.7693222647025385,0.7926689328038219,0.9916126184712896,4.0,-0.5781757957551192,0.22912237852277167
i8vntfwqv17i_1,-0.4851067012287231,2.3333333333333335,0.11505887945577853,0.7488299094628181,-1.1277241449215036,0.9266533997041577,5.0,-0.3047672414912578,-0.4506348020464265
epug6wuot6ns_1,0.24226269351356555,3.5,0.5281368981332841,0.8025288739441961,-0.9380905128743359,0.9330679471906279,5.0,-0.3047672414912578,-0.11811454067968599
zofm722cvj1k_1,-0.27728687415949776,2.6666666666666665,0.3489732528758358,0.7792381109695992,-0.4796135783869387,0.9485763885782252,1.0,-1.3984014585467037,-0.4515821645543261
zgtrcecvauk4_2,0.3877365724620233,3.7333333333333334,0.23935196646147408,0.7649876563353537,-0.39458362649309564,0.951452611842565,14.0,2.1559097468834953,0.5971036648284742
hjr8vpd7fapz_2,-0.7968364418325611,1.8333333333333333,-0.09953176448738149,0.720933737683859,0.05233396668721957,0.9665700469359405,5.0,-0.3047672414912578,-0.2872003702809952
xbnmcc5pxceu_2,0.6786843303589387,4.2,0.990333719948486,0.8626131427646998,0.200026279949642,0.9715658873181614,4.0,-0.5781757957551192,0.3227171336254869
3kofmh9dg9xx_2,0.3981275638154846,3.75,0.20023826989004956,0.7599029873189564,0.18300471829629528,0.9709901159513391,3.0,-0.8515843500189807,-0.017553449504287805
f8jryrdfkdx2_2,-0.06946704709027243,3.0,-0.41900616065227203,0.6794029772059904,0.7349654332794845,0.989660739820659,2.0,-1.1249929042828422,-0.21962516968647552
nbd4iho7n72m_2,-0.2253319173921914,2.75,0.953828070090635,0.8578675123838762,-0.8795757291913532,0.9350472683402733,3.0,-0.8515843500189807,-0.2506659816279726
63szpj5u8o2i_2,-0.9007463553671737,1.6666666666666667,0.33195045751667895,0.777025196115665,-0.5301132934696783,0.9468681851495693,2.0,-1.1249929042828422,-0.5559755239007538
ia9y1d0x3x7t_2,0.3046086416343331,3.6,-0.4642066045377529,0.673527048395932,0.00514593269047367,0.9649738644360453,9.0,0.788866975564188,0.15860373633781047
mtmb7nh1k07f_2,0.34617260704817826,3.6666666666666665,-0.9232592383312707,0.6138515150521785,0.2033228525742059,0.9716773971880857,2.0,-1.1249929042828422,-0.3746891707479322
hr053hyuwem6_2,-0.5890166147633358,2.1666666666666665,-0.041192704356232256,0.7285176491393494,-0.32023179846141003,0.9539676368751314,4.0,-0.5781757957551192,-0.38215422833402435
6wx67twfnuox_2,-0.06946704709027245,3.0,-0.29293505967145006,0.69579186082505,0.18194567550204344,0.970954292768391,3.0,-0.8515843500189807,-0.25801019531966496
656xmu29mv16_2,-0.45912922284506996,2.375,-0.5966864532958616,0.6563050458412185,-0.02671419696894345,0.9638961636483779,7.0,0.2420498670364651,-0.2101200015183525
h05dt9u04ag6_2,-0.06946704709027246,3.0,0.09534734285333915,0.7462674659145592,-0.4731963114406501,0.9487934590583713,5.0,-0.3047672414912578,-0.1880208142922103
aqgoay2w4h2m_2,0.34617260704817826,3.6666666666666665,0.3157873119744563,0.7749240332865269,-0.0133565971595029,0.9643479978370603,10.0,1.0622755298280495,0.4277197129227953
barb4qdxq6t1_2,-0.6038608881254233,2.142857142857143,0.07760299820210219,0.7439607517102481,0.4099774342162118,0.9786676953378863,4.0,-0.5781757957551192,-0.17361406286555714
3y4g82qrfzgu_2,0.10866423325477789,3.2857142857142856,-0.3124146694645987,0.6932595671006287,0.30414374663927873,0.9750877648830308,6.0,-0.03135868722739635,0.017258655800515388
rzv8pux6l1g8_2,-0.4851067012287231,2.3333333333333335,0.6514600360742046,0.8185605302042491,0.424653832740115,0.9791641392136147,2.0,-1.1249929042828422,-0.13349643417431145
u27jmgu8s0ev_2,-0.1473994822412319,2.875,-0.05664778836189478,0.7265085322908329,-0.18312148950544155,0.9586055303657962,7.0,0.2420498670364651,-0.036279723268025775
3n6trc3kljyo_2,-0.42572960778037305,2.4285714285714284,0.4673548519437364,0.7946273812676125,0.01044143928550694,0.9651529902490777,5.0,-0.3047672414912578,-0.06317513951059688
sprnfuwnq7ac_2,0.5539924341174035,4.0,0.3602590530822934,0.7807052328134839,-0.058594659319155445,0.9628177750870851,5.0,-0.3047672414912578,0.13772239659732094
pia8uidyh0xh_2,-0.06946704709027243,3.0,0.5859486597288244,0.8100442380937188,-0.14824273768459428,0.959785339070657,4.0,-0.5781757957551192,-0.05248423020029039
ed8h9v6yer07_2,-0.06946704709027242,3.0,-0.7361969956774803,0.638169073164403,-0.10610997931125374,0.9612105218106815,6.0,-0.03135868722739635,-0.2357831773266007
xh3pjt4r5nf2_2,0.6579023476520162,4.166666666666667,0.3292920221917517,0.7766796071043051,0.5720002265988579,0.9841482785256327,5.0,-0.3047672414912578,0.313606838737842
hf2atxzwe00u_2,0.08639782321164657,3.25,0.7695946374857252,0.8339176915112796,0.5695823215922873,0.9840664904677074,2.0,-1.1249929042828422,0.0751454695017042
iat3flfmgzl6_2,0.17991674539279795,3.4,0.8575103201987406,0.8453464795607546,0.2276018706363785,0.9724986592849163,4.0,-0.5781757957551192,0.17171328511819944
pfi2dt661qbd_2,0.476059998966444,3.875,0.26270114626429464,0.7680229831264407,0.49747950439089966,0.981627540478438,7.0,0.2420498670364651,0.3695726291645258
6i5ue4jm9v39_2,0.06413141316851527,3.2142857142857144,0.2927491771436009,0.7719291414548096,0.4265154482235455,0.9792271102213999,12.0,1.6090926383557724,0.5981221692228585
y84228e2pmvp_2,-0.27728687415949776,2.6666666666666665,0.39124039026911855,0.7847327183003837,-3.6932430634952738,0.8398721533979338,2.0,-1.1249929042828422,-1.176070612917124
j4zhqovyxicy_2,-0.27728687415949776,2.6666666666666665,0.10398112738297499,0.7473898332830314,-0.199327125752726,0.9580573584928299,14.0,2.1559097468834953,0.44581921858856166
u498l95or7np_2,-0.17337696062488517,2.8333333333333335,-0.1961089930355874,0.7083789733753547,0.26398280608090474,0.973729280855003,6.0,-0.03135868722739635,-0.03421545870174104
7wua7gopt4k8_2,0.910254994807504,4.571428571428571,-0.011580459288652653,0.7323671565548947,-0.9214022933463745,0.9336324429262796,6.0,-0.03135868722739635,-0.013521611263729867
9pa7mfd4rubz_2,-0.2253319173921914,2.75,0.2857765341713536,0.7710227177518327,0.19467592359944513,0.9713849061572386,3.0,-0.8515843500189807,-0.14911595241009334
hl0jpyfe02sw_2,-0.3366639676078479,2.5714285714285716,-0.20522658755236386,0.7071937120882026,0.11838983488201775,0.9688044528201781,6.0,-0.03135868722739635,-0.1137148518763976
eeukrcggxx3o_2,-0.6929265282979484,2.0,0.12057968869458364,0.7495475989205439,-0.864906216198766,0.9355434793060103,6.0,-0.03135868722739635,-0.3671529357573817
j2x2vhg83u9h_2,-0.11103101250411752,2.933333333333333,0.11719032259669575,0.749106990993045,0.4724047195433875,0.9807793607732821,13.0,1.8825011926196338,0.5902663055638999
p5u9r9m1uh0b_2,0.20762605566869466,3.4444444444444446,0.2658325133185102,0.7684300519139807,0.4477930987272613,0.9799468480552598,17.0,2.9761354096750794,0.9743467693473864
bq16gvcq7u48_2,-0.00019377140053067498,3.111111111111111,-0.060023194385996605,0.7260697391331171,-0.5214236662861089,0.9471621204900836,8.0,0.5154584213003266,-0.016545552693077392
agge90qqyjhj_2,-0.00019377140053068576,3.111111111111111,0.18346704747491197,0.7577227762303512,-0.32519815739804947,0.9537996448112237,8.0,0.5154584213003266,0.0933833849941646
5o9ptvrbynfu_2,-0.1941589433318076,2.8,0.042507807524894345,0.739398477000797,-0.6160276672904469,0.9439620454279687,4.0,-0.5781757957551192,-0.3364636497131198
tue9ikgul5zq_2,0.15724549153070064,3.3636363636363638,-0.11626053312084748,0.7187590454658086,-0.42064168152365616,0.9505711720389072,9.0,0.788866975564188,0.10230256311259626
umuss3ln1x8v_2,0.08639782321164655,3.25,-0.3293311398552857,0.6910604741893959,0.8103728770711756,0.9922114721133086,3.0,-0.8515843500189807,-0.07103619739786107
0qxabjy7ujod_2,-0.06946704709027245,3.0,-0.2573299775636755,0.7004204199664517,-0.13632923882210674,0.9601883250988127,4.0,-0.5781757957551192,-0.2603255148077935
kwt35vcdmbod_2,-0.42572960778037305,2.4285714285714284,-0.10832294354604659,0.7197909094754443,0.5061381421687926,0.9819204275712751,6.0,-0.03135868722739635,-0.014818274096255836
00x2emqtotyd_2,0.5539924341174035,4.0,0.050066472399787974,0.7403810818799988,0.5377693907180977,0.9829903862262112,5.0,-0.3047672414912578,0.20926526393600783
dvornclgd0aq_2,-0.2663489885242754,2.6842105263157894,0.07603400513795303,0.7437567870861003,-0.28638465406547237,0.9551125504258838,15.0,2.4293183011473567,0.48815466592389045
siggsyvh7xo1_2,0.1383527799789529,3.3333333333333335,0.2754665003153068,0.7696824427509741,0.42246291310237827,0.9790900291630735,4.0,-0.5781757957551192,0.06452659941037969
vi9q7fothzy9_2,-0.4851067012287231,2.3333333333333335,-0.17421062258788064,0.711225699087452,-0.26997014876052033,0.9556677875038687,5.0,-0.3047672414912578,-0.30851367851709544
wolvnbj3iu83_2,-0.3366639676078479,2.5714285714285716,-0.14566736840863728,0.7149362407358828,0.9331826205981787,0.9963656346590076,6.0,-0.03135868722739635,0.1048731493385743
wkys7wy9il7c_2,0.05522484915126273,3.2,0.15275895354551544,0.7537308115877279,0.13973417988666278,0.969526446662314,4.0,-0.5781757957551192,-0.05761445329291956
mwmkmapelpgo_2,-0.3811967876941104,2.5,0.2620043132262336,0.7679323968186045,-0.814244163484595,0.9372571739676001,1.0,-1.3984014585467037,-0.5829595241247939
qazygyn8c297_2,0.5539924341174035,4.0,-0.04869820676145714,0.7275419552296047,1.0470247351881317,1.0002164581765143,5.0,-0.3047672414912578,0.31188793026320505
0264ddif97z6_2,-0.2772868741594978,2.6666666666666665,-0.7282244762583208,0.6392054779541984,0.7586960516705691,0.9904634517494958,11.0,1.3356840840919109,0.27221719633616537
lbt3alhiu1f0_2,-0.22533191739219144,2.75,-0.5132548410952391,0.6671509175110036,0.8667324000658243,0.9941178894120822,6.0,-0.03135868722739635,0.024196738587749338
48910ns9ag9c_2,-0.12614518174551567,2.909090909090909,-0.14524872749121964,0.7149906628613372,0.112000706775713,0.9685883341644703,10.0,1.0622755298280495,0.2257205818417568
749d7d4z0hj1_2,0.37586115377235324,3.7142857142857144,-0.24519369075705627,0.7019981026430825,0.24374732080587666,0.9730447953035364,6.0,-0.03135868722739635,0.08576402414844433
96nxhlo4yz55_2,-0.46621398967697536,2.3636363636363638,0.18214993921608033,0.7575515559126118,-0.7964355360207364,0.9378595686235617,9.0,0.788866975564188,-0.07290815272936083
tbd6qkgwwv0w_2,-0.1261451817455157,2.909090909090909,0.1339676762482573,0.7512879991249012,-0.38909124084718205,0.951638397286631,10.0,1.0622755298280495,0.17025169587090228
8508djccbx01_2,-0.06946704709027242,3.0,-0.33145545093369017,0.6907843198069579,0.9650800707490717,0.9974445978496684,1.0,-1.3984014585467037,-0.20856097145539865
90z2wrbrs8i0_2,0.5539924341174035,4.0,-0.31522561923775394,0.6928941516459143,0.007414636803182251,0.9650506056243385,11.0,1.3356840840919109,0.39546638394368566
2z9m6xr38h4r_2,-0.3811967876941104,2.5,0.10412130899088479,0.7474080564923131,0.43684151578880065,0.9795763997964124,9.0,0.788866975564188,0.23715825316244077
a3nfmupku2aj_2,-0.5147952479528982,2.2857142857142856,-0.7595072326598666,0.6351388088289218,0.0972014826095305,0.9680877355884051,6.0,-0.03135868722739635,-0.30211492130765766
1p4bgxq1r154_2,0.1383527799789529,3.3333333333333335,0.06622528855401917,0.7424816819010438,0.0025027042242194825,0.9648844545864771,5.0,-0.3047672414912578,-0.024421617183516563
zufbg4rjsv9g_2,0.05522484915126276,3.2,0.02084588017348645,0.7365824882169696,0.7228929763829951,0.9892523768778366,3.0,-0.8515843500189807,-0.013155161077809091
d6q2d70c8zy8_2,0.7618122611866288,4.333333333333333,-0.05124874502808343,0.727210392528141,0.07365269008730925,0.9672911741016469,5.0,-0.3047672414912578,0.11986224118864922
q2bgh6j5xiex_2,0.15724549153070064,3.3636363636363638,-0.5237712365965144,0.6657838160847329,-0.14722682374282914,0.9598197033769843,6.0,-0.03135868722739635,-0.1362778140090098
7eanb1cab53p_2,1.4891816559289175,5.5,-0.9257703209226269,0.6135250814759869,0.5893275623183978,0.9847343930064192,3.0,-0.8515843500189807,0.07528863682642692
qmkqt2gdyxmf_2,1.0995194801741202,4.875,-0.09136394217961835,0.7219955312922409,-0.2758674795001204,0.9554683043865322,5.0,-0.3047672414912578,0.1068802042507809
utw51njlxqxq_2,-0.3811967876941104,2.5,-0.09382418069049922,0.7216757073015224,-0.3674244732305719,0.9523712973964622,7.0,0.2420498670364651,-0.1500988936446791
l9sg3jdp2585_2,0.16433025836260606,3.375,0.6914729592082463,0.8237620961095231,0.4927146225277709,0.9814663635782832,7.0,0.2420498670364651,0.3976419267837721
5umkinfvrwcc_2,0.5539924341174036,4.0,0.05751639412569056,0.7413495504599272,-0.3258264564486469,0.9537783919667138,4.0,-0.5781757957551192,-0.07312335599016799
c4bdro822vx5_2,0.24226269351356555,3.5,-0.643693567043644,0.6501942551010195,0.41129654237156144,0.97871231549208,7.0,0.2420498670364651,0.06297888396948703
wu8wv7jwolkb_2,-0.030500829514792688,3.0625,0.0742925712535772,0.7435304056470609,-0.1700600727603294,0.959047345865756,16.0,2.702726855411218,0.6441146310974183
ar7p32wtt1lv_2,-0.5890166147633358,2.1666666666666665,0.20833398818300805,0.7609554076110276,0.24750595443824566,0.9731719348497171,5.0,-0.3047672414912578,-0.10948597840833496
pdff8xeh7s27_2,-0.2475983274353227,2.7142857142857144,0.2957537714729134,0.7723197301496213,-0.9031816966166296,0.9342487728551695,6.0,-0.03135868722739635,-0.22159623495160882
pi85glpnm5jh_2,0.5539924341174035,4.0,0.5424235040677339,0.8043860919755249,0.6184738005665841,0.9857202936996489,2.0,-1.1249929042828422,0.14747420861721983
86vaal8zynah_2,0.24226269351356555,3.5,-0.21126340783401676,0.7064089426663807,0.7460665579731258,0.9900362464791135,3.0,-0.8515843500189807,-0.01862962659157652
6bf4pjalcksy_2,-0.5370616579960295,2.25,0.3827471485878437,0.7836286211014218,0.2808824346834581,0.9743009277142891,2.0,-1.1249929042828422,-0.24960624475189247
pztuk75bivze_2,0.42930053787586836,3.8,-0.12463714233693637,0.7176701101547279,-0.3869913036732838,0.9517094297642308,13.0,1.8825011926196338,0.4500433211213205
c6nv9gdafx2l_2,-0.3811967876941105,2.5,0.1553781125262784,0.7540712947863483,-0.7903219438991407,0.938066366998689,5.0,-0.3047672414912578,-0.3302269651395576
fa8qh5t294o8_2,0.08639782321164655,3.25,-0.26515840322016604,0.6994027469549009,-1.1810882821474407,0.9248483043283272,3.0,-0.8515843500189807,-0.5528583030437352
99pcouebu74x_2,-0.3811967876941104,2.5,-0.1606311527018755,0.7129909914489754,0.6753535005774565,0.9876443065068559,3.0,-0.8515843500189807,-0.17951469745937754
0g46783i1hcz_2,-0.5682346320564132,2.2,-0.10127110011827875,0.7207076290117884,0.6681314723368813,0.9874000141701131,2.0,-1.1249929042828422,-0.2815917910301632
u4s0qsob1tjs_2,0.39812756381548453,3.75,-0.4822916547106227,0.6711760434453755,-0.9565369985190237,0.9324439763430048,4.0,-0.5781757957551192,-0.4047192212923203
jkeyu4i7qied_2,0.16433025836260604,3.375,0.028595056478486452,0.7375898590388168,0.33623055994473183,0.9761731334720065,9.0,0.788866975564188,0.32950571258750305
q1tv6k8ua7vb_2,0.13835277997895287,3.3333333333333335,-0.04978090198697808,0.7274012079377358,0.25262723547018023,0.9733451673086236,5.0,-0.3047672414912578,0.009107967992724314
p1eb3ilv0knu_2,-0.2253319173921914,2.75,0.33774410338045346,0.7777783535566068,-0.7980145421508859,0.937806157160131,3.0,-0.8515843500189807,-0.3842966765454011
jt7j5sd8v6tb_2,0.27060176084118714,3.5454545454545454,0.13083127335177364,0.7508802756922267,0.20747550485658744,0.9718178648096388,6.0,-0.03135868722739635,0.14438746295553798
hf516jk4la5b_2,0.10866423325477781,3.2857142857142856,0.24674683333918365,0.7659489679420134,0.5522937205704105,0.9834816862268548,5.0,-0.3047672414912578,0.15073438641827855
cvucbm7z241b_2,-0.4435427358148781,2.4,-0.848551682906907,0.6235632842188539,-0.08840681593435251,0.9618093490382991,4.0,-0.5781757957551192,-0.4896692576028142
0y8ah0wzu7p6_2,-0.4851067012287231,2.3333333333333335,0.6921446889446328,0.8238494190597269,-0.19168703721415228,0.9583157921377614,2.0,-1.1249929042828422,-0.2774104884452712
g5q0t3bta2bq_2,0.4101171692233245,3.769230769230769,-0.12121702176396446,0.7181147160762875,-0.34865707781957184,0.953006123338262,12.0,1.6090926383557724,0.38733392699889013
qfnndk3bf4jx_2,-0.3811967876941105,2.5,-0.2049948518941631,0.7072238370629438,-0.6901422660044042,0.9414550449146152,10.0,1.0622755298280495,-0.053514593941157096
v28qlwosnznn_2,0.08639782321164652,3.25,-0.13005505326246466,0.7169657971843001,0.05718432665891729,0.9667341152187079,3.0,-0.8515843500189807,-0.2095143133527204
d4h99xg192t6_2,0.5539924341174036,4.0,0.23584047684424786,0.7645311726985923,1.0692733384796087,1.000969039460647,4.0,-0.5781757957551192,0.32023261342153525
hqv8kfbmsfsa_2,0.24226269351356555,3.5,0.718811322043926,0.8273160053191977,-0.4682307375761783,0.9489614245664268,3.0,-0.8515843500189807,-0.08968526800941687
91uipy4qhti9_2,0.1383527799789529,3.3333333333333335,-0.31442389206239674,0.6929983738924794,0.9465557560241957,0.9968179943554765,6.0,-0.03135868722739635,0.1847814891783389
5jm8lmm130ak_2,0.06907950428921113,3.2222222222222223,-0.3394669681886939,0.6897428454097102,0.3563964656668994,0.9768552654254268,8.0,0.5154584213003266,0.15036685576693581
bhxxpsgq9eyw_2,0.6786843303589387,4.2,-1.0534210685908831,0.5969308482921327,-0.1263157780677578,0.9605270404354294,3.0,-0.8515843500189807,-0.33815921657967074
7veq8clhqdwx_2,0.6786843303589387,4.2,-0.027865322413098952,0.7302501707871614,-0.4728638679779914,0.9488047042913754,4.0,-0.5781757957551192,-0.10005516394681771
d67hvgv1paq9_2,-0.06946704709027242,3.0,-0.1593798354493174,0.7131536591235109,0.4981397654949644,0.9816498744714103,6.0,-0.03135868722739635,0.05948354893199457
kkh1foquuidd_2,-0.6929265282979484,2.0,0.866815784913292,0.8465561634378808,-0.019954140842414352,0.9641248293157846,5.0,-0.3047672414912578,-0.03770803142958213
8u89yfrn6iok_2,-0.007121098969504825,3.1,0.3775459907768666,0.7829524854177855,0.18733252923218846,0.9711365084897358,2.0,-1.1249929042828422,-0.14180887081082297
imj0e771mman_2,1.1774519153250795,5.0,1.127363134616634,0.8804265759140284,0.5036353589529161,0.9818357684229306,1.0,-1.3984014585467037,0.3525122375869815
93anow4veuqu_2,0.5539924341174035,4.0,0.17411016755732986,0.7565064085234483,-1.4327823002195597,0.9163345021427397,3.0,-0.8515843500189807,-0.3890660121409517
ogs9ieck1frq_2,-0.06946704709027243,3.0,-0.06115589781876032,0.7259224909169117,-0.13021422343257372,0.9603951716174034,4.0,-0.5781757957551192,-0.2097532410241814
1q1z7piz49za_2,-0.27728687415949776,2.6666666666666665,-0.6622652568954921,0.6477799883799134,-0.5094305219532351,0.947567800606025,2.0,-1.1249929042828422,-0.6434938893227669
039d40evjkg6_2,0.03444286644434023,3.1666666666666665,-0.7272016661778354,0.639338440347983,-0.16792740781331028,0.9591194853930523,5.0,-0.3047672414912578,-0.2913633622595158
e9gtoq56l7f7_2,-0.13874032278001425,2.888888888888889,-0.29529868727686903,0.6954845959765428,0.7690515032080806,0.9908137352667925,8.0,0.5154584213003266,0.21261772861288097
etwdldogi8jg_2,-0.17337696062488508,2.8333333333333335,0.5291580322955521,0.8026616184733916,-0.3604870024987095,0.9526059642905418,5.0,-0.3047672414912578,-0.07736829307982505
hnjkysyb1e6y_2,0.32727989549643044,3.6363636363636362,0.1662163092345575,0.7554802294518708,0.008397977290079638,0.9650838681009387,10.0,1.0622755298280495,0.3910424279622793
wq9pp7ffyhsq_2,0.5539924341174035,4.0,0.3585391083573893,0.7804816449038968,-1.735391876874423,0.9060984302057192,2.0,-1.1249929042828422,-0.48696330967061807
so613bcxr66j_2,0.5539924341174036,4.0,0.03962786973788017,0.7390240933010093,0.9828126711404099,0.9980444208137751,4.0,-0.5781757957551192,0.24956429481014358
sdupg1id2wbw_2,-0.4435427358148781,2.4,0.2128523157378245,0.7615427773085442,-0.28652764710101686,0.9551077135432757,9.0,0.788866975564188,0.06791222709652942
1uqrsi16agpq_2,-0.1585326872627976,2.857142857142857,0.04450866747835263,0.7396585830890292,0.7294679847005617,0.9894747831178146,6.0,-0.03135868722739635,0.1460213194221801
xasfeoa6ph3w_2,1.6450465262308365,5.75,-0.25886940100460654,0.7002202993090005,-0.32634276342673835,0.9537609273661952,3.0,-0.8515843500189807,0.05206250294512768
yyuvh6wdo2yo_2,0.3046086416343331,3.6,0.2552975919644447,0.7670605421796761,-0.35453797011957033,0.952807196267605,4.0,-0.5781757957551192,-0.09320188306897795
iygdqwnrh5l7_2,0.8657221747212415,4.5,-0.3463325604313531,0.6888503379963105,-0.8032351973996257,0.9376295632688365,1.0,-1.3984014585467037,-0.42056176041411025
f3kkba560heh_2,-0.17337696062488508,2.8333333333333335,-0.11096726036743267,0.719447155829284,0.05230668676289884,0.9665691241651846,11.0,1.3356840840919109,0.27591163746562297
nczptcxlg944_2,0.24226269351356555,3.5,0.40697637019894156,0.7867783508180292,0.37442649133809597,0.9774651490974402,1.0,-1.3984014585467037,-0.09368397587402516
m5dfshb9vuf7_2,0.13835277997895284,3.3333333333333335,0.024346951579657015,0.737037617516003,0.4224779717353004,0.9790905385364105,12.0,1.6090926383557724,0.5485675854124207
15250ldvnl40_2,-0.3811967876941104,2.5,0.08069169205195455,0.744362273102909,0.22033337012967588,0.9722527949772386,11.0,1.3356840840919109,0.3138780896448577
qrsrk4goz3vh_2,0.055224849151262745,3.2,0.288790611305717,0.7714145391842596,0.21629898862882121,0.9721163279832968,9.0,0.788866975564188,0.3372953561624973
eumnde405cl7_2,0.008465388060687043,3.125,-0.1662535675783351,0.7122600935480965,-0.11915569403192937,0.960769237447421,6.0,-0.03135868722739635,-0.07707564019424346
832dgj88hdpu_2,-0.27728687415949776,2.6666666666666665,0.24751234184901408,0.7660484818653424,0.09252898702171607,0.9679296837465201,8.0,0.5154584213003266,0.14455321900288975
k8h42qzwmcak_2,-0.5890166147633358,2.1666666666666665,-0.4847530971442855,0.6708560629481286,-0.19382978258192143,0.9582433116301394,5.0,-0.3047672414912578,-0.3930916839952001
48bgptv3uc5r_2,-0.06946704709027246,3.0,-0.025007719346015297,0.7306216510370486,0.05752429529361662,0.9667456149981913,9.0,0.788866975564188,0.18797912610537923
fseoe2vexf4a_2,-0.13181299521104006,2.9,-0.03862206747890662,0.72885182460289,1.086309860787464,1.0015453168865884,8.0,0.5154584213003266,0.35783330484946096
tyc4jone9jtw_2,-0.1585326872627976,2.857142857142857,-0.18174929968740253,0.7102456925620507,-0.1708981976449046,0.9590189954523104,6.0,-0.03135868722739635,-0.13563471795562526
2zinauuki2xw_2,0.5539924341174036,4.0,-0.12829865711582666,0.7171941236747668,-0.3420024224849241,0.953231223718344,8.0,0.5154584213003266,0.14978744395424487
ce0uoiy85231_2,0.32727989549643044,3.6363636363636362,-0.2628072003326877,0.6997083966255065,0.09006298978963503,0.9678462689209119,10.0,1.0622755298280495,0.30420280369535685
0upv7c2e5klh_2,0.03444286644434023,3.1666666666666665,0.4732456312744897,0.7953931657822726,0.26061694446070277,0.9736154272154213,4.0,-0.5781757957551192,0.047532411606103386
m8z30bkv3zod_2,0.08639782321164655,3.25,-0.707460521925007,0.6419047328063624,-0.5411437347810846,0.9464950694272952,4.0,-0.5781757957551192,-0.4350955573123911
mnmcltvuimub_2,0.13835277997895287,3.3333333333333335,-0.9983540305629809,0.6040894062048054,0.6420528579956495,0.9865178789271855,5.0,-0.3047672414912578,-0.13067890851990907
vbm0hssjhl6f_2,0.10866423325477784,3.2857142857142856,0.015522618487391464,0.7358904793777633,0.6727855845637158,0.9875574441764053,6.0,-0.03135868722739635,0.1914034372696222
4s9edvacwjmd_2,0.16433025836260606,3.375,0.20315386574808997,0.7602820064662938,0.7879125641483816,0.9914517295389091,7.0,0.2420498670364651,0.34936163882388566
psflahllhzud_2,-0.06946704709027245,3.0,0.15099729585992475,0.7535018011122014,0.6849967873571542,0.9879705003381201,3.0,-0.8515843500189807,-0.021264328473043548
i8vntfwqv17i_2,-0.9007463553671737,1.6666666666666667,-0.3271185060476563,0.6913481102747693,-0.29322283878310823,0.9548812419806517,2.0,-1.1249929042828422,-0.6615201511201951
epug6wuot6ns_2,-0.2475983274353227,2.7142857142857144,-0.0761373145092468,0.7239749494686432,0.2639368500120059,0.9737277263449562,6.0,-0.03135868722739635,-0.022789369789989987
zofm722cvj1k_2,0.5539924341174035,4.0,0.43134641196249723,0.7899463867528886,-1.2351499229410197,0.9230196151959025,1.0,-1.3984014585467037,-0.41205313385195563
