,ID,sc_E_elaboration_z,sc_E_elaboration_raw,sc_E_flexibility_z,sc_E_flexibility_raw,sc_E_originality_z,sc_E_originality_raw,sc_E_fluency_raw,sc_E_fluency_z,sc_E_creativity_score
0,zgtrcecvauk4_1,0.6402895489414078,4.5,-0.11415967909982618,0.6655754702546544,0.4066015073643945,0.9867382014497683,3.0,-0.3543411480180136,0.14459755729699064
1,hjr8vpd7fapz_1,-0.38414030260687326,2.6,0.06729647907411876,0.6902879289719093,0.10341100367863451,0.9592065587152941,3.0,-0.3543411480180136,-0.1419434919680334
2,xbnmcc5pxceu_1,-0.014421258439072604,3.2857142857142856,-0.4623278805390974,0.6181585493228169,0.22898835988154076,0.9706097882508127,6.0,0.5766296942901837,0.08221722879838862
3,3kofmh9dg9xx_1,-0.8424378677732095,1.75,0.6614955252434878,0.7712117154449842,-0.48365127238881866,0.9058975379805017,3.0,-0.3543411480180136,-0.2547336907341385
4,f8jryrdfkdx2_1,-0.5279199308943513,2.3333333333333335,-0.4984071201546576,0.6132449287076666,0.28826377491935773,0.9759923761944321,5.0,0.26630608018745133,-0.11793929898554993
5,nbd4iho7n72m_1,0.15503330347116942,3.6,-0.31908463663056114,0.6376668029265444,0.1011719352791542,0.9590032369407557,4.0,-0.044017533915281126,-0.02672423294887966
6,63szpj5u8o2i_1,0.9098763519804292,5.0,-0.935478919926595,0.5537202538934543,-0.11680245602236594,0.9392097638813297,0.0,-1.285311990326211,-0.35692925357368566
7,ia9y1d0x3x7t_1,-0.06063613896004766,3.2,0.5118198510026986,0.7508274311204641,0.20872778398296377,0.9687699979854406,4.0,-0.044017533915281126,0.1539734905275834
8,mtmb7nh1k07f_1,-0.7076444662536988,2.0,-0.5726118543667453,0.6031390086369726,-0.7755815482443982,0.8793883961685848,0.0,-1.285311990326211,-0.8352874647977633
9,hr053hyuwem6_1,0.7558267502438455,4.714285714285714,0.041368196535356554,0.6867567640982749,0.39182427076776294,0.9853963335692263,3.0,-0.3543411480180136,0.20866951738223782
10,6wx67twfnuox_1,1.6287744934178192,6.333333333333333,-1.9108736923703136,0.42088153797654887,0.21229756924262586,0.9690941573875756,1.0,-0.9749883762234784,-0.26119750148333676
11,656xmu29mv16_1,-0.7076444662536988,2.0,0.9141802825381928,0.8056247753045399,-0.8101829917648062,0.8762463631249368,4.0,-0.044017533915281126,-0.16191617734889835
12,h05dt9u04ag6_1,-0.47657006364882337,2.4285714285714284,1.135391888769327,0.8357515163409295,0.37054169497440465,0.9834637391571686,5.0,0.26630608018745133,0.3239174000705899
13,aqgoay2w4h2m_1,1.9882235641365145,7.0,-0.163887502961439,0.6588030531229028,0.31398860806457995,0.9783283560715996,1.0,-0.9749883762234784,0.2908340732540443
14,barb4qdxq6t1_1,1.9882235641365145,7.0,-0.4658167686271451,0.6176833987205301,0.16363053872131578,0.9646748788119869,2.0,-0.664664762120746,0.2553431430274848
15,3y4g82qrfzgu_1,-0.7846692671219906,1.8571428571428572,0.0418536863684869,0.6868228828102526,0.3961142595113109,0.9857858920678814,6.0,0.5766296942901837,0.05748209326199773
16,rzv8pux6l1g8_1,-0.7076444662536988,2.0,0.40312141783689953,0.7360238247327154,-0.06702652932887777,0.943729737343041,2.0,-0.664664762120746,-0.25905358496660574
17,u27jmgu8s0ev_1,1.359187690378798,5.833333333333333,-0.5897180638107359,0.6008093192015328,0.29775960472673757,0.9768546584577154,2.0,-0.664664762120746,0.10064111729351344
18,3n6trc3kljyo_1,-0.16847086017565616,3.0,0.6037954855857801,0.7633535646807749,-4.250516075383673,0.5638420490242668,1.0,-0.9749883762234784,-1.1975449565492569
19,sprnfuwnq7ac_1,-0.7975067339333726,1.8333333333333333,0.5833568791001593,0.7605700371108263,0.23440810022011957,0.9711019354417748,5.0,0.26630608018745133,0.0716410813935894
20,pia8uidyh0xh_1,1.2693254226991242,5.666666666666667,-0.1474684496367037,0.6610391589764996,0.2281634381132974,0.9705348800622939,2.0,-0.664664762120746,0.17133891226374298
21,ed8h9v6yer07_1,-0.6627133324138619,2.0833333333333335,1.1769118904822655,0.8414061126830816,-0.4543987192613192,0.9085538574627644,11.0,2.128247764803846,0.5470119009027327
22,xh3pjt4r5nf2_1,0.694206909549212,4.6,-0.4571125254482273,0.618868826938501,0.11870020753724693,0.9605949165075491,2.0,-0.664664762120746,-0.07721754262062858
23,hf2atxzwe00u_1,-0.16847086017565618,3.0,0.6395784298915793,0.7682268329282554,-0.3585060828905167,0.9172615240068461,2.0,-0.664664762120746,-0.1380158188238349
24,iat3flfmgzl6_1,-0.5921072649512611,2.2142857142857144,0.83002737597188,0.7941640166817133,-0.8709942106545073,0.8707243143392187,13.0,2.7488949930093107,0.5289552233438556
25,pfi2dt661qbd_1,0.6402895489414078,4.5,-0.38743932110526097,0.6283575993414408,-0.0924485712283557,0.9414212528534254,3.0,-0.3543411480180136,-0.04848487285255562
26,6i5ue4jm9v39_1,1.449049958058472,6.0,-0.28463849013939124,0.6423580130882603,0.2142458938299384,0.9692710777588163,2.0,-0.664664762120746,0.17849814990706825
27,y84228e2pmvp_1,-0.43805766321467754,2.5,-0.04030575752598044,0.6756336132593765,0.36848189318371893,0.9832766959407233,1.0,-0.9749883762234784,-0.27121747594510437
28,j4zhqovyxicy_1,-0.6177821985740252,2.1666666666666665,-0.08206224969106819,0.6699468093548328,-1.3767816721676123,0.8247955681526692,5.0,0.26630608018745133,-0.4525800100613136
29,u498l95or7np_1,0.7301518166210816,4.666666666666667,-0.2519092072584029,0.6468154041196876,0.430387767279727,0.9888981464415053,2.0,-0.664664762120746,0.06099140363041494
30,7wua7gopt4k8_1,-0.30326426169516685,2.75,0.3640977575360828,0.7307092043644408,0.23669881512648272,0.9713099470504561,5.0,0.26630608018745133,0.1409595977887125
31,9pa7mfd4rubz_1,-0.16847086017565618,3.0,-0.79254190374892,0.5731868024361182,0.07805313648606897,0.956903901700754,0.0,-1.285311990326211,-0.5420679044411796
32,hl0jpyfe02sw_1,0.49051910280861816,4.222222222222222,-0.45002112690693225,0.6198346023382607,-0.005606218947971796,0.9493070955435479,4.0,-0.044017533915281126,-0.002281444240391752
33,eeukrcggxx3o_1,1.314256556538961,5.75,-0.5562940239876674,0.6053613289685403,0.09159837130452654,0.9581338959164133,3.0,-0.3543411480180136,0.12380493895945165
34,j2x2vhg83u9h_1,-0.21340199401549306,2.9166666666666665,1.117496575313455,0.8333143590713116,0.19560438833685093,0.967578309472774,11.0,2.128247764803846,0.8069866836096646
35,p5u9r9m1uh0b_1,-0.4717560135945552,2.4375,0.22849025726629568,0.7122408603529095,-0.2696922721686727,0.9253263877705717,15.0,3.369542221214776,0.7141460481794609
36,bq16gvcq7u48_1,-0.4829887970545143,2.4166666666666665,1.060832001192488,0.8255972280420473,-0.9803194601972652,0.86079688034746,11.0,2.128247764803846,0.4314428771861386
37,agge90qqyjhj_1,-0.11945507780492504,3.090909090909091,0.43962642050071526,0.7409954298872676,-0.4276443026840642,0.9109833301204493,10.0,1.8179241507011135,0.42761279767820987
38,5o9ptvrbynfu_1,-0.16847086017565618,3.0,1.1799350705785243,0.8418178386563163,0.40462720246966294,0.9865589218999476,5.0,0.26630608018745133,0.4205993732649956
39,tue9ikgul5zq_1,-0.46256555440004304,2.4545454545454546,0.39788482111898504,0.7353106542263372,-0.40456733839393344,0.91307886651921,8.0,1.1972769224956488,0.18200721270516435
40,umuss3ln1x8v_1,-0.647736287800583,2.111111111111111,0.5895529392053879,0.7614138766426505,-0.1333661397042691,0.9377056751451942,8.0,1.1972769224956488,0.25143185854904615
41,0qxabjy7ujod_1,-0.7076444662536988,2.0,0.409494228368886,0.7368917358511335,-0.4437884020393766,0.9095173423328471,3.0,-0.3543411480180136,-0.27406994698555076
42,kwt35vcdmbod_1,0.6402895489414078,4.5,0.22845986456573084,0.7122367211803095,0.3341342728124732,0.9801577116673221,3.0,-0.3543411480180136,0.21213563457539952
43,00x2emqtotyd_1,3.3361575793316214,9.5,-0.35326083716349765,0.6330123566223677,0.2315920899201392,0.9708462236415267,1.0,-0.9749883762234784,0.5598751139661962
44,dvornclgd0aq_1,1.8084990287771667,6.666666666666667,-0.5928397653997861,0.600384175616309,0.3435088890699582,0.981008986962677,2.0,-0.664664762120746,0.22362584758164822
45,siggsyvh7xo1_1,-0.7076444662536987,2.0,0.7202754729435534,0.7792169385553942,-0.3017546089779446,0.9224149219049383,9.0,1.5076005365983811,0.3046192335775728
46,vi9q7fothzy9_1,-0.38414030260687315,2.6,0.9406619992462006,0.8092313122085196,-0.4884964586249342,0.9054575639878696,9.0,1.5076005365983811,0.3939064436531936
47,wolvnbj3iu83_1,1.5838433595779824,6.25,0.38513429248576814,0.7335741636291456,0.345602595986431,0.9811991089820484,3.0,-0.3543411480180136,0.490059775008042
48,wkys7wy9il7c_1,0.37070274590238644,4.0,0.2923043140436303,0.7209316772398112,-0.08367653219409898,0.9422178102713133,5.0,0.26630608018745133,0.21140915198484228
49,mwmkmapelpgo_1,0.5054961474218971,4.25,0.148927269758929,0.7014052014037518,0.4104719602571552,0.987089663401804,3.0,-0.3543411480180136,0.1776385573549919
50,qazygyn8c297_1,0.1909782105430389,3.6666666666666665,0.7105974950255791,0.7778988977009461,0.46491203581951207,0.992033171501827,2.0,-0.664664762120746,0.175455744816846
51,0264ddif97z6_1,-0.5279199308943512,2.3333333333333335,0.5194757151952879,0.7518700809247374,0.48485277831530993,0.9938439188424609,8.0,1.1972769224956488,0.41842137127797385
52,lbt3alhiu1f0_1,0.909876351980429,5.0,-0.026574383419318576,0.6775036849017884,0.39647170776177826,0.9858183506620929,2.0,-0.664664762120746,0.15377722855053566
53,48910ns9ag9c_1,-0.10856268172254034,3.111111111111111,0.4529655044646336,0.7428120756550478,0.13655275755903284,0.9622160425755628,7.0,0.8869533083929162,0.34197722217351056
54,749d7d4z0hj1_1,0.5054961474218971,4.25,0.2436214307443093,0.7143015702438384,0.29787853047173996,0.9768654576782829,3.0,-0.3543411480180136,0.17316374015498315
55,96nxhlo4yz55_1,-0.6402477654939435,2.125,-0.3422253684447244,0.6345152737340416,0.034864181499389885,0.9529820675261556,7.0,0.8869533083929162,-0.015163911011590453
56,tbd6qkgwwv0w_1,-0.16847086017565616,3.0,0.2309231319951544,0.7125721928185927,0.37984808936437153,0.9843088194693019,6.0,0.5766296942901837,0.25473251386851337
57,8508djccbx01_1,-0.9233139086849158,1.6,-0.2878333954485685,0.6419228999107682,0.2731151000560123,0.974616779336456,4.0,-0.044017533915281126,-0.24551243449818827
58,90z2wrbrs8i0_1,-0.5921072649512611,2.2142857142857144,-0.6307642658649193,0.5952192494900836,0.21951909480575493,0.9697499182355737,13.0,2.7488949930093107,0.4363856392497213
59,2z9m6xr38h4r_1,0.06260354242921921,3.4285714285714284,-0.628199473272654,0.5955685478092617,0.41084886629577466,0.9871238888880035,6.0,0.5766296942901837,0.10547065743563089
60,a3nfmupku2aj_1,-0.014421258439072573,3.2857142857142856,0.9377242316569135,0.8088312185385017,0.27399137894027564,0.9746963510805706,6.0,0.5766296942901837,0.4434810116120751
61,1p4bgxq1r154_1,-0.25833312785532997,2.8333333333333335,0.2586716286781681,0.7163512521001604,0.18007315990092473,0.966167974296285,5.0,0.26630608018745133,0.11167943522780355
62,zufbg4rjsv9g_1,1.1794631550194503,5.5,0.31610687150952355,0.7241733402655275,0.2209379842469458,0.9698787624991628,1.0,-0.9749883762234784,0.18537990863811035
63,d6q2d70c8zy8_1,-0.03367745865614552,3.25,0.1739904476205555,0.7048185479358378,0.4117387233790688,0.9872046936196959,3.0,-0.3543411480180136,0.04942764108136628
64,q2bgh6j5xiex_1,1.5568846792740803,6.2,-0.8794101684907372,0.5613562400133545,0.22154308151987578,0.9699337092133092,1.0,-0.9749883762234784,-0.018992695980064894
65,7eanb1cab53p_1,0.5863721883336035,4.4,-0.1495677038446593,0.6607532621875826,0.13889148013246363,0.9624284135883879,4.0,-0.044017533915281126,0.13291960767653166
66,qmkqt2gdyxmf_1,0.478537467117995,4.2,-0.5376033481671526,0.607906806395486,-0.017040754591551098,0.9482687663533305,4.0,-0.044017533915281126,-0.03003104238899746
67,utw51njlxqxq_1,-0.10856268172254033,3.111111111111111,0.44222816467885434,0.7413497606316313,0.39062080221352913,0.9852870509041212,8.0,1.1972769224956488,0.48039080191637296
68,l9sg3jdp2585_1,0.10111594286336517,3.5,-0.6899881023373542,0.587153573303445,0.12724307763244525,0.961370663915627,7.0,0.8869533083929162,0.10633105663784312
69,5umkinfvrwcc_1,-0.5279199308943513,2.3333333333333335,0.6142933198328301,0.76478326151808,-0.08346852647605564,0.9422366985248908,2.0,-0.664664762120746,-0.1654399749145807
70,c4bdro822vx5_1,-0.3032642616951668,2.75,-0.3306121986929624,0.6360968677728165,0.25250196935685687,0.9727449748335142,7.0,0.8869533083929162,0.12639470434041097
71,wu8wv7jwolkb_1,-0.006718778352243393,3.3,0.15883400331820982,0.7027543964190672,-0.019513244235401905,0.948044248432381,8.0,1.1972769224956488,0.3324697258065533
72,ar7p32wtt1lv_1,-0.6691320658195529,2.0714285714285716,-0.12925594641640292,0.6635195142231817,0.19766773429369122,0.9677656745222419,13.0,2.7488949930093107,0.5370436787667615
73,pdff8xeh7s27_1,-0.38414030260687326,2.6,0.07512910057702019,0.691354651300246,0.13854342767244,0.9623968081922237,4.0,-0.044017533915281126,-0.05362132706817356
74,pi85glpnm5jh_1,-0.7076444662536988,2.0,-1.535126726258699,0.47205440243930147,-0.2458731805549943,0.9274893140911374,1.0,-0.9749883762234784,-0.8659081873227176
75,86vaal8zynah_1,-0.7076444662536988,2.0,1.1759929089366281,0.8412809568672799,-0.5280790141037,0.9018632140240318,3.0,-0.3543411480180136,-0.10351792985969606
76,6bf4pjalcksy_1,0.9098763519804292,5.0,-0.705704877848063,0.5850131104506802,-0.023705917586958378,0.9476635267956075,2.0,-0.664664762120746,-0.12104980139383456
77,pztuk75bivze_1,-0.1684708601756562,3.0,-2.423109372693537,0.3511203172448828,0.026729493170819137,0.9522433856410177,2.0,-0.664664762120746,-0.8073788754547799
78,c6nv9gdafx2l_1,0.011253675183691358,3.3333333333333335,0.3566808157175705,0.7296990933252632,-0.31936353212569907,0.9208159187199797,2.0,-0.664664762120746,-0.15402345083629582
79,fa8qh5t294o8_1,5.223265200604771,13.0,-0.692817976806223,0.5867681735645179,-0.023787046897728478,0.9476561597337363,0.0,-1.285311990326211,0.8053370466436519
80,99pcouebu74x_1,0.19097821054303896,3.6666666666666665,0.06496039768450401,0.6899697787615114,0.532758798383608,0.998194092786952,2.0,-0.664664762120746,0.03100816112260124
81,0g46783i1hcz_1,-0.6306196653854069,2.142857142857143,-1.1795129713098813,0.5204853310277728,0.45457397934688,0.9910944096543638,6.0,0.5766296942901837,-0.19473224076455617
82,u4s0qsob1tjs_1,0.13962834329751103,3.5714285714285716,0.3940920379415605,0.7347941162447177,0.1371760955713798,0.9622726456658645,6.0,0.5766296942901837,0.3118815427751588
83,jkeyu4i7qied_1,1.5838433595779824,6.25,-1.2313224470015667,0.5134294143695679,0.36451067456914366,0.9829160838147238,1.0,-0.9749883762234784,-0.06448919726947977
84,q1tv6k8ua7vb_1,-0.2763055813912647,2.8,0.12496383752766498,0.6981416288929132,0.005910079936955537,0.9503528493605998,4.0,-0.044017533915281126,-0.04736229946048133
85,jt7j5sd8v6tb_1,0.46056501358206026,4.166666666666667,0.4912195258369972,0.7480218791329066,0.24091452224468476,0.9716927603010049,4.0,-0.044017533915281126,0.28717038193711525
86,hf516jk4la5b_1,0.5863721883336035,4.4,0.11278438741534205,0.6964829133049247,-0.5732858621984016,0.8977581422102228,4.0,-0.044017533915281126,0.020463294908815696
87,ni5qmimfezdj_1,0.8020416307648206,4.8,-0.5641932550124951,0.6042855351097727,-0.463027253760091,0.9077703311772958,4.0,-0.044017533915281126,-0.06729910298076165
88,cvucbm7z241b_1,0.29367794503409467,3.857142857142857,-0.9433513775000806,0.5526481063028411,0.1952919820671342,0.9675499409793638,4.0,-0.044017533915281126,-0.1245997460785332
89,0y8ah0wzu7p6_1,0.011253675183691395,3.3333333333333335,0.3410903956291888,0.7275758387788428,0.33720161362703366,0.9804362458906066,2.0,-0.664664762120746,0.0062202305797919855
90,g5q0t3bta2bq_1,-0.5998097450380904,2.2,-0.5862986941972805,0.6012750021040141,-0.2777947462185559,0.9245906311485967,3.0,-0.3543411480180136,-0.4545610833679851
91,qfnndk3bf4jx_1,-0.29289553850135824,2.769230769230769,-0.16733104190331138,0.6583340786069721,0.3534889911169609,0.9819152442519766,12.0,2.4385713789065786,0.5829584474047175
92,r1ygwm0htaww_1,0.17814074373165698,3.642857142857143,-0.44901987663335763,0.6199709623069738,0.3861946376539353,0.9848851267677866,5.0,0.26630608018745133,0.0954053962349215
93,v28qlwosnznn_1,0.7301518166210815,4.666666666666667,-0.3834692300690484,0.6288982848261522,0.2931747577928225,0.9764383249438279,2.0,-0.664664762120746,-0.0062018544439725876
94,d4h99xg192t6_1,-0.8424378677732095,1.75,0.5156326413496357,0.7513466938723838,0.19313862931462242,0.9673544027354453,3.0,-0.3543411480180136,-0.12200193628174125
95,hqv8kfbmsfsa_1,-0.7076444662536988,2.0,-0.5209856204730002,0.6101699696507262,0.17007148638482253,0.9652597581792078,2.0,-0.664664762120746,-0.43080584061565563
96,91uipy4qhti9_1,-0.5279199308943513,2.3333333333333335,-0.6282549397596779,0.5955609938453479,0.25542521738422747,0.9730104245073511,2.0,-0.664664762120746,-0.39135360384763695
97,5jm8lmm130ak_1,0.6702436381679657,4.555555555555555,-0.009493969888452462,0.6798298611997046,0.03966383501289657,0.9534179068554772,5.0,0.26630608018745133,0.2416798958699653
98,bhxxpsgq9eyw_1,1.0896008873397767,5.333333333333333,-1.3084729106982855,0.5029223163007628,0.40725883620625414,0.9867978911254446,2.0,-0.664664762120746,-0.11906948731825018
99,7veq8clhqdwx_1,0.011253675183691358,3.3333333333333335,-1.6620066819232016,0.4547746600598754,-0.10813324492553265,0.939996983862847,2.0,-0.664664762120746,-0.6058877534464472
100,d67hvgv1paq9_1,0.5054961474218971,4.25,-0.16190923559288417,0.6590724727511429,0.49541984549810864,0.9948034763315355,3.0,-0.3543411480180136,0.121166402327277
101,kkh1foquuidd_1,0.3707027459023865,4.0,1.22093626127662,0.8474017782849383,0.36973736510907296,0.9833907008455334,1.0,-0.9749883762234784,0.24659699901615026
102,8u89yfrn6iok_1,1.5260747589267638,6.142857142857143,-1.5141044955102159,0.4749174136192168,0.22138952314151222,0.9699197651274601,1.0,-0.9749883762234784,-0.18540714741635456
103,imj0e771mman_1,0.13962834329751103,3.5714285714285716,0.008538926590511317,0.6822857558591833,-0.02329663058751353,0.9477006926807773,5.0,0.26630608018745133,0.09779417987199004
104,93anow4veuqu_1,-1.2468180723317415,1.0,0.9289735208069585,0.8076394619026159,0.5775370839064278,1.002260248369959,1.0,-0.9749883762234784,-0.1788239609604584
105,ogs9ieck1frq_1,-0.8424378677732094,1.75,-0.25732094324274335,0.6460783814501483,-0.7663057203692523,0.8802307008450851,3.0,-0.3543411480180136,-0.5551014198508046
106,1q1z7piz49za_1,0.7301518166210816,4.666666666666667,1.0641793511266238,0.8260531026064158,0.2706931120081709,0.9743968472843972,1.0,-0.9749883762234784,0.2725089758830995
107,039d40evjkg6_1,-0.16847086017565618,3.0,-1.4966971596904601,0.4772881133637289,0.2754376333472319,0.9748276802586004,1.0,-0.9749883762234784,-0.5911796906855907
108,e9gtoq56l7f7_1,-0.16847086017565616,3.0,-1.0486303939315755,0.5383101892349481,-0.06152899121089893,0.9442289490714539,6.0,0.5766296942901837,-0.17550013775698672
109,f9huuggewzot_1,-0.5728510647341881,2.25,-0.042489801568326546,0.6753361689688311,-0.385294217192497,0.9148289895634532,7.0,0.8869533083929162,-0.028420443775523885
110,etwdldogi8jg_1,0.7750829504609185,4.75,-0.11946630916205679,0.6648527619285202,0.44646843851122614,0.9903583745485671,3.0,-0.3543411480180136,0.18693598294801855
111,9ofgg837igyn_1,0.550427281261734,4.333333333333333,0.2735733084645213,0.71838070731537,-1.132797887829229,0.8469508609529063,2.0,-0.664664762120746,-0.24336551505592993
112,hnjkysyb1e6y_1,1.2333805156272548,5.6,-0.006153160862480256,0.6802848449597896,0.20814962630851422,0.9687174975596567,2.0,-0.664664762120746,0.1926780547381357
113,wq9pp7ffyhsq_1,-0.4380576632146775,2.5,-0.9641717099670555,0.5498125915881715,0.0009565291107967722,0.9499030351680213,1.0,-0.9749883762234784,-0.5940653050736037
114,so613bcxr66j_1,-0.9772312692927201,1.5,-0.053281513646762924,0.6738664489994972,0.5259802715736634,0.9975785590676278,1.0,-0.9749883762234784,-0.3698802218973245
115,sdupg1id2wbw_1,-0.16847086017565618,3.0,0.8409086743422537,0.7956459373807632,-0.033603032886528196,0.9467648052353435,12.0,2.4385713789065786,0.769351540046662
116,1uqrsi16agpq_1,-0.03367745865614549,3.25,-1.4275455752659862,0.4867058465094093,-0.10051067014980478,0.9406891625521231,2.0,-0.664664762120746,-0.5565996165481706
117,xasfeoa6ph3w_1,0.10111594286336512,3.5,-1.2855573056995064,0.5060431855410914,0.2533098787945336,0.9728183381932816,1.0,-0.9749883762234784,-0.47652996506627154
118,yyuvh6wdo2yo_1,0.10111594286336516,3.5,-1.5663030253027161,0.46780851180194144,-0.5039562544465529,0.9040537153510078,1.0,-0.9749883762234784,-0.7360329282773456
119,iygdqwnrh5l7_1,0.909876351980429,5.0,0.04994724320811278,0.6879251418423394,0.3563957374724565,0.9821791954681474,2.0,-0.664664762120746,0.16288864263506309
120,f3kkba560heh_1,2.4195624489989482,7.8,-0.6348620409039383,0.5946611747600582,0.24916668888127314,0.972442109970147,3.0,-0.3543411480180136,0.4198814872395673
121,nczptcxlg944_1,-0.8424378677732095,1.75,0.07645417602388238,0.6915351129203273,-0.10446305592248677,0.9403302605689823,3.0,-0.3543411480180136,-0.30619697392245687
122,m5dfshb9vuf7_1,-0.39954526278053165,2.5714285714285716,-1.053315505191967,0.537672125364461,0.2417653876756542,0.9717700243405307,5.0,0.26630608018745133,-0.23619732502734825
123,15250ldvnl40_1,-0.024691231888178143,3.2666666666666666,-0.7591684670298091,0.5777319205818653,-0.13262889777456688,0.9377726214418978,8.0,1.1972769224956488,0.07019708145077366
124,qrsrk4goz3vh_1,0.23590934438287578,3.75,-0.21521661489727578,0.6518125570577774,0.12746687166096948,0.9613909858490798,1.0,-0.9749883762234784,-0.20670719376922725
125,eumnde405cl7_1,-0.3481953955350037,2.6666666666666665,-0.19810548373656212,0.6541429167803133,-0.35243280024374574,0.9178130170319365,2.0,-0.664664762120746,-0.3908496104090144
126,832dgj88hdpu_1,0.550427281261734,4.333333333333333,0.1898104756378914,0.7069730727159196,0.34614416127171843,0.9812482865841524,4.0,-0.044017533915281126,0.2605910960640157
127,k8h42qzwmcak_1,0.37070274590238644,4.0,0.19468825223026026,0.7076373756190779,0.47130287249136704,0.9926135004695384,1.0,-0.9749883762234784,0.015426373600133853
128,48bgptv3uc5r_1,0.7900599950741974,4.777777777777778,0.0008156710876938021,0.6812339280529689,0.30845999137918345,0.9778263222098926,6.0,0.5766296942901837,0.4189913379578146
129,fseoe2vexf4a_1,-0.7076444662536988,2.0,1.6488612806048535,0.9056807558663562,0.4670296912192749,0.9922254681971134,6.0,0.5766296942901837,0.4962190499651533
130,tyc4jone9jtw_1,1.4490499580584717,6.0,0.3342361448440324,0.726642360459504,0.2717718222512656,0.9744948010945128,0.0,-1.285311990326211,0.1924364837068897
131,2zinauuki2xw_1,0.909876351980429,5.0,0.5727558038811027,0.7591262799171007,0.3048743164538812,0.9775007199241837,5.0,0.26630608018745133,0.5134531381257161
132,ce0uoiy85231_1,-0.9772312692927201,1.5,0.5164836919848074,0.7514625981982532,0.35504255489224057,0.9820563178090513,3.0,-0.3543411480180136,-0.11501154260842143
133,0upv7c2e5klh_1,0.37070274590238644,4.0,0.5236078771182865,0.7524328387939812,0.4554726761711493,0.9911760170912446,1.0,-0.9749883762234784,0.09369873074208598
134,m8z30bkv3zod_1,0.550427281261734,4.333333333333333,-1.1533745735088374,0.524045111434753,0.3498588692352298,0.9815856058974918,1.0,-0.9749883762234784,-0.307019199808838
135,mnmcltvuimub_1,-0.28828721708188787,2.7777777777777777,1.0389123684969068,0.8226119999652592,0.3049156862507237,0.9775044765671286,17.0,3.9901894494202406,1.2614325717714958
136,4s9edvacwjmd_1,-0.7076444662536988,2.0,-0.0064476711909277245,0.6802447356881793,-1.1370364392149803,0.8465659732963154,8.0,1.1972769224956488,-0.16346291354098952
137,psflahllhzud_1,-0.09144605930736438,3.142857142857143,0.5847711961668145,0.7607626525198297,0.4215582202125739,0.9880963669253102,6.0,0.5766296942901837,0.3728782628405519
138,i8vntfwqv17i_1,0.6402895489414078,4.5,-0.36361150504150075,0.6316027023278799,0.4451229005030093,0.9902361910656494,1.0,-0.9749883762234784,-0.06329685795514053
139,epug6wuot6ns_1,0.027592269307268404,3.3636363636363638,-0.9345772671670687,0.5538430497071721,-0.44678953719102954,0.9092448200084711,5.0,0.26630608018745133,-0.27186711371584465
140,zofm722cvj1k_1,-0.9772312692927201,1.5,0.10675047886502187,0.6956611571437998,0.4337639056028554,0.9892047214595371,1.0,-0.9749883762234784,-0.3529263152620803
141,zgtrcecvauk4_2,0.011253675183691358,3.3333333333333335,0.13958702186832408,0.7001331558984996,0.4442780122899806,0.9901594697958574,2.0,-0.664664762120746,-0.01738651319468748
142,hjr8vpd7fapz_2,0.9098763519804292,5.0,0.6392814825989543,0.7681863917672387,0.39761581137871027,0.9859222426100585,1.0,-0.9749883762234784,0.24294631743365383
143,xbnmcc5pxceu_2,0.550427281261734,4.333333333333333,-1.9464250446678075,0.41603981017389025,-0.2676719631995348,0.9255098447854695,2.0,-0.664664762120746,-0.5820836221815886
144,3kofmh9dg9xx_2,-1.1120246708122308,1.25,0.15998001251909905,0.7029104710618437,-0.10661133079008638,0.9401351834295891,3.0,-0.3543411480180136,-0.35324928427530794
145,f8jryrdfkdx2_2,-0.5998097450380904,2.2,-0.24609788294783602,0.6476068466012362,-0.4977132609954326,0.9046206192058465,9.0,1.5076005365983811,0.04099491190425553
146,nbd4iho7n72m_2,0.6402895489414078,4.5,0.2821147896134803,0.719543969022231,-0.061938645255678146,0.9441917498562129,1.0,-0.9749883762234784,-0.02863067073106712
147,63szpj5u8o2i_2,0.9098763519804292,5.0,0.7243768266006112,0.7797755006563164,-0.04697414085943791,0.9455506228543025,1.0,-0.9749883762234784,0.153072665374531
148,ia9y1d0x3x7t_2,-0.5279199308943513,2.3333333333333335,-0.18102505269367897,0.6564690954631859,-0.40238447868370014,0.9132770841841799,2.0,-0.664664762120746,-0.4439985560981191
149,mtmb7nh1k07f_2,-1.2468180723317415,1.0,-0.5336307938513207,0.6084478273534959,0.454697326439224,0.9911056103616335,2.0,-0.664664762120746,-0.49760407546614605
150,hr053hyuwem6_2,-0.3225204619122398,2.7142857142857144,0.22921212777665087,0.7123391716770656,0.24358947637586534,0.9719356632962357,6.0,0.5766296942901837,0.18172770913261505
151,6wx67twfnuox_2,0.5054961474218972,4.25,0.2548498436485254,0.715830764365152,0.30597405499268937,0.9776005832384489,3.0,-0.3543411480180136,0.17799472451127463
152,656xmu29mv16_2,-0.8424378677732095,1.75,0.38760237434623235,0.7339102909433207,-0.11288415477149544,0.9395655707712343,3.0,-0.3543411480180136,-0.23051519905412154
153,h05dt9u04ag6_2,-0.7076444662536988,2.0,0.8243709609761707,0.7933936712524052,0.393511667180719,0.9855495599883528,2.0,-0.664664762120746,-0.03860665005438879
154,aqgoay2w4h2m_2,0.10111594286336513,3.5,-2.295506464311424,0.36849851833394026,0.2243339762961554,0.9701871403628866,2.0,-0.664664762120746,-0.6586803268181624
155,barb4qdxq6t1_2,0.8020416307648206,4.8,0.7441693302103161,0.7824710356730837,0.34991659168052874,0.9815908474658206,3.0,-0.3543411480180136,0.3854466011594129
156,3y4g82qrfzgu_2,-0.5728510647341882,2.25,1.1076056621896029,0.8319673186362615,-0.0912549166616406,0.9415296443455062,9.0,1.5076005365983811,0.4877750543480388
157,rzv8pux6l1g8_2,-0.16847086017565618,3.0,-0.8921561785175487,0.5596203648037882,0.2876913358686353,0.9759403950563682,2.0,-0.664664762120746,-0.3594001162363289
158,u27jmgu8s0ev_2,3.470950980851132,9.75,-1.094434424359961,0.5320721523315088,0.1104766488296943,0.9598481646218867,1.0,-0.9749883762234784,0.3780012072743467
159,3n6trc3kljyo_2,0.3707027459023864,4.0,0.3733213706335758,0.7319653654128702,0.37009077105901933,0.9834227923729258,3.0,-0.3543411480180136,0.18994343489424198
160,sprnfuwnq7ac_2,-0.4919750238224817,2.4,0.2711118336782302,0.7180454798166072,-0.7836405358899948,0.8786565883910888,4.0,-0.044017533915281126,-0.2621303149873818
161,pia8uidyh0xh_2,-0.43805766321467754,2.5,0.12759011031709697,0.6984993001813513,0.5118383976509612,0.9962943861937988,5.0,0.26630608018745133,0.11691923123520799
162,ed8h9v6yer07_2,0.04719858225556086,3.4,0.20313541191954493,0.7087877917151765,0.06165534455222155,0.9554148769995555,4.0,-0.044017533915281126,0.06699295120301155
163,xh3pjt4r5nf2_2,-0.01442125843907254,3.2857142857142856,-1.3763644133440665,0.4936761933073622,-0.3359312316809229,0.9193114653167844,3.0,-0.3543411480180136,-0.5202645128705189
164,hf2atxzwe00u_2,0.37070274590238644,4.0,-0.5954519695942371,0.6000284203255213,0.27572941278320495,0.9748541757031833,1.0,-0.9749883762234784,-0.23100204678303105
165,iat3flfmgzl6_2,-0.07860859249598241,3.1666666666666665,-0.6628659743846786,0.5908473276190856,0.022000798444529113,0.9518139898247834,5.0,0.26630608018745133,-0.11329192206217016
166,pfi2dt661qbd_2,0.23590934438287578,3.75,-1.0459528003721306,0.5386748498833672,0.10268502757960628,0.9591406354282873,5.0,0.26630608018745133,-0.11026308705554928
167,6i5ue4jm9v39_2,-0.7076444662536987,2.0,0.03965991604331204,0.6865241139002217,0.40547345244944977,0.9866357668268971,4.0,-0.044017533915281126,-0.07663215791905452
168,y84228e2pmvp_2,-0.7076444662536988,2.0,0.5191160983205846,0.7518211048124932,-0.4249153918341846,0.9112311327318761,4.0,-0.044017533915281126,-0.16436532342064497
169,j4zhqovyxicy_2,-0.8274608231599304,1.7777777777777777,0.36752379440986993,0.7311757952790688,-0.6479262598361917,0.8909803152785041,8.0,1.1972769224956488,0.022353408477349124
170,u498l95or7np_2,1.0446697534999396,5.25,-0.5867767632085505,0.6012098940314973,0.4374947898794911,0.989543509685881,2.0,-0.664664762120746,0.057680754512533544
171,7wua7gopt4k8_2,-0.23586756093541145,2.875,0.6668933336897555,0.7719468413273705,-0.2872047429629817,0.9237361430780582,7.0,0.8869533083929162,0.2576935845460696
172,9pa7mfd4rubz_2,0.011253675183691378,3.3333333333333335,-0.8973053142378934,0.5589191055839353,0.4990131179049017,0.9951297685173027,2.0,-0.664664762120746,-0.2629258208175116
173,hl0jpyfe02sw_2,1.7725541217052974,6.6,-1.026579154526965,0.5413133407892115,0.16762947574073433,0.9650380079469627,2.0,-0.664664762120746,0.06223492019958021
174,eeukrcggxx3o_2,0.7301518166210815,4.666666666666667,-1.3865948108161679,0.49228291860269174,0.019314032440035742,0.9515700142356817,2.0,-0.664664762120746,-0.32544843096894915
175,j2x2vhg83u9h_2,-0.38414030260687326,2.6,0.6111208562844087,0.7643512046771256,-0.17146844256559296,0.9342457416150004,13.0,2.7488949930093107,0.7011017760303133
176,p5u9r9m1uh0b_2,-0.5279199308943513,2.3333333333333335,-0.40178907858417884,0.6264033102565787,0.11313970554007767,0.9600899872549856,14.0,3.0592186071120433,0.5606623257933977
177,bq16gvcq7u48_2,-0.30326426169516685,2.75,-0.02041048012261626,0.6783431450076882,-0.1915478384734537,0.9324224036550746,3.0,-0.3543411480180136,-0.21739093207731258
178,agge90qqyjhj_2,-0.0786085924959824,3.1666666666666665,-0.5451026665999262,0.6068854765103916,0.1737649868721304,0.9655951517176596,5.0,0.26630608018745133,-0.04591004800908173
179,5o9ptvrbynfu_2,-0.330222941999069,2.7,0.4943964629674527,0.7484545452296307,-0.09068313073266326,0.9415815661759257,9.0,1.5076005365983811,0.3952727317085254
180,tue9ikgul5zq_2,-0.3481953955350037,2.6666666666666665,-0.06075836423921402,0.6728481790027088,-0.27820187559041576,0.924553661189853,8.0,1.1972769224956488,0.1275303217827538
181,umuss3ln1x8v_2,-0.43805766321467743,2.5,-0.3032506657840709,0.6398232265762671,0.23426977848816732,0.9710893749411648,6.0,0.5766296942901837,0.017397785944900684
182,0qxabjy7ujod_2,-0.7846692671219906,1.8571428571428572,0.7212573916205284,0.779350665759875,0.08788797348245414,0.9577969679915668,6.0,0.5766296942901837,0.15027644806779392
183,kwt35vcdmbod_2,0.21665314416580284,3.7142857142857144,-0.8644788209964311,0.5633897356646419,-0.9935618539906959,0.8595943860396309,5.0,0.26630608018745133,-0.3437703626584682
184,00x2emqtotyd_2,1.718636761097493,6.5,0.5870152668952425,0.7610682718264045,-0.20703953743212172,0.9310156580087066,1.0,-0.9749883762234784,0.2809060285842838
185,dvornclgd0aq_2,1.1794631550194503,5.5,-1.704205851387028,0.4490275680693264,0.2627449316401283,0.9736751015185439,1.0,-0.9749883762234784,-0.30924653523773193
186,siggsyvh7xo1_2,-0.545892384430286,2.3,0.6267639899766311,0.7664816382731402,0.3163135019084171,0.978539471347065,9.0,1.5076005365983811,0.4761964110132858
187,vi9q7fothzy9_2,-0.38414030260687326,2.6,-0.03925811086533524,0.6757762919378629,0.18201123682751955,0.9663439641141925,4.0,-0.044017533915281126,-0.07135117763999252
188,wolvnbj3iu83_2,3.426019847011295,9.666666666666666,-0.7145361777398005,0.583810378417827,0.4293821212099557,0.988806827327042,1.0,-0.9749883762234784,0.541469353564493
189,wkys7wy9il7c_2,-0.03367745865614553,3.25,0.344298701026115,0.7280127769101896,-0.5279393850014961,0.9018758932422477,3.0,-0.3543411480180136,-0.14291482266238503
190,mwmkmapelpgo_2,1.0896008873397767,5.333333333333333,-0.59687375929238,0.5998347872211198,0.0862894148818889,0.9576518086157094,2.0,-0.664664762120746,-0.021412054797865093
191,qazygyn8c297_2,-0.3706609624549222,2.625,-0.669466092304561,0.5899484595769895,0.32957027442038644,0.9797432713347783,7.0,0.8869533083929162,0.04409913201345486
192,0264ddif97z6_2,-0.4625655544000431,2.4545454545454546,-0.21979181509818418,0.6511894619408856,0.4416458068565037,0.9899204486566155,8.0,1.1972769224956488,0.2391413399634813
193,lbt3alhiu1f0_2,0.06260354242921926,3.4285714285714284,0.609240544655292,0.7640951256110979,-0.10271266585707553,0.9404892072158627,4.0,-0.044017533915281126,0.13127847182803865
194,48910ns9ag9c_2,-0.033677458656145506,3.25,0.9866205860885033,0.8154903981027279,0.4705535734710413,0.9925454593116587,3.0,-0.3543411480180136,0.2672888882213464
195,749d7d4z0hj1_2,0.15503330347116942,3.6,0.058968794388078484,0.6891537841399835,0.22518097960538136,0.970264053696982,4.0,-0.044017533915281126,0.09879138588733703
196,96nxhlo4yz55_2,0.29367794503409467,3.857142857142857,0.4092292183235592,0.7368556442140644,-0.020973883536446945,0.9479116130136873,6.0,0.5766296942901837,0.31464074352784765
197,tbd6qkgwwv0w_2,-0.7905942518041669,1.8461538461538463,1.0880033269655953,0.8292976825938146,0.1267766436676703,0.9613283087194013,12.0,2.4385713789065786,0.7156892744339194
198,8508djccbx01_2,-1.2468180723317415,1.0,-0.23625184149023243,0.6489477759777755,-0.303186754084789,0.9222848739418715,0.0,-1.285311990326211,-0.7678921645582435
199,90z2wrbrs8i0_2,-0.7076444662536988,2.0,-0.9782706667356186,0.5478924589753921,0.04264796497825463,0.9536888849998478,10.0,1.8179241507011135,0.0436642456725127
200,2z9m6xr38h4r_2,0.6702436381679657,4.555555555555555,-0.2716258137400251,0.6441302055095949,0.3282076100771015,0.9796195326707691,8.0,1.1972769224956488,0.4810255892501727
201,a3nfmupku2aj_2,-0.0914460593073644,3.142857142857143,0.03928721561862518,0.6864733559433045,0.04050338848659208,0.953494143696715,6.0,0.5766296942901837,0.14124355977200914
202,1p4bgxq1r154_2,-0.16847086017565616,3.0,0.24163598801783634,0.7140311734057967,0.3997737355670691,0.9861181959696781,4.0,-0.044017533915281126,0.10723033237349204
203,zufbg4rjsv9g_2,2.5273971702145572,8.0,-0.171959909190879,0.6577036745859521,0.2936914100613579,0.976485240284191,1.0,-0.9749883762234784,0.41853507371538956
204,d6q2d70c8zy8_2,0.2808404782227127,3.8333333333333335,0.12471308068448402,0.6981074783950877,0.3375918465667884,0.9804716815449227,5.0,0.26630608018745133,0.2523628714153591
205,q2bgh6j5xiex_2,1.6647194004896888,6.4,-1.736709824027129,0.4446008619707366,0.29912394285139215,0.9769785491118101,2.0,-0.664664762120746,-0.10938281070169852
206,7eanb1cab53p_2,1.1794631550194503,5.5,0.6834189404488566,0.7741974586606241,0.3350999991055814,0.9802454058099748,3.0,-0.3543411480180136,0.4609102366389687
207,qmkqt2gdyxmf_2,-0.02142351306346274,3.272727272727273,0.7281047892459956,0.7802832107494907,-0.30724547035837113,0.9219163164671272,10.0,1.8179241507011135,0.5543399891313188
208,utw51njlxqxq_2,-0.16847086017565618,3.0,-0.026629723496594863,0.6774961481535795,-0.46665916482585296,0.907440530353423,6.0,0.5766296942901837,-0.021282513551980076
209,l9sg3jdp2585_2,0.37070274590238644,4.0,0.6345097766955071,0.7675365345987827,0.15995869026665954,0.9643414514169999,5.0,0.26630608018745133,0.3578693232630011
210,5umkinfvrwcc_2,0.5504272812617339,4.333333333333333,-1.2591943766424696,0.5096335447911943,0.3321333521225742,0.9799760152325572,1.0,-0.9749883762234784,-0.33790552987041
211,c4bdro822vx5_2,-0.2882872170818878,2.7777777777777777,0.4289661188029047,0.7395436066575038,-0.13826521760482158,0.9372608074437105,8.0,1.1972769224956488,0.299922651652961
212,wu8wv7jwolkb_2,0.14604707670320202,3.5833333333333335,0.027971595187431586,0.6849322850555479,-0.31111634583892367,0.921564816141409,5.0,0.26630608018745133,0.03230210155979032
213,ar7p32wtt1lv_2,0.011253675183691395,3.3333333333333335,0.6553049572885512,0.7703686238874297,0.1068433057257204,0.9595182337597576,8.0,1.1972769224956488,0.49266971517340297
214,pdff8xeh7s27_2,0.10111594286336513,3.5,-0.16729868081800622,0.6583384858532881,0.37379628945987275,0.9837592772150239,1.0,-0.9749883762234784,-0.16684370617956168
215,pi85glpnm5jh_2,-0.4380576632146775,2.5,-0.2575953482917427,0.6460410103104006,0.4247149376173991,0.9883830171163512,1.0,-0.9749883762234784,-0.3114816125281249
216,86vaal8zynah_2,-0.7076444662536988,2.0,-0.13866892363803077,0.6622375637325683,0.5572965377843452,1.0004222769367856,1.0,-0.9749883762234784,-0.3160013070827157
217,6bf4pjalcksy_2,0.9098763519804292,5.0,0.35430517070930645,0.7293755549577348,0.16630794964621348,0.9649180048998478,4.0,-0.044017533915281126,0.346617984605167
218,pztuk75bivze_2,-0.033677458656145534,3.25,-1.323258827428762,0.5009086268207487,-0.45699801268424306,0.908317824945215,2.0,-0.664664762120746,-0.6196497652224742
219,c6nv9gdafx2l_2,0.5054961474218971,4.25,-0.7134416182453378,0.5839594461408113,0.4456018590165831,0.9902796835712525,3.0,-0.3543411480180136,-0.0291711899562178
220,fa8qh5t294o8_2,0.6402895489414078,4.5,-1.1830705512632718,0.5200008253013415,0.4144567144428618,0.9874515046444944,1.0,-0.9749883762234784,-0.27582816602562016
221,99pcouebu74x_2,0.10111594286336513,3.5,0.15895555151620852,0.702770950031,0.48485835812614864,0.9938444255250801,3.0,-0.3543411480180136,0.09764717612192718
222,0g46783i1hcz_2,-0.16847086017565618,3.0,0.505412842702465,0.7499548626184412,0.36540743790274066,0.982997515678248,3.0,-0.3543411480180136,0.08700206810288398
223,u4s0qsob1tjs_2,-0.7076444662536988,2.0,-0.22198097936624125,0.6508913203283656,-1.649333751851474,0.8000460908663646,5.0,0.26630608018745133,-0.5781632793209907
224,jkeyu4i7qied_2,0.909876351980429,5.0,0.1259931627664657,0.6982818123825588,0.42319720716334014,0.9882451974547181,2.0,-0.664664762120746,0.19860048994737223
225,q1tv6k8ua7vb_2,0.21665314416580284,3.7142857142857144,-0.7113439614034285,0.5842451253849347,-0.0005706001547896022,0.9497643620340069,6.0,0.5766296942901837,0.020342069224442122
226,jt7j5sd8v6tb_2,0.4197185282731176,4.090909090909091,-0.5615842311297224,0.604640857274885,0.21794288455506433,0.9696067882332522,6.0,0.5766296942901837,0.1631767189971608
227,hf516jk4la5b_2,,,,,-8.980954905383651,0.13428785698457654,0.0,-1.285311990326211,-5.133133447854931
228,ni5qmimfezdj_2,-0.38414030260687326,2.6,0.0019367717816502982,0.6813866104137997,-0.08576980547465422,0.9420277276288648,4.0,-0.044017533915281126,-0.12799771755378958
229,cvucbm7z241b_2,1.8534301626170038,6.75,-0.23709540970951343,0.6488328906798394,0.3578561174973023,0.9823118073428988,2.0,-0.664664762120746,0.32738152707101165
230,0y8ah0wzu7p6_2,-0.03367745865614552,3.25,0.6575585276338759,0.7706755369439261,0.4668696724749206,0.9922109374685886,3.0,-0.3543411480180136,0.18410239835865932
231,g5q0t3bta2bq_2,-0.2174866425463873,2.909090909090909,0.7161265361293447,0.7786518961188441,-0.6641960534000768,0.8895029136504213,10.0,1.8179241507011135,0.4130919977209985
232,qfnndk3bf4jx_2,0.3707027459023865,4.0,-0.3377201955480128,0.6351288318537796,-0.274235893927833,0.9249137977670159,8.0,1.1972769224956488,0.23900589473054737
233,r1ygwm0htaww_2,-0.09144605930736438,3.142857142857143,0.2202697368350346,0.7111213101880857,0.4660101287709953,0.9921328853862065,9.0,1.5076005365983811,0.5256085857242616
234,v28qlwosnznn_2,0.3707027459023865,4.0,-0.0181522858558804,0.6786506877946283,0.1721999691095174,0.9654530380650566,3.0,-0.3543411480180136,0.04260232028450246
235,d4h99xg192t6_2,0.478537467117995,4.2,-0.4668040413406206,0.6175489423514547,-0.6312317961248157,0.8924962796802836,4.0,-0.044017533915281126,-0.16587897606568058
236,hqv8kfbmsfsa_2,-0.5998097450380903,2.2,-1.2815837115487447,0.5065843481139025,-0.395764286711732,0.9138782400844805,4.0,-0.044017533915281126,-0.580293819303462
237,91uipy4qhti9_2,-0.8873690016130463,1.6666666666666667,0.4832586641911298,0.7469376918186977,-0.048807529386081315,0.9453841394146979,2.0,-0.664664762120746,-0.27939565723218596
238,5jm8lmm130ak_2,-0.8154791874693073,1.8,0.06491300110229813,0.6899633238354683,-1.3500860924011202,0.8272196980504924,4.0,-0.044017533915281126,-0.5361674531708526
239,bhxxpsgq9eyw_2,0.04719858225556088,3.4,-1.0867179950577406,0.5331230504795504,0.15744725178813432,0.9641133966920009,4.0,-0.044017533915281126,-0.23152242373233162
240,7veq8clhqdwx_2,0.011253675183691395,3.3333333333333335,0.23833539027531092,0.7135816660081131,-0.06291982116834144,0.9441026527889936,2.0,-0.664664762120746,-0.11949887945752127
241,d67hvgv1paq9_2,0.909876351980429,5.0,-1.4527251582181773,0.4832766468036201,0.3655401888282375,0.9830095703138947,2.0,-0.664664762120746,-0.21049334488256416
242,kkh1foquuidd_2,-0.5998097450380903,2.2,0.7284509253746698,0.7803303509230537,-0.13294075098024685,0.9377443031702499,4.0,-0.044017533915281126,-0.012079276139737104
243,8u89yfrn6iok_2,0.23590934438287578,3.75,1.4956786296988183,0.8848188574617495,-0.3481894834859879,0.918198337414876,7.0,0.8869533083929162,0.5675879497471555
244,imj0e771mman_2,0.033719242103609826,3.375,0.7229016743639154,0.7795746001241004,-0.017035525918451172,0.9482692411503905,6.0,0.5766296942901837,0.3290537712098145
245,93anow4veuqu_2,-0.16847086017565618,3.0,-1.4297554822948098,0.4864048799466409,0.2811084726996788,0.9753426288508491,1.0,-0.9749883762234784,-0.5730265614985663
246,ogs9ieck1frq_2,-1.2468180723317415,1.0,0.3930560390617038,0.7346530238739367,-0.1879745991346019,0.9327468767097584,2.0,-0.664664762120746,-0.4266003486313464
247,1q1z7piz49za_2,0.9098763519804292,5.0,0.7331454509741755,0.780969696929507,0.3902317715392207,0.9852517244232202,1.0,-0.9749883762234784,0.2645662995675867
248,039d40evjkg6_2,0.10111594286336513,3.5,0.35862891274751174,0.7299644040643094,0.03838837343980278,0.9533020867624167,1.0,-0.9749883762234784,-0.1192137867931997
249,e9gtoq56l7f7_2,0.29367794503409467,3.857142857142857,-1.2432812329240999,0.5118007509701379,0.2910245834725492,0.9762430753219469,4.0,-0.044017533915281126,-0.17564905958318427
250,f9huuggewzot_2,1.5838433595779824,6.25,-0.9117373164647027,0.556953615611997,0.2429826050454375,0.9718805554862878,2.0,-0.664664762120746,0.06260597150949282
251,etwdldogi8jg_2,-0.30326426169516685,2.75,-0.8369875129198956,0.5671337685085064,0.045461658481919576,0.953944386420128,3.0,-0.3543411480180136,-0.3622828160377891
252,9ofgg837igyn_2,2.257810367175536,7.5,-0.6958961543555412,0.5863489575049616,0.30549411281987415,0.9775570014102765,2.0,-0.664664762120746,0.30068589087978076
253,hnjkysyb1e6y_2,1.5389122257381456,6.166666666666667,-0.44043387855124916,0.621140286761353,0.272662881019957,0.9745757149469481,1.0,-0.9749883762234784,0.09903821299584373
254,wq9pp7ffyhsq_2,0.9098763519804292,5.0,-0.553642553545661,0.6057224319175805,0.4765102713694987,0.9930863656936987,0.0,-1.285311990326211,-0.11314198013048604
255,so613bcxr66j_2,-0.8154791874693073,1.8,0.9725692230993961,0.8135767472722248,0.35008240685057423,0.9816059045469829,4.0,-0.044017533915281126,0.11578872714134548
256,sdupg1id2wbw_2,-0.37584532405182647,2.6153846153846154,0.7964780216256933,0.7895949403681063,-0.2293821885860628,0.9289868019534099,12.0,2.4385713789065786,0.6574554719735957
257,1uqrsi16agpq_2,0.37070274590238644,4.0,-0.4422018745726655,0.6208995039236077,0.2821468413751386,0.975436919387828,1.0,-0.9749883762234784,-0.19108516587965474
258,xasfeoa6ph3w_2,0.2359093443828758,3.75,-1.0253463397028726,0.5414812374632785,-0.34355810185708535,0.9186188965775934,3.0,-0.3543411480180136,-0.37183406129877394
259,yyuvh6wdo2yo_2,0.7301518166210815,4.666666666666667,-0.173114080437247,0.6575464883566968,0.09554187467472826,0.9584919913204275,1.0,-0.9749883762234784,-0.0806021913412289
260,iygdqwnrh5l7_2,0.909876351980429,5.0,-0.8620883512668871,0.5637152930064301,0.4891272594876077,0.9942320691541636,2.0,-0.664664762120746,-0.03193737547989908
261,f3kkba560heh_2,0.011253675183691395,3.3333333333333335,0.4036205694867924,0.7360918040433422,0.18204653258877632,0.9663471691957408,8.0,1.1972769224956488,0.44854942493872724
262,nczptcxlg944_2,-0.5728510647341881,2.25,0.45893387551364456,0.7436249062839018,-0.11678576047206193,0.9392112799444011,3.0,-0.3543411480180136,-0.14626102442765476
263,m5dfshb9vuf7_2,-0.16847086017565618,3.0,-0.9044296040456411,0.5579488507326508,0.06593851819658501,0.9558038166434849,3.0,-0.3543411480180136,-0.3403257735106815
264,15250ldvnl40_2,-0.07860859249598237,3.1666666666666665,0.23067347948707895,0.7125381927198274,-0.03811422277268285,0.9463551602539106,12.0,2.4385713789065786,0.638130510781248
265,qrsrk4goz3vh_2,-0.40810357398811953,2.5555555555555554,0.6298425605846387,0.7669009078632393,-0.7100694267739769,0.8853373170654295,8.0,1.1972769224956488,0.17723662057954775
266,eumnde405cl7_2,-0.0914460593073644,3.142857142857143,-0.9089662974255192,0.557330999847945,-0.7092336511446213,0.8854132108541659,1.0,-0.9749883762234784,-0.6711585960252459
267,832dgj88hdpu_2,-0.25833312785532997,2.8333333333333335,0.22130732795896227,0.7112626194061002,0.3852104058418466,0.9847957522052956,5.0,0.26630608018745133,0.15362267153323256
268,k8h42qzwmcak_2,-0.4919750238224818,2.4,0.123726493472302,0.6979731153842239,-0.4974874655359972,0.9046411228820652,4.0,-0.044017533915281126,-0.22743838245036452
269,48bgptv3uc5r_2,1.449049958058472,6.0,-0.7393286750502616,0.5804338957872672,0.4451652087122256,0.990240032922458,2.0,-0.664664762120746,0.1225554323999225
270,fseoe2vexf4a_2,-0.8424378677732095,1.75,0.26155570656741267,0.7167440337863403,0.5120224721780802,0.9963111013417192,3.0,-0.3543411480180136,-0.10580020926143256
271,tyc4jone9jtw_2,-0.2763055813912647,2.8,-0.547568356371053,0.6065496749741323,-1.3854519188440975,0.824008254133876,4.0,-0.044017533915281126,-0.5633358476304241
272,2zinauuki2xw_2,1.449049958058472,6.0,-0.5425992172572868,0.6072264205111536,0.42294845341287896,0.988222609018394,1.0,-0.9749883762234784,0.08860270449764643
273,ce0uoiy85231_2,0.550427281261734,4.333333333333333,-0.09983697961379072,0.6675260743197365,0.14691465603535292,0.9631569694299097,2.0,-0.664664762120746,-0.016789951109362433
274,0upv7c2e5klh_2,-0.2763055813912647,2.8,0.493248779092953,0.7482982425135674,-0.11898926970602161,0.9390111871702078,4.0,-0.044017533915281126,0.01348409852009639
275,m8z30bkv3zod_2,-0.27630558139126465,2.8,0.6718023262456375,0.7726153955230581,0.16529892250365835,0.9648263787622856,4.0,-0.044017533915281126,0.12919453336068754
276,mnmcltvuimub_2,-0.23586756093541145,2.875,0.03920231415272124,0.6864617932386141,0.2230737913450434,0.9700727074851031,15.0,3.369542221214776,0.8489876914442822
277,4s9edvacwjmd_2,-0.7076444662536988,2.0,-0.2705025644019861,0.6442831804936066,-0.22051319560534102,0.9297921634116068,12.0,2.4385713789065786,0.30997778816138816
278,psflahllhzud_2,0.8020416307648205,4.8,-0.32175422431013523,0.6373032325964577,0.3940082353813624,0.9855946515665099,4.0,-0.044017533915281126,0.20756952698019165
279,i8vntfwqv17i_2,0.3707027459023865,4.0,0.5001895717259348,0.7492435069407088,0.5154694456073816,0.9966241086418064,1.0,-0.9749883762234784,0.10284334675305615
280,epug6wuot6ns_2,0.2808404782227127,3.8333333333333335,-0.08511843393794427,0.6695305885564135,-0.1753523905147311,0.9338930542252734,5.0,0.26630608018745133,0.07166893348937217
281,zofm722cvj1k_2,-0.7076444662536988,2.0,0.6740648378111589,0.7729235262816001,0.5458814849798737,0.9993857169133439,0.0,-1.285311990326211,-0.1932525334472193
