ID,sc_D_elaboration_z,sc_D_elaboration_raw,sc_D_flexibility_z,sc_D_flexibility_raw,sc_D_originality_z,sc_D_originality_raw,sc_D_fluency_raw,sc_D_fluency_z,sc_D_creativity_score
zgtrcecvauk4_1,0.43686299646022125,3.4285714285714284,0.05250359061511243,0.816591050584449,-0.2336744459063203,0.8954521615122459,6.0,-0.10129148858874121,0.03860016314506805
hjr8vpd7fapz_1,0.2961590703275786,3.2,-0.7285132050342531,0.7101628153682612,-0.42305339729363817,0.8706910830086052,4.0,-0.6376540376872186,-0.37326539242188284
xbnmcc5pxceu_1,-0.05779924384985062,2.625,0.14705641606643527,0.8294756523030608,-0.016722297305901634,0.9238184036087171,7.0,0.1668897859604975,0.05985616521779513
3kofmh9dg9xx_1,-0.3741387999987608,2.111111111111111,0.4115993652840554,0.8655246071795151,-0.5028896787473798,0.8602525816966413,7.0,0.1668897859604975,-0.07463483187539693
f8jryrdfkdx2_1,-0.11107056203708912,2.5384615384615383,-0.15405419651710148,0.7884436651798052,0.04440859815567574,0.9318111973718752,12.0,1.507796158706691,0.32176999957704405
nbd4iho7n72m_1,-0.4425365418687955,2.0,0.27368180647559104,0.846730744523712,0.29476774034277964,0.9645453651787321,4.0,-0.6376540376872186,-0.12793525818441087
63szpj5u8o2i_1,-0.31942060650273313,2.2,0.7588098900862865,0.9128385748291657,-0.24967093909928667,0.8933606385587582,4.0,-0.6376540376872186,-0.11198392330073798
ia9y1d0x3x7t_1,-0.3057410581287262,2.2222222222222223,0.16379400381942044,0.8317564635945071,-0.25348866002473364,0.8928614759704795,7.0,0.1668897859604975,-0.057136482093385475
mtmb7nh1k07f_1,0.37823636057162013,3.3333333333333335,-0.6410727166567265,0.722078227323934,0.04758014579578573,0.9322258735516699,2.0,-1.174016586785696,-0.3473181992687542
0wk103kezs00_1,1.096412650206984,4.5,0.3038002053374351,0.8508349431225887,0.3989362792595805,0.978165280965747,5.0,-0.3694727631379799,0.3574190929165049
hr053hyuwem6_1,0.09609567535772728,2.875,-0.19468670181592232,0.7829067217293505,0.26817884381291235,0.9610688977599494,7.0,0.1668897859604975,0.0841194008288037
6wx67twfnuox_1,-0.2666566342029922,2.2857142857142856,0.5023873359058031,0.8778961765823191,-1.0274310038973284,0.7916694110998301,6.0,-0.10129148858874121,-0.22324794769581469
656xmu29mv16_1,-0.1067658090522618,2.5454545454545454,0.24061060801817413,0.8422241714155358,0.2011886445249229,0.9523100068093284,10.0,0.9714336096082136,0.3266167632747622
h05dt9u04ag6_1,1.1990092630120357,4.666666666666667,0.01354868515315053,0.8112827116800557,-0.16896984643397414,0.9039122129347752,5.0,-0.3694727631379799,0.16852883464830803
aqgoay2w4h2m_1,-0.6477297674788993,1.6666666666666667,-0.16721830015020742,0.7866498083438461,0.49480370379056876,0.9906998356634271,5.0,-0.3694727631379799,-0.17240428174412947
barb4qdxq6t1_1,0.7886228117918279,4.0,-0.42583317485128275,0.7514086651720062,0.2567785068861122,0.9595783169137437,5.0,-0.3694727631379799,0.06252384517216937
3y4g82qrfzgu_1,0.4466341024416548,3.4444444444444446,-0.4119199904679648,0.7533045983560331,0.2333983614443228,0.9565213899824783,8.0,0.4350710605097362,0.17579588348193725
rzv8pux6l1g8_1,-0.44253654186879543,2.0,0.2501291897031724,0.8435212572863375,0.32931234816066446,0.9690620326319526,1.0,-1.4421978613349347,-0.3263232163349733
u27jmgu8s0ev_1,0.2849667125670275,3.1818181818181817,-0.029971086800591355,0.8053523238166336,0.42795667131925436,0.9819596636082317,10.0,0.9714336096082136,0.413596476673476
3n6trc3kljyo_1,0.019148215753938307,2.75,0.2606840681210128,0.8449595580875361,-0.32527006799884606,0.8834761400346304,11.0,1.2396148841574524,0.29854427500838937
sprnfuwnq7ac_1,-0.032150090648587655,2.6666666666666665,0.08984709366993253,0.8216798055882518,0.3595538399386386,0.9730160726479952,10.0,0.9714336096082136,0.3471711131420493
pia8uidyh0xh_1,0.24144087683155085,3.111111111111111,0.11492905930548616,0.8250976953868003,-0.19741341087011938,0.900193249835828,8.0,0.4350710605097362,0.14850689644416348
ed8h9v6yer07_1,0.3098386187015855,3.2222222222222223,-0.6872452065004004,0.7157863567304036,-0.33703478255422903,0.8819379172356088,7.0,0.1668897859604975,-0.1368878960981366
xh3pjt4r5nf2_1,0.17304313496151624,3.0,-0.16626165004032548,0.7867801699231122,0.351496374635493,0.9719625683939583,4.0,-0.6376540376872186,-0.06984404453263371
hf2atxzwe00u_1,0.37823636057162013,3.3333333333333335,0.10986951295087917,0.8244082369878072,-0.370501022506724,0.8775622451315287,5.0,-0.3694727631379799,-0.06296697803055115
iat3flfmgzl6_1,-0.04680674962073798,2.642857142857143,0.09927831152974516,0.8229649864939,-0.254846528553279,0.8926839362334255,13.0,1.7759774332559297,0.3934006166529145
pfi2dt661qbd_1,-0.057799243849850634,2.625,0.46248024525220716,0.8724580845277898,-0.4322627150262897,0.8694869753837996,7.0,0.1668897859604975,0.03482701808414108
6i5ue4jm9v39_1,-0.1347467034536396,2.5,0.13073659679969885,0.827251769829238,0.18631235143122943,0.9503649487211001,3.0,-0.9058353122364573,-0.18088326686479217
y84228e2pmvp_1,0.788622811791828,4.0,-0.35238231992872804,0.7614177263190565,0.41863101035906103,0.9807403442412055,1.0,-1.4421978613349347,-0.1468315897781934
j4zhqovyxicy_1,-0.17871668037009042,2.4285714285714284,-0.2791246208945222,0.7714004663416019,0.5170663002317251,0.9936106443575091,6.0,-0.10129148858874121,-0.010516622405407197
u498l95or7np_1,0.5834295861817239,3.6666666666666665,0.3558073696965819,0.8579218979130298,0.3493386865142233,0.9716804531717239,8.0,0.4350710605097362,0.4309116757255663
7wua7gopt4k8_1,0.4038855137728831,3.375,-0.57854567336177,0.7305987135775434,0.2763123259545399,0.9621323411275542,7.0,0.1668897859604975,0.06713548808153763
9pa7mfd4rubz_1,-0.44253654186879543,2.0,0.2758095868267636,0.8470206946361353,0.43108472395016895,0.9823686528659618,2.0,-1.174016586785696,-0.22741470446938972
hl0jpyfe02sw_1,-0.07318873577060843,2.6,0.5882116732613092,0.8895913575492671,0.1698255183457853,0.9482093143947161,9.0,0.7032523350589749,0.3470251977238652
eeukrcggxx3o_1,-0.17871668037009045,2.4285714285714284,0.22387669581956784,0.8399438609875386,-0.30887829611689027,0.8856193452187838,6.0,-0.10129148858874121,-0.09125244231403852
j2x2vhg83u9h_1,-0.24814295971185493,2.3157894736842106,0.15636652042541105,0.830744329215163,0.08796731601080358,0.9375064492698693,15.0,2.3123399823544073,0.5771327147696917
p5u9r9m1uh0b_1,-0.4425365418687955,2.0,0.012142586643793548,0.8110911042988513,0.35296873942143775,0.9721550783840269,7.0,0.1668897859604975,0.022366142539233323
bq16gvcq7u48_1,0.5518613976263235,3.6153846153846154,-0.057195494355807744,0.8016424859910607,0.13992471777402257,0.9442998193592046,10.0,0.9714336096082136,0.401506057663188
agge90qqyjhj_1,-0.21868938665777302,2.3636363636363638,-0.05561759738475291,0.8018575041454945,-0.18985327192795937,0.9011817292443047,10.0,0.9714336096082136,0.12681833840943207
5o9ptvrbynfu_1,0.11148516727848508,2.9,-0.14645856503749535,0.7894787128999442,-0.2868826522184256,0.8884952501771662,9.0,0.7032523350589749,0.09534907127038475
tue9ikgul5zq_1,-0.21868938665777307,2.3636363636363638,-0.6066757181455681,0.7267654656377179,0.09138782778667082,0.9379536772219962,10.0,0.9714336096082136,0.0593640831478858
umuss3ln1x8v_1,0.37823636057162,3.3333333333333335,-0.35182644190818896,0.7614934751596075,0.523703747813927,0.9944784829395835,3.0,-0.9058353122364573,-0.08893041143977481
0qxabjy7ujod_1,-0.13474670345363962,2.5,0.23822001366541282,0.8418984079498851,-0.43879757178579865,0.8686325504329439,5.0,-0.3694727631379799,-0.17619925617800133
kwt35vcdmbod_1,-0.23734331625869154,2.3333333333333335,0.7421065931617528,0.9105624363083646,0.27111378551361504,0.9614526379872679,11.0,1.2396148841574524,0.5038729866435321
00x2emqtotyd_1,0.24999059456530529,3.125,-0.15635476461968428,0.7881301694848133,-0.03846741245639679,0.9209752549939012,7.0,0.1668897859604975,0.05551455086243043
dvornclgd0aq_1,0.32693805416909416,3.25,0.11263420592467724,0.824784978430187,0.4063653622704457,0.9791366249630313,3.0,-0.9058353122364573,-0.014974422468060078
siggsyvh7xo1_1,-0.26665663420299207,2.2857142857142856,0.700222354890431,0.9048549206858807,0.4831313918400986,0.9891736943979522,6.0,-0.10129148858874121,0.20385140598469909
vi9q7fothzy9_1,0.4808329733766721,3.5,-1.0418403074558027,0.6674661016203814,0.4399286641252389,0.9835249877983934,1.0,-1.4421978613349347,-0.3908191328222066
wolvnbj3iu83_1,0.07044652215646426,2.8333333333333335,-0.11607109396714062,0.7936195776505054,0.2646163184020511,0.960603101689566,4.0,-0.6376540376872186,-0.10466557277396098
wkys7wy9il7c_1,-0.5964314610763733,1.75,-0.02017075437457795,0.8066878035277524,-0.4061227562355473,0.8729047447132734,7.0,0.1668897859604975,-0.21395879643150026
mwmkmapelpgo_1,0.2609830887944179,3.142857142857143,-0.2829587615540963,0.7708779925276684,-0.3292450754180914,0.8829564124194996,5.0,-0.3694727631379799,-0.18017337782893744
qazygyn8c297_1,-0.10054783251862226,2.5555555555555554,0.13917434815925475,0.8284015722296381,-0.21614262174529386,0.8977444272111692,8.0,0.4350710605097362,0.0643887386012687
0264ddif97z6_1,-0.1689455743886569,2.4444444444444446,-0.015368070284551413,0.8073422596096826,-0.02569252553415719,0.9226455566596327,8.0,0.4350710605097362,0.056266222575592675
lbt3alhiu1f0_1,0.17304313496151624,3.0,0.695526407744711,0.9042150095211382,-0.1595104041539687,0.905149024054385,5.0,-0.3694727631379799,0.08489659385356967
48910ns9ag9c_1,-0.01163076808757726,2.7,0.04411363844319588,0.8154477617228274,0.5023741704460274,0.9916896654084532,9.0,0.7032523350589749,0.30952734396515524
749d7d4z0hj1_1,0.686026198986776,3.8333333333333335,-0.4073153002740608,0.7539320740438599,0.3494153391518509,0.9716904754152939,4.0,-0.6376540376872186,-0.002381949955663154
96nxhlo4yz55_1,0.030986286462213533,2.769230769230769,0.11676550146868098,0.8253479451888459,0.024687402712577917,0.929232673914147,12.0,1.507796158706691,0.42005883733754085
tbd6qkgwwv0w_1,-0.046806749620737935,2.642857142857143,0.1573266596068347,0.8308751662460822,-0.028458597703234938,0.9222838959279434,13.0,1.7759774332559297,0.46450968638469786
8508djccbx01_1,-0.5964314610763733,1.75,0.11469432122312978,0.8250657079058878,-0.6202590567642113,0.8449066714901026,3.0,-0.9058353122364573,-0.5019578772134781
90z2wrbrs8i0_1,0.17304313496151627,3.0,0.10784230935904177,0.8241319923514496,-0.458391527847026,0.8660706633769917,14.0,2.044158707805168,0.46666315606967507
2z9m6xr38h4r_1,-0.032150090648587634,2.6666666666666665,-0.0801715117000328,0.7985115712759562,0.1300035541739875,0.943002638711892,14.0,2.044158707805168,0.5154601649076338
a3nfmupku2aj_1,0.24999059456530526,3.125,-0.5662565835816429,0.7322733333104323,-0.4326278468887792,0.8694392348157742,6.0,-0.10129148858874121,-0.2125463311234645
1p4bgxq1r154_1,0.17304313496151624,3.0,-0.2340043639602057,0.7775489504008054,0.14644909518026952,0.9451528741467614,5.0,-0.3694727631379799,-0.07099622423909996
zufbg4rjsv9g_1,-0.5656524772348579,1.8,-0.2137024839946131,0.7803154635774041,0.34259423122587024,0.9707986234560358,4.0,-0.6376540376872186,-0.26860369192270483
d6q2d70c8zy8_1,-0.03215009064858765,2.6666666666666665,0.02622121581459601,0.8130095824484357,0.34416218048565156,0.9710036310053266,5.0,-0.3694727631379799,-0.007809864371579989
q2bgh6j5xiex_1,0.1730431349615163,3.0,0.18604837457004625,0.8347890403816254,0.25644425840405577,0.9595346143119323,3.0,-0.9058353122364573,-0.07257488607520973
7eanb1cab53p_1,-0.17871668037009045,2.4285714285714284,-0.03512513006675141,0.8046499884352426,-0.056632589865687206,0.9186001790914896,6.0,-0.10129148858874121,-0.09294147222281757
qmkqt2gdyxmf_1,-0.03215009064858767,2.6666666666666665,0.07717359268658318,0.8199528025952535,-0.38205174852661367,0.8760520010856233,5.0,-0.3694727631379799,-0.1766252524066495
utw51njlxqxq_1,0.6655068764257657,3.8,-0.17594437110653116,0.785460716972923,0.4607226859002267,0.9862437820561768,3.0,-0.9058353122364573,0.011112469745750975
l9sg3jdp2585_1,0.6207374453835611,3.727272727272727,-0.3714399404399236,0.7588207669070122,-0.6102919388198856,0.846209860614694,10.0,0.9714336096082136,0.15260979393299134
5umkinfvrwcc_1,-0.4425365418687955,2.0,0.7776173608907893,0.9154014466364728,0.07476082429951261,0.9357797157779716,4.0,-0.6376540376872186,-0.05695309859142805
c4bdro822vx5_1,-0.09077672653718873,2.5714285714285716,0.15768043818303473,0.8309233752343292,-0.44592201034882084,0.8677010383442924,12.0,1.507796158706691,0.28219446500092904
wu8wv7jwolkb_1,0.06111955735600501,2.8181818181818183,0.23199980916988122,0.8410507880384684,0.15983874156269473,0.9469035548997304,9.0,0.7032523350589749,0.28905261078688893
ar7p32wtt1lv_1,-0.44253654186879543,2.0,-0.07733909759591928,0.7988975409966862,0.3646542299648256,0.9736829427352589,1.0,-1.4421978613349347,-0.39935481770870596
pdff8xeh7s27_1,-0.44253654186879543,2.0,-0.21968760636628537,0.7794998780290288,0.48141672119170453,0.9889495031970729,1.0,-1.4421978613349347,-0.40575132209457776
pi85glpnm5jh_1,-0.7503263802839513,1.5,-0.8576537182329984,0.6925649903391236,-0.07030075346648529,0.9168130825348729,1.0,-1.4421978613349347,-0.7801196783295924
86vaal8zynah_1,-0.19630467113667077,2.4,-0.5586615394005118,0.7333083010001025,0.5555028232376649,0.9986361752128923,4.0,-0.6376540376872186,-0.2092793562466841
6bf4pjalcksy_1,-0.44253654186879543,2.0,0.495631033138488,0.8769755031933252,0.2822790195207526,0.962912479399088,3.0,-0.9058353122364573,-0.14261545036150303
pztuk75bivze_1,0.0704465221564643,2.8333333333333335,0.1630372982679136,0.831653348223783,0.011398752946368508,0.9274951983517463,16.0,2.580521256903646,0.7063509575685981
c6nv9gdafx2l_1,0.08510318112861458,2.857142857142857,-0.7934328417633006,0.7013162932365521,-0.4890723324529569,0.8620591837176255,6.0,-0.10129148858874121,-0.32467337041909605
fa8qh5t294o8_1,0.01914821575393831,2.75,0.02226374632312933,0.8124703027604124,0.2101680908973341,0.9534840590200823,3.0,-0.9058353122364573,-0.1635638148155139
99pcouebu74x_1,-0.44253654186879543,2.0,-0.35399546007375743,0.761197905618979,0.40364895661503314,0.9787814580704666,2.0,-1.174016586785696,-0.3917249080283039
0g46783i1hcz_1,0.17304313496151627,3.0,0.2102837294109563,0.8380915635282776,0.5078317737016022,0.992403240711638,5.0,-0.3694727631379799,0.13042146873402372
u4s0qsob1tjs_1,-0.06371827920398829,2.6153846153846154,-0.5446032940083041,0.7352240014762808,0.021865323867857556,0.9288636903744998,11.0,1.2396148841574524,0.16328965870325438
jkeyu4i7qied_1,0.24546427341214122,3.1176470588235294,-0.23033972954734222,0.7780483257989353,0.16308169277066042,0.947327567013303,15.0,2.3123399823544073,0.6226365547474667
q1tv6k8ua7vb_1,-0.0028367727042871,2.7142857142857144,-0.4230288829477979,0.7517908027137102,0.023575755481229237,0.9290873273264603,6.0,-0.10129148858874121,-0.12589534718989925
p1eb3ilv0knu_1,0.019148215753938283,2.75,0.15289581239105318,0.8302713799353202,-1.217829842403853,0.7667749835368639,3.0,-0.9058353122364573,-0.4879052816238297
jt7j5sd8v6tb_1,0.06111955735600505,2.8181818181818183,0.2299466673995803,0.840771008837203,0.025864679788472237,0.9293866015279771,7.0,0.1668897859604975,0.12095517262613878
hf516jk4la5b_1,-0.002836772704287124,2.7142857142857144,0.4695389873798617,0.8734199709707925,0.4962866850567553,0.9908937337459884,5.0,-0.3694727631379799,0.1483790341485875
cvucbm7z241b_1,-0.48650651878524626,1.9285714285714286,-0.44981899967540334,0.7481401451856808,-0.15687926907459948,0.9054930419179158,12.0,1.507796158706691,0.10364784279286049
0y8ah0wzu7p6_1,-0.23734331625869154,2.3333333333333335,0.060444531408395556,0.8176731531964455,0.364087016934971,0.973608780288706,4.0,-0.6376540376872186,-0.1126164514006359
g5q0t3bta2bq_1,0.1450622405601384,2.9545454545454546,-0.289211916587568,0.7700258824854095,-0.33560339694729086,0.8821250692454956,20.0,3.6532463551006007,0.79337332053147
qfnndk3bf4jx_1,-0.44253654186879554,2.0,0.05406200233658159,0.8168034135069624,-0.06608569518616517,0.917364196521997,7.0,0.1668897859604975,-0.0719176121894704
v28qlwosnznn_1,0.1730431349615162,3.0,-0.873686846702387,0.6903801748812528,0.45420429075991703,0.9853915094429608,3.0,-0.9058353122364573,-0.28806868330435276
hqv8kfbmsfsa_1,-0.03215009064858765,2.6666666666666665,-0.12950565686417786,0.7917888656504597,0.15264680850701443,0.9459632179843548,5.0,-0.3694727631379799,-0.09462042553593275
91uipy4qhti9_1,-0.44253654186879543,2.0,0.22889303613461487,0.8406274317506108,0.15130854475657063,0.9457882415493256,2.0,-1.174016586785696,-0.30908788694082645
5jm8lmm130ak_1,0.5518613976263236,3.6153846153846154,-0.009337699261550618,0.8081640111382694,-0.7846270575472732,0.8234157458034772,13.0,1.7759774332559297,0.3834685185183574
bhxxpsgq9eyw_1,-0.09077672653718874,2.5714285714285716,0.35610380040098144,0.8579622921745986,0.27121790242188304,0.9614662511524074,11.0,1.2396148841574524,0.44403996511078203
7veq8clhqdwx_1,-0.25786263881970195,2.3,-0.3986470131994466,0.7551132912735501,-0.10499891860275186,0.9122763376401659,8.0,0.4350710605097362,-0.08160937752804107
d67hvgv1paq9_1,-0.5964314610763735,1.75,0.16685628118524426,0.8321737565101045,0.5849551558704668,1.0024870335849225,3.0,-0.9058353122364573,-0.18761383406427995
kkh1foquuidd_1,-0.1347467034536396,2.5,0.5144149640775778,0.8795351672510078,-1.5085541262763835,0.7287631202165321,5.0,-0.3694727631379799,-0.3745896571976063
rcu453mztonu_1,-0.05779924384985065,2.625,0.13937106126773596,0.8284283780923241,0.2734864492829699,0.9617628610264459,7.0,0.1668897859604975,0.13048701316533817
8u89yfrn6iok_1,-0.05374937755491437,2.6315789473684212,-0.17770633685534049,0.7852206159837998,0.27080963450688317,0.9614128705954881,13.0,1.7759774332559297,0.4538328383381395
imj0e771mman_1,-0.07318873577060843,2.6,0.12912464594882633,0.8270321111928689,0.20395366210122529,0.9526715296542339,8.0,0.4350710605097362,0.17374015819729485
93anow4veuqu_1,-0.1347467034536396,2.5,-0.613439182682846,0.7258438163227998,0.2441811805151219,0.9579312310843892,3.0,-0.9058353122364573,-0.35246000446445525
ogs9ieck1frq_1,-0.21169416305742855,2.375,0.49487943788081745,0.8768730841962993,-0.08838327748311388,0.9144488134678002,7.0,0.1668897859604975,0.09042294582519314
z388d5z4fymm_1,-0.17871668037009045,2.4285714285714284,0.30379231278447316,0.8508338676137291,0.32817662076733867,0.9689135375909839,7.0,0.1668897859604975,0.15503550978555472
1q1z7piz49za_1,0.4808329733766722,3.5,-0.2294470588678703,0.7781699689768729,0.34002541441144607,0.9704627536334527,1.0,-1.4421978613349347,-0.21269663310367168
039d40evjkg6_1,-0.19630467113667077,2.4,-0.8138689485584854,0.6985314891286037,-0.18873399589055612,0.9013280732895449,3.0,-0.9058353122364573,-0.5261857319555423
e9gtoq56l7f7_1,-0.4425365418687955,2.0,0.29616965202631557,0.8497951366457634,0.0858654601282024,0.9372316340481609,7.0,0.1668897859604975,0.026597089061554995
etwdldogi8jg_1,-0.2666566342029921,2.2857142857142856,-1.0736121669144738,0.6631365879011385,-0.11693871535132216,0.9107152230472131,6.0,-0.10129148858874121,-0.38962475126438234
hnjkysyb1e6y_1,-0.03215009064858769,2.6666666666666665,0.019256492787770276,0.8120605078771285,-0.10234424870101826,0.9126234326544562,14.0,2.044158707805168,0.4822302153108331
wq9pp7ffyhsq_1,-0.03215009064858765,2.6666666666666665,-1.7651103075302517,0.5689069539534807,0.46300500431798675,0.9865421925452965,2.0,-1.174016586785696,-0.6270679951616371
so613bcxr66j_1,-0.03215009064858767,2.6666666666666665,-0.735018852546787,0.7092762984744447,0.3600391637767901,0.9730795281775991,7.0,0.1668897859604975,-0.060059998364521756
sdupg1id2wbw_1,0.11148516727848508,2.9,-0.24407028736838648,0.7761772789205994,-0.0684074422878046,0.9170606307781369,9.0,0.7032523350589749,0.12556494317031722
1uqrsi16agpq_1,-0.19630467113667077,2.4,-0.4313559283502581,0.7506560860831772,0.4065510321377125,0.9791609010830831,4.0,-0.6376540376872186,-0.21469090125910875
xasfeoa6ph3w_1,0.2961590703275786,3.2,0.43885197704932344,0.8692382883594412,0.36922332610287434,0.9742803467621378,4.0,-0.6376540376872186,0.11664508394813944
yyuvh6wdo2yo_1,-0.26665663420299207,2.2857142857142856,0.33009688238826074,0.8544183602093395,-0.09224395319436783,0.9139440345910391,6.0,-0.10129148858874121,-0.0325237983994601
iygdqwnrh5l7_1,-0.4425365418687955,2.0,0.7283513300652676,0.9086880228713577,0.4814060382176599,0.9889481064105925,1.0,-1.4421978613349347,-0.16874425873020066
f3kkba560heh_1,-0.30574105812872615,2.2222222222222223,0.45991740919967455,0.8721088498893814,-0.30639176708774024,0.8859444560087705,7.0,0.1668897859604975,0.0036685924859264155
nczptcxlg944_1,-0.44253654186879543,2.0,0.4685909149076788,0.8732907782560729,-0.8345256941237301,0.8168915568772889,2.0,-1.174016586785696,-0.49562197696763566
m5dfshb9vuf7_1,-0.03215009064858764,2.6666666666666665,0.45595613467898,0.8715690516945247,0.1980898833242535,0.9519048473721696,5.0,-0.3694727631379799,0.06310579105416649
15250ldvnl40_1,-0.2715421871937088,2.2777777777777777,0.223296981460333,0.8398648639972991,0.005235387602350354,0.9266893454731034,14.0,2.044158707805168,0.5002872224185356
qrsrk4goz3vh_1,0.3178854118627661,3.235294117647059,-0.05299777413850741,0.8022145043614045,-0.31899480201666974,0.8842966237920786,15.0,2.3123399823544073,0.5645582045154991
eumnde405cl7_1,0.27563974776656813,3.1666666666666665,-0.028864111160417715,0.8055031700781575,0.40402444891773115,0.978830553254047,3.0,-0.9058353122364573,-0.06375880667814393
832dgj88hdpu_1,-0.5451331546738474,1.8333333333333333,0.3200716042155214,0.8530522274073057,-0.03875735497187418,0.920937345345893,5.0,-0.3694727631379799,-0.158322917142045
k8h42qzwmcak_1,0.48083297337667213,3.5,0.3258542126702181,0.8538402166236808,0.48290694461093264,0.9891443481827547,2.0,-1.174016586785696,0.028894385968031733
48bgptv3uc5r_1,-0.3194206065027331,2.2,-0.0070907759446264375,0.808470196721753,0.4704905428788277,0.9875209180403379,9.0,0.7032523350589749,0.21180787387261077
fseoe2vexf4a_1,0.17304313496151627,3.0,-0.07129284905637208,0.799721456135678,-0.3491456904365229,0.8803544300601489,10.0,0.9714336096082136,0.1810095512692087
tyc4jone9jtw_1,0.5423909410597033,3.6,-0.1325054038474048,0.7913800936761586,-0.25271789823835533,0.8929622521811424,4.0,-0.6376540376872186,-0.12012159967831887
2zinauuki2xw_1,0.1256908521284154,2.923076923076923,-0.3051516537290841,0.7678537933533557,-0.08725854283576381,0.9145958712199674,12.0,1.507796158706691,0.3102692035675646
ce0uoiy85231_1,-0.19630467113667086,2.4,0.5061842064587726,0.8784135716428964,-0.5191316282521709,0.858128965614737,4.0,-0.6376540376872186,-0.21172653265432193
0upv7c2e5klh_1,-0.011630768087577242,2.7,-0.26198678113170504,0.7737358195011431,-0.08712677906254704,0.9146130991806707,8.0,0.4350710605097362,0.018581683056976717
m8z30bkv3zod_1,-0.44253654186879543,2.0,0.08810910338596063,0.821442971707372,0.23292230452284968,0.9564591460914945,2.0,-1.174016586785696,-0.32388043018642027
mnmcltvuimub_1,0.09609567535772728,2.875,-0.25934334122490316,0.7740960379314613,0.45984985368290376,0.9861296602549137,13.0,1.7759774332559297,0.5181449052679143
4s9edvacwjmd_1,0.7006828579589264,3.857142857142857,-0.46220964436199174,0.7464516866857736,0.37782338999045134,0.9754047951525037,6.0,-0.10129148858874121,0.1287512787496612
psflahllhzud_1,0.1730431349615162,3.0,-0.14067239206907936,0.7902671878483889,-0.5439819789919527,0.854879811043951,12.0,1.507796158706691,0.2490462306517938
i8vntfwqv17i_1,-0.13474670345363965,2.5,0.1923653966912324,0.8356498535164063,0.29802074666037287,0.96497069198624,1.0,-1.4421978613349347,-0.27163960535924225
epug6wuot6ns_1,0.3269380541690942,3.25,-0.10380553359563857,0.7952909910587038,0.3238709525957188,0.9683505764655413,3.0,-0.9058353122364573,-0.08970795976682072
zofm722cvj1k_1,-0.4425365418687955,2.0,-0.5158435907943804,0.7391430522258288,-0.1394406699475827,0.9077731185516408,5.0,-0.3694727631379799,-0.3668233914371846
zgtrcecvauk4_2,0.11708134615876066,2.909090909090909,-0.5293603530101939,0.7373011390218115,0.3448167860070864,0.9710892199189118,8.0,0.4350710605097362,0.09190220991634733
hjr8vpd7fapz_2,-0.1689455743886569,2.4444444444444446,-0.49201034145521166,0.7423907809312353,-0.2749559637457018,0.8900546508782377,8.0,0.4350710605097362,-0.12521020476995856
xbnmcc5pxceu_2,-0.2886416226612175,2.25,0.6500764126072442,0.8980215924268962,0.3206537726432798,0.9679299339137735,7.0,0.1668897859604975,0.212244587137451
3kofmh9dg9xx_2,-0.23734331625869154,2.3333333333333335,-0.20975244946510122,0.7808537301119532,-0.6993954778661585,0.8345596761083671,6.0,-0.10129148858874121,-0.3119456830446731
f8jryrdfkdx2_2,0.17304313496151622,3.0,0.29818297420925105,0.850069489678944,-0.020423014314056884,0.9233345391470783,11.0,1.2396148841574524,0.42260449475354067
nbd4iho7n72m_2,-0.0028367727042870605,2.7142857142857144,0.3842910322425656,0.8618033329271667,0.44704069104526445,0.9844548770791012,5.0,-0.3694727631379799,0.11475554686139079
63szpj5u8o2i_2,-0.23734331625869154,2.3333333333333335,-0.41809187408284737,0.7524635630738846,-0.3376721281830555,0.881854585032987,2.0,-1.174016586785696,-0.5417809763275726
ia9y1d0x3x7t_2,0.28496671256702744,3.1818181818181817,0.10684573401260498,0.8239961902074087,-0.1980546489838864,0.9001094086953095,9.0,0.7032523350589749,0.22425253316368024
mtmb7nh1k07f_2,-0.6477297674788993,1.6666666666666667,-0.8371796796441213,0.6953549633677453,-0.058948692230490186,0.9182973513904319,2.0,-1.174016586785696,-0.6794686815348017
0wk103kezs00_2,-1.058116218699107,1.0,0.27514193307769313,0.8469297142492281,0.5304385236559537,0.9953590470788779,2.0,-1.174016586785696,-0.35663808718778905
hr053hyuwem6_2,-0.36558908226500647,2.125,0.257362816368107,0.84450697503844,0.011099114538404065,0.9274560209770277,6.0,-0.10129148858874121,-0.04960465998680916
6wx67twfnuox_2,-0.4425365418687955,2.0,-0.38366384706817963,0.7571550296051516,0.35235374652124035,0.9720746687747782,5.0,-0.3694727631379799,-0.21082985138842866
656xmu29mv16_2,0.019148215753938325,2.75,0.13800894691462723,0.8282427643800818,-0.27949208870096237,0.889461557795312,7.0,0.1668897859604975,0.01113871498202517
h05dt9u04ag6_2,0.10464539309148159,2.888888888888889,0.3530503956879327,0.8575462083249031,-0.08519447144196822,0.9148657461635368,7.0,0.1668897859604975,0.1348477758244859
aqgoay2w4h2m_2,-0.3655890822650065,2.125,-0.048550867000725605,0.8028204791387471,0.027028447350538276,0.929538762788525,7.0,0.1668897859604975,-0.055055428988674084
barb4qdxq6t1_2,-0.08344839705111362,2.5833333333333335,-0.23884219093022188,0.7768897054401743,0.14603190157838608,0.9450983265666224,9.0,0.7032523350589749,0.13174841216400637
3y4g82qrfzgu_2,0.17304313496151622,3.0,0.23082120070786066,0.8408901804570151,-0.08799704284345841,0.914499313199493,13.0,1.7759774332559297,0.522961181520462
rzv8pux6l1g8_2,-0.7503263802839513,1.5,0.7352599440125643,0.9096294515247445,-0.21371872496827507,0.8980613489067473,1.0,-1.4421978613349347,-0.4177457556436492
u27jmgu8s0ev_2,-0.37413879999876076,2.111111111111111,-0.1743172798193674,0.7856824387786423,0.3548579476126543,0.9724020901664332,8.0,0.4350710605097362,0.06036823207606559
3n6trc3kljyo_2,0.37823636057162013,3.3333333333333335,-0.4634303907001745,0.7462853370257624,-0.009730289648228885,0.9247326005099112,11.0,1.2396148841574524,0.28617264109516727
sprnfuwnq7ac_2,0.036247651221446936,2.7777777777777777,0.17012935346822486,0.8326197741998047,0.41428690801309176,0.9801723578919918,8.0,0.4350710605097362,0.2639337433031249
pia8uidyh0xh_2,-0.31942060650273313,2.2,0.43798208586090936,0.8691197493158143,0.4708440762160541,0.987567142114622,9.0,0.7032523350589749,0.3231644726583013
ed8h9v6yer07_2,0.24144087683155085,3.111111111111111,-0.027285286352246755,0.805718314667858,0.4212707610282749,0.9810854885831274,8.0,0.4350710605097362,0.2676243530043288
xh3pjt4r5nf2_2,-0.1347467034536396,2.5,0.809862921559768,0.9197955110595082,0.4103286814452396,0.9796548243537406,3.0,-0.9058353122364573,0.04490239682872765
hf2atxzwe00u_2,-0.6477297674788993,1.6666666666666667,0.4899704870303387,0.8762041472685792,-1.4368295341039385,0.7381410275521331,5.0,-0.3694727631379799,-0.49101539442261977
iat3flfmgzl6_2,0.22434144136404222,3.0833333333333335,0.09392739189426054,0.822235823002461,-0.4293393078108905,0.869869207490527,11.0,1.2396148841574524,0.2821361024012161
pfi2dt661qbd_2,-0.1689455743886569,2.4444444444444446,-0.2010825970154204,0.7820351606534529,-0.20511098042224019,0.8991868015343086,7.0,0.1668897859604975,-0.10206234146645499
6i5ue4jm9v39_2,-0.1347467034536396,2.5,0.2623195592253626,0.845182424526411,-0.2858899602406452,0.8886250435032549,6.0,-0.10129148858874121,-0.06490214826441586
y84228e2pmvp_2,-0.4425365418687955,2.0,-0.2519612051031792,0.7751019928916327,-1.95406735898518,0.6705127811545533,3.0,-0.9058353122364573,-0.888600104548403
j4zhqovyxicy_2,-0.9042212994915293,1.25,0.36284424804431226,0.8588808050045951,0.14543853392745665,0.9450207444336632,3.0,-0.9058353122364573,-0.32544345743905445
u498l95or7np_2,0.10464539309148162,2.888888888888889,0.2154037095634212,0.838789257169444,0.2010275532684321,0.9522889443141622,8.0,0.4350710605097362,0.2390369291082678
7wua7gopt4k8_2,-0.37413879999876076,2.111111111111111,0.4050801910841421,0.8646362470200042,-0.15075221876799458,0.9062941466474869,8.0,0.4350710605097362,0.07881505820678075
9pa7mfd4rubz_2,0.788622811791828,4.0,-0.6019639201423642,0.7274075367800666,0.5020894132413242,0.9916524337338215,2.0,-1.174016586785696,-0.121317070473727
hl0jpyfe02sw_2,0.2961590703275787,3.2,0.2742432034083372,0.8468072454199035,0.2188303538223514,0.9546166398625376,14.0,2.044158707805168,0.7083478338408589
eeukrcggxx3o_2,-0.3194206065027331,2.2,0.6849582642571346,0.9027749011045719,-0.08964861829702811,0.914283371622243,4.0,-0.6376540376872186,-0.0904412495574613
j2x2vhg83u9h_2,0.07833856929531449,2.8461538461538463,0.06593936748259477,0.8184219280108118,-0.04744715460420654,0.9198011641108568,12.0,1.507796158706691,0.4011567352200984
p5u9r9m1uh0b_2,0.2961590703275786,3.2,0.61536255027173,0.8932911754544485,0.020399365699616513,0.9286720180422738,3.0,-0.9058353122364573,0.006521418515616967
bq16gvcq7u48_2,0.27563974776656813,3.1666666666666665,-0.0011454705865258652,0.8092803564527711,0.2994917205809642,0.9651630201222748,7.0,0.1668897859604975,0.185218945930376
agge90qqyjhj_2,0.41927500569364096,3.4,0.6345463689956682,0.8959053317477179,-0.2991717191705274,0.8868884689097213,9.0,0.7032523350589749,0.3644754976444391
5o9ptvrbynfu_2,0.4466341024416548,3.4444444444444446,-0.12338810667227539,0.7926224969813063,0.11126342453956733,0.9405523884721111,7.0,0.1668897859604975,0.15034980156736105
tue9ikgul5zq_2,-0.2746511754605287,2.272727272727273,0.05915021031762457,0.8174967775918986,-0.6421618743721162,0.8420429034616744,8.0,0.4350710605097362,-0.10564794475132103
umuss3ln1x8v_2,-0.37413879999876076,2.111111111111111,0.3897085104472108,0.8625415662761218,-0.482220311834366,0.8629550774756309,8.0,0.4350710605097362,-0.00789488521904494
0qxabjy7ujod_2,0.17304313496151622,3.0,0.29075092093603355,0.8490567325675639,-0.35865014755128893,0.8791117333030427,5.0,-0.3694727631379799,-0.06608221369792977
kwt35vcdmbod_2,-0.03215009064858761,2.6666666666666665,-0.12680813561364804,0.7921564536815383,0.48027233568883454,0.9887998761183114,5.0,-0.3694727631379799,-0.012039663427845251
00x2emqtotyd_2,-0.13474670345363965,2.5,0.7754222543771799,0.9151023220675054,0.4535438083450375,0.9853051521323659,2.0,-1.174016586785696,-0.019949306879279538
dvornclgd0aq_2,-0.19630467113667072,2.4,0.3758803859476355,0.8606572241018722,0.5243950451671003,0.9945688692676622,4.0,-0.6376540376872186,0.016579180572711627
siggsyvh7xo1_2,-0.09077672653718882,2.5714285714285716,-0.6872532936364697,0.7157852547059342,0.49870729809537456,0.991210226096575,6.0,-0.10129148858874121,-0.09515355266675629
vi9q7fothzy9_2,0.6347278925842501,3.75,-0.9519127631747413,0.6797204217431663,0.15443729453348845,0.9461973219580879,3.0,-0.9058353122364573,-0.267145722073365
wolvnbj3iu83_2,-0.5451331546738475,1.8333333333333333,0.28477420907547185,0.8482422931095925,0.4850159947676975,0.9894201040474755,5.0,-0.3694727631379799,-0.0362039284921645
wkys7wy9il7c_2,-0.057799243849850634,2.625,0.2945831057965176,0.8495789398670681,-0.4691336811031154,0.864666139283244,7.0,0.1668897859604975,-0.01636500829898773
mwmkmapelpgo_2,-0.28864162266121757,2.25,-0.5922392523537318,0.7287327057605203,-0.13066227720209747,0.9089208832335891,3.0,-0.9058353122364573,-0.47934461611337603
qazygyn8c297_2,-0.002836772704287132,2.7142857142857144,-0.41572817723945843,0.7527856612477386,-0.3456553583260847,0.8808107869401361,6.0,-0.10129148858874121,-0.21637794921464287
0264ddif97z6_2,0.17304313496151622,3.0,0.30084020711098325,0.8504315876643715,0.3499415887425948,0.971759281939638,7.0,0.1668897859604975,0.24767867919389794
lbt3alhiu1f0_2,0.01914821575393827,2.75,0.15082247573932037,0.8299888488014417,0.4715182636076142,0.987655291335041,3.0,-0.9058353122364573,-0.06608658928389613
48910ns9ag9c_2,0.17304313496151624,3.0,0.01590172059155268,0.811603357036859,0.13288602724800602,0.9433795187270552,6.0,-0.10129148858874121,0.05513484855308344
749d7d4z0hj1_2,0.17304313496151624,3.0,0.22409527268274937,0.8399736461982243,0.2592065492589205,0.9598957806411688,3.0,-0.9058353122364573,-0.06237258883331781
96nxhlo4yz55_2,-0.31942060650273313,2.2,0.07214601620354762,0.8192677006928557,-0.20362615588661653,0.8993809406222135,9.0,0.7032523350589749,0.0630878972182932
tbd6qkgwwv0w_2,-0.30047969336949276,2.230769230769231,0.009201866749213486,0.8106903758761225,0.2230081128397496,0.9551628770142446,11.0,1.2396148841574524,0.29283629259423066
90z2wrbrs8i0_2,-0.2531274105363919,2.3076923076923075,0.2368172713217035,0.8417072579094051,0.24020965010713521,0.9574119580844526,12.0,1.507796158706691,0.4329239173997845
2z9m6xr38h4r_2,0.17304313496151624,3.0,-0.05459663243389284,0.8019966298320903,0.24063192812493878,0.957467170446083,13.0,1.7759774332559297,0.533763965977123
a3nfmupku2aj_2,-0.4425365418687955,2.0,0.22102577429835132,0.8395553692829644,0.2389330331513613,0.9572450418964102,5.0,-0.3694727631379799,-0.08801262438926569
1p4bgxq1r154_2,0.4808329733766721,3.5,0.423776797614089,0.8671840114837112,0.29246142174343526,0.9642438166936738,1.0,-1.4421978613349347,-0.06128166715018457
zufbg4rjsv9g_2,-0.19630467113667077,2.4,0.625034446338438,0.8946091532947562,0.35623028203562496,0.9725815213024254,4.0,-0.6376540376872186,0.03682650488754338
d6q2d70c8zy8_2,-0.3741387999987608,2.111111111111111,-0.04714977724755679,0.8030114039826683,0.4423298939619489,0.9838389458177852,8.0,0.4350710605097362,0.11402809430634187
q2bgh6j5xiex_2,-0.5964314610763733,1.75,-0.015838563768970373,0.807278146018904,0.47636460716765733,0.9882889451411624,1.0,-1.4421978613349347,-0.39452581975315526
7eanb1cab53p_2,0.019148215753938325,2.75,-0.5094645773612656,0.7400123128433835,0.17239856629846728,0.9485457374337248,3.0,-0.9058353122364573,-0.30593827688632935
qmkqt2gdyxmf_2,-0.33993992906374354,2.1666666666666665,0.037640770251605914,0.8145657116283154,-0.4413358233419582,0.8683006769824697,5.0,-0.3694727631379799,-0.2782769363230189
utw51njlxqxq_2,0.5423909410597032,3.6,0.56274182070734,0.8861206108590098,0.14544860649999772,0.9450220614108542,4.0,-0.6376540376872186,0.1532318326449556
l9sg3jdp2585_2,-0.6663836970798178,1.6363636363636365,0.29047013338690886,0.8490184699802669,-0.8337476568686831,0.8169932843470517,7.0,0.1668897859604975,-0.2606928586502737
5umkinfvrwcc_2,0.6347278925842501,3.75,0.4802122688678443,0.8748744064183518,0.11860860726458178,0.9415127626042167,3.0,-0.9058353122364573,0.08192836412005472
c4bdro822vx5_2,-0.4425365418687955,2.0,0.6407872652724353,0.8967557713036962,-0.21157148365677692,0.8983420982207063,5.0,-0.3694727631379799,-0.09569838084777924
wu8wv7jwolkb_2,-0.03215009064858765,2.6666666666666665,-0.32365464372430114,0.7653324127858911,-0.3051951862697018,0.8861009075645234,7.0,0.1668897859604975,-0.12352753367052327
ar7p32wtt1lv_2,-0.1347467034536397,2.5,-0.2311935697171759,0.7779319740086302,0.15069475779848465,0.945707989615611,12.0,1.507796158706691,0.32313766083359
pdff8xeh7s27_2,-0.2886416226612175,2.25,0.6523844442772402,0.8983361051733941,-1.104854174588317,0.7815464212245745,3.0,-0.9058353122364573,-0.41173666630218786
pi85glpnm5jh_2,-0.5964314610763733,1.75,0.04341005398525033,0.8153518851007089,0.1855023978335735,0.9502590482265153,3.0,-0.9058353122364573,-0.3183385803735017
86vaal8zynah_2,-0.28864162266121757,2.25,-0.19055914595993803,0.783469178885145,0.4798879780676676,0.9887496218046115,2.0,-1.174016586785696,-0.293332344334796
6bf4pjalcksy_2,0.41927500569364096,3.4,-0.05785691017197166,0.8015523556398947,0.2709411863154987,0.9614300708420656,2.0,-1.174016586785696,-0.135414326237132
pztuk75bivze_2,-0.4425365418687955,2.0,0.1903641151872644,0.8353771412523109,0.4554295841348216,0.9855517151322614,2.0,-1.174016586785696,-0.24268985733310136
c6nv9gdafx2l_2,1.052442673290533,4.428571428571429,-0.09926576694982157,0.795909619691403,0.0051009400128056515,0.9266717666065242,6.0,-0.10129148858874121,0.21424658944119396
fa8qh5t294o8_2,0.4808329733766721,3.5,0.6626764037334806,0.8997385783185887,0.27946661779197807,0.9625447611311398,0.0,-1.7103791358841733,-0.07185078524551064
99pcouebu74x_2,0.07044652215646434,2.8333333333333335,-0.36563241705958505,0.7596121512508432,0.32391634526878327,0.9683565115049584,5.0,-0.3694727631379799,-0.08518557819307933
0g46783i1hcz_2,0.34892304262731966,3.2857142857142856,0.16132942691979865,0.8314206186146776,0.507928291689759,0.9924158603267761,6.0,-0.10129148858874121,0.22922231816203398
u4s0qsob1tjs_2,-0.011630768087577282,2.7,-0.3971168932358963,0.7553217989116663,-0.2834931293174868,0.8889384263697957,8.0,0.4350710605097362,-0.06429243253280606
jkeyu4i7qied_2,-0.3194206065027332,2.2,-0.5713006351718801,0.7315859863646575,0.1326242850973494,0.9433452962440777,12.0,1.507796158706691,0.18742480053235677
q1tv6k8ua7vb_2,0.17304313496151624,3.0,0.2595747898553151,0.8448083980499552,0.22951654374362063,0.9560138468150894,6.0,-0.10129148858874121,0.14021074499292768
p1eb3ilv0knu_2,1.1990092630120357,4.666666666666667,-0.4631018030358494,0.7463301132782356,-0.18950124707769045,0.9012277560856662,2.0,-1.174016586785696,-0.15690259347180002
jt7j5sd8v6tb_2,0.11148516727848505,2.9,0.384069692550462,0.8617731712290506,0.09658105504877583,0.938632685670307,9.0,0.7032523350589749,0.32384706248417444
hf516jk4la5b_2,0.019148215753938352,2.75,-0.5713380306382563,0.7315808905286735,0.493312615519207,0.9905048775993309,6.0,-0.10129148858874121,-0.040042171988463035
cvucbm7z241b_2,0.0909658447174747,2.8666666666666667,0.10395092018977949,0.8236017173507955,0.10911034003618333,0.9402708751675821,14.0,2.044158707805168,0.5870464531871514
0y8ah0wzu7p6_2,0.41927500569364096,3.4,0.1336161750289624,0.8276441665495321,0.13101443089649428,0.9431348096722874,4.0,-0.6376540376872186,0.011562893482969738
g5q0t3bta2bq_2,0.7006828579589263,3.857142857142857,-0.41914182204690975,0.7523204879063512,-0.0691275960578416,0.9169664715069828,13.0,1.7759774332559297,0.49709771827752613
qfnndk3bf4jx_2,-0.34783197620259365,2.1538461538461537,0.12096649523275266,0.8259204096415373,-0.570437939627314,0.8514207248393724,10.0,0.9714336096082136,0.04353254725276465
v28qlwosnznn_2,0.2756397477665682,3.1666666666666665,-1.203364691668835,0.6454553647810007,-0.028459103734200592,0.922283829764981,5.0,-0.3694727631379799,-0.3314142026936118
hqv8kfbmsfsa_2,0.08510318112861458,2.857142857142857,0.16751642877831868,0.8322637140420097,0.11808709742769039,0.9414445757971978,6.0,-0.10129148858874121,0.0673538046864706
91uipy4qhti9_2,-0.23734331625869154,2.3333333333333335,-0.4170873632643349,0.7526004465753219,0.33838398992981883,0.9702481392840245,2.0,-1.174016586785696,-0.37251581909472586
5jm8lmm130ak_2,-0.22268665728654127,2.357142857142857,-0.08516551448920115,0.7978310444211221,-0.39444357744743774,0.8744317838098148,11.0,1.2396148841574524,0.13432978373356805
bhxxpsgq9eyw_2,0.8912194245968799,4.166666666666667,0.05196293446813525,0.8165173760106086,0.3015100921055618,0.9654269198608886,4.0,-0.6376540376872186,0.1517596033708396
7veq8clhqdwx_2,-0.5964314610763733,1.75,-0.007194338727274027,0.8084560843438212,-0.7083389315693563,0.8333903298974165,7.0,0.1668897859604975,-0.28626873635312655
d67hvgv1paq9_2,0.4808329733766721,3.5,0.27981735845474526,0.8475668289368206,-1.0604781271954995,0.7873485380127679,5.0,-0.3694727631379799,-0.16732513962551554
kkh1foquuidd_2,-0.5964314610763733,1.75,0.3689020375868348,0.8597062928224157,-0.7617774875732102,0.8264033006069942,7.0,0.1668897859604975,-0.2056042812755628
rcu453mztonu_2,-0.44253654186879543,2.0,-0.26825748584007836,0.7728813179854374,0.11818244062146926,0.9414570418093319,1.0,-1.4421978613349347,-0.5087023621055848
8u89yfrn6iok_2,0.4423592435747776,3.4375,-0.31323175766476025,0.7667527271445012,-0.1674868279989788,0.9041061158771153,10.0,0.9714336096082136,0.23326856687981304
imj0e771mman_2,0.3150999834608189,3.230769230769231,0.14046612110131299,0.8285776006009729,0.022668559600950156,0.928968712516075,12.0,1.507796158706691,0.4965077057174433
93anow4veuqu_2,-0.44253654186879543,2.0,0.9964689961560954,0.9452241001891375,0.5013439316283018,0.9915549628765387,1.0,-1.4421978613349347,-0.09673036885483322
ogs9ieck1frq_2,0.7886228117918279,4.0,0.992345832645743,0.9446622415730885,0.5018666245920714,0.9916233043760262,0.0,-1.7103791358841733,0.1431140332863673
z388d5z4fymm_2,1.2810865532560773,4.8,0.040846390449516504,0.815002537702143,0.5243475545634233,0.9945626599262478,4.0,-0.6376540376872186,0.3021566151454496
1q1z7piz49za_2,-0.8529229930890031,1.3333333333333333,0.013947609180354722,0.8113370725855281,0.01923527666294626,0.928519814749294,2.0,-1.174016586785696,-0.4984391735078495
039d40evjkg6_2,0.04992719959545385,2.8,0.5115876095578544,0.8791498869938599,0.12108953779277587,0.941837141396689,4.0,-0.6376540376872186,0.01123757731471639
e9gtoq56l7f7_2,0.17304313496151627,3.0,-0.02402256628038335,0.8061629216739906,0.3573775469650433,0.9727315248628724,7.0,0.1668897859604975,0.16832197540166843
etwdldogi8jg_2,0.17304313496151622,3.0,-1.3316402818157997,0.6279754017933861,0.38448423454182823,0.976275692861193,2.0,-1.174016586785696,-0.4870323747745378
hnjkysyb1e6y_2,0.049927199595453865,2.8,-0.2061326464527169,0.7813469963881517,-0.0856302629068851,0.9148087669343511,14.0,2.044158707805168,0.450580749510255
wq9pp7ffyhsq_2,0.7886228117918279,4.0,-1.3325273727969902,0.6278545189543354,0.4661516573886672,0.9869536137889778,1.0,-1.4421978613349347,-0.3799876912378574
so613bcxr66j_2,-0.7063564033675005,1.5714285714285714,0.15523225918411915,0.830589764777039,0.18550579782021548,0.95025949277083,6.0,-0.10129148858874121,-0.11672745873797678
sdupg1id2wbw_2,0.2849667125670274,3.1818181818181817,0.031213662226404013,0.8136898972175672,-0.12882150962054126,0.9091615614623993,10.0,0.9714336096082136,0.28969811869527595
1uqrsi16agpq_2,0.942517730999406,4.25,-0.6807587160152162,0.7166702631187557,-0.12926888253054203,0.9091030679726859,3.0,-0.9058353122364573,-0.1933362949457024
xasfeoa6ph3w_2,-0.0321500906485877,2.6666666666666665,-0.0016440043597642136,0.809212421844992,-0.5664780480148299,0.8519384760802806,5.0,-0.3694727631379799,-0.24243622654029046
yyuvh6wdo2yo_2,-0.0907767265371888,2.5714285714285716,-0.08425928249505896,0.7979545355833739,-0.22865799783925803,0.8961080562855986,6.0,-0.10129148858874121,-0.12624637386506177
iygdqwnrh5l7_2,0.583429586181724,3.6666666666666665,0.5622014273413168,0.8860469720940194,0.4498687746361343,0.9848246457323512,2.0,-1.174016586785696,0.10537080034336976
f3kkba560heh_2,-0.11107056203708915,2.5384615384615383,0.15252962672858464,0.8302214802480984,0.38929228990272813,0.9769043405296322,11.0,1.2396148841574524,0.417591559687919
nczptcxlg944_2,-0.13474670345363965,2.5,-0.6444415728138096,0.7216191572789711,-1.3064806898108874,0.7551839879379367,1.0,-1.4421978613349347,-0.8819667068533178
m5dfshb9vuf7_2,-0.002836772704287124,2.7142857142857144,0.046088927333863446,0.8157169320042438,-0.11112566736864334,0.9114752723366936,6.0,-0.10129148858874121,-0.04229125033195205
15250ldvnl40_2,-0.14940336242578992,2.4761904761904763,-0.047832418009057784,0.8029183813332992,0.23598106714917602,0.9568590757613952,20.0,3.6532463551006007,0.9229979104537323
qrsrk4goz3vh_2,-0.0321500906485877,2.6666666666666665,-0.001480357497025279,0.8092347218094703,-0.5638198939049578,0.8522860266507486,5.0,-0.3694727631379799,-0.24173077629713768
eumnde405cl7_2,-0.33993992906374354,2.1666666666666665,-0.6961600889663077,0.7145715362383328,-0.30545376679213815,0.8860670984607734,5.0,-0.3694727631379799,-0.42775663699004235
832dgj88hdpu_2,0.24999059456530517,3.125,0.006210300037974237,0.8102827186178123,0.28797566657882906,0.9636573094025241,4.0,-0.6376540376872186,-0.023369369126277517
k8h42qzwmcak_2,-0.032150090648587655,2.6666666666666665,0.45368531211730495,0.8712596093892191,0.005547042305591813,0.926730093964509,7.0,0.1668897859604975,0.14849301243370167
48bgptv3uc5r_2,-0.10054783251862226,2.5555555555555554,0.023919796121280392,0.8126959707081814,0.18520238870361705,0.9502198223803258,8.0,0.4350710605097362,0.13591135320400285
fseoe2vexf4a_2,-0.13474670345363962,2.5,-0.20313127252176702,0.7817559900646952,0.5569293258357636,0.9988226887750301,8.0,0.4350710605097362,0.16353060259252328
tyc4jone9jtw_2,-0.23734331625869154,2.3333333333333335,0.7589874396127477,0.91286276929319,-1.0105757740870491,0.7938732128712088,5.0,-0.3694727631379799,-0.2146011034677432
2zinauuki2xw_2,0.22434144136404222,3.0833333333333335,-0.054472982581095335,0.8020134794513192,0.4978849326819275,0.9911027027714542,11.0,1.2396148841574524,0.4768420689055817
ce0uoiy85231_2,-0.5194840014725843,1.875,0.38304886101675345,0.8616340637230522,-0.6272386881470242,0.8439940927725086,7.0,0.1668897859604975,-0.14919601066058938
0upv7c2e5klh_2,-0.07318873577060843,2.6,-0.1172845268123768,0.7934542245915298,-0.18081542842268822,0.9023634168125284,9.0,0.7032523350589749,0.08299091101332536
m8z30bkv3zod_2,-0.23734331625869154,2.3333333333333335,0.7239398506297298,0.9080868757851078,0.29427849780528653,0.9644813972837286,2.0,-1.174016586785696,-0.09828538865234282
mnmcltvuimub_2,0.686026198986776,3.8333333333333335,0.3583000362024227,0.8582615706302835,0.5447330533256969,0.9972280402733816,5.0,-0.3694727631379799,0.3048966313442289
4s9edvacwjmd_2,-0.4425365418687955,2.0,-0.5752257325978485,0.731051117979721,0.23913729810256665,0.9572717493021452,2.0,-1.174016586785696,-0.48816039078744333
psflahllhzud_2,0.10464539309148159,2.888888888888889,-0.17778091520429906,0.7852104532803739,-0.25538367798930506,0.8926137045669376,8.0,0.4350710605097362,0.026637965101903416
epug6wuot6ns_2,-0.03215009064858765,2.6666666666666665,-1.1724032736610746,0.6496744406020488,0.32470605461588,0.968459765087235,1.0,-1.4421978613349347,-0.5805112927571792
zofm722cvj1k_2,0.0851031811286146,2.857142857142857,-0.14905494444469686,0.7891249073482589,-0.4330788486729372,0.8693802668549686,6.0,-0.10129148858874121,-0.14958052514444017
