ID,uu_1_elaboration_z,uu_1_elaboration_raw,uu_1_flexibility_z,uu_1_flexibility_raw,uu_1_originality_z,uu_1_originality_raw,uu_1_fluency_raw,uu_1_fluency_z,uu_1_creativity_score,uu_2_elaboration_z,uu_2_elaboration_raw,uu_2_flexibility_z,uu_2_flexibility_raw,uu_2_originality_z,uu_2_originality_raw,uu_2_fluency_raw,uu_2_fluency_z,uu_2_creativity_score
zgtrcecvauk4,-0.10174258733146606,2.0,-0.029770622024357762,0.7460080034326192,-0.8322654898307713,0.7245960350592678,6.0,-0.5392269026132558,-0.3757514004499627,0.301561671679935,3.0,0.3498313214491932,0.9363653742324681,-1.448279509494934,0.8240852681971605,2.0,-1.141965980852273,-0.4847131243045197
hjr8vpd7fapz,-0.025994672037984425,2.1,-0.01781188539242955,0.7473747117730265,-0.31983294483862357,0.8299423732239518,9.0,0.18594031124595053,-0.044424797755771746,0.027915791541126188,2.625,0.4404250927801765,0.9441505148646874,0.034879615414605825,0.9467484794002528,7.0,0.2780438909901187,0.1953160976815068
xbnmcc5pxceu,0.3802896008997806,2.6363636363636362,-0.5057049205784264,0.6916156879782296,0.38414684038995334,0.9746671633266719,10.0,0.427662715865686,0.17159855914424837,0.11913108492072912,2.75,0.04967013156648237,0.9105711386990599,-0.44765993551727656,0.9068405222190481,7.0,0.2780438909901187,-0.0002037070099865923
3kofmh9dg9xx,0.24786317556152607,2.4615384615384617,-0.055830876776746585,0.7430296982303672,0.20858194921664458,0.9385743769177354,12.0,0.9111075251051569,0.3279304432766452,0.6664228451983467,3.5,0.4273900930586092,0.943030357214968,-0.2806555515758525,0.9206524549208064,5.0,-0.28996005774683803,0.13079933223356638
f8jryrdfkdx2,0.2769969891359421,2.5,-0.18580782791486472,0.7281752375420267,0.00970360848703001,0.8976887908227807,10.0,0.427662715865686,0.13213887139344835,0.7880432363711507,3.6666666666666665,0.16557469013024775,0.920531352023633,-0.005706034470225564,0.9433918832939912,8.0,0.5620458653585971,0.3774894393474425
nbd4iho7n72m,-0.42637651001781585,1.5714285714285714,-0.33674418460674055,0.7109254239613227,0.1863006633627702,0.933993770363282,6.0,-0.5392269026132558,-0.2790117334687605,0.17994128050713107,2.8333333333333335,0.286220624419628,0.9308990136337978,0.050266784449491696,0.9480210600245732,5.0,-0.28996005774683803,0.05661715790735318
63szpj5u8o2i,-0.10174258733146606,2.0,-0.12976723993478267,0.7345798554670697,-1.4447724025872335,0.5986763194010096,2.0,-1.5061165210921976,-0.79559968773642,0.05832088933432722,2.6666666666666665,0.043783191262259234,0.9100652467653374,0.1863166803014588,0.9592729323481625,2.0,-1.141965980852273,-0.21338630498855696
ia9y1d0x3x7t,0.48740786495116883,2.7777777777777777,-0.05200525792466656,0.743466910400288,0.049503231735418804,0.9058708327530334,8.0,-0.055782093373784904,0.10728093634703405,0.6664228451983467,3.5,0.719662025133097,0.96814663243589,-1.1229581404557871,0.8509906508557892,3.0,-0.8579640064837947,-0.14870931915203453
mtmb7nh1k07f,-0.4804821637988742,1.5,0.007555774146018046,0.7502738634923851,-0.28121700310439135,0.837881072856202,1.0,-1.7478389257119331,-0.6254955796172952,0.05832088933432722,2.6666666666666665,0.717548262358534,0.9679649870509882,-1.094654058292705,0.8533315120283835,2.0,-1.141965980852273,-0.36518772186302917
hr053hyuwem6,0.2478631755615261,2.4615384615384617,0.050830122918661395,0.7552194873666804,-0.10351943507548476,0.8744122968691147,13.0,1.1528299297248923,0.33700094828239874,-0.4281606753568884,2.0,-0.00038708639135880406,0.9062694910721424,0.1897569237154011,0.9595574542833931,9.0,0.8460478397270754,0.15181425042355734
6wx67twfnuox,0.006468720230650545,2.142857142857143,-0.13354142595563512,0.734148521316004,0.3287523209294142,0.9632791087688773,5.0,-0.7809493072329913,-0.1448174230071404,0.8853395493093936,3.8,-0.1828304481157505,0.8905912914832328,-0.5713201675312862,0.8966133248117012,4.0,-0.5739620321153164,-0.11069327461323988
656xmu29mv16,-0.007057693214614025,2.125,0.3863070123135021,0.7935595793732002,-0.501302564725838,0.7926356874365609,7.0,-0.29750449799352036,-0.10488943590511757,0.8853395493093938,3.8,-0.2364917587124747,0.885979927552059,-0.1402423680596403,0.9322651886430886,4.0,-0.5739620321153164,-0.016339152394509365
h05dt9u04ag6,0.4032435146250781,2.6666666666666665,-0.3772177878186242,0.7062998842593834,0.06418509052890985,0.9088891423363346,11.0,0.6693851204854214,0.1898989844551963,-0.030130304245893837,2.5454545454545454,-0.30872430529458333,0.87977265165325,-0.019375465619150902,0.9422613664857228,10.0,1.1300498140955537,0.1929549347339814
aqgoay2w4h2m,0.3190791642989874,2.5555555555555554,-0.005294374766613948,0.7488052797920399,-0.39494113464400793,0.8145015647907237,8.0,-0.055782093373784904,-0.034234609621354835,0.15561720227257023,2.8,-0.5150318907456074,0.8620436892463117,0.6656178839790504,0.998913065216702,2.0,-1.141965980852273,-0.20894069633656495
barb4qdxq6t1,0.07306029411503001,2.230769230769231,0.07850121146633313,0.7583818872647836,-0.30714400084857635,0.8325509776102105,12.0,0.9111075251051569,0.18888125745948592,-0.36735047977048646,2.0833333333333335,0.033197515470371135,0.909155570818347,0.0206888864159506,0.9455748491679646,10.0,1.1300498140955537,0.20414643405284727
3y4g82qrfzgu,0.06057437401170886,2.2142857142857144,-0.30211913930861006,0.7148825592049902,0.10299405363276085,0.9168675234733515,13.0,1.1528299297248923,0.25356980451518796,-0.06329950183847673,2.5,0.4203873225054773,0.9424285768412144,-0.30898172088438686,0.9183097670526527,9.0,0.8460478397270754,0.22353848487742228
rzv8pux6l1g8,0.049753243255497195,2.2,0.067883946908226,0.7571684895229909,0.21277525082063012,0.9394364395894316,4.0,-1.0226717118527267,-0.17306481771709334,-0.42816067535688845,2.0,0.1775140328254057,0.9215573548113795,-0.425961385663781,0.9086350793631729,2.0,-1.141965980852273,-0.4546435022618842
u27jmgu8s0ev,0.31142785972388826,2.5454545454545454,0.048055121293933925,0.7549023453489329,-0.0990524921138697,0.8753306149743861,7.0,-0.29750449799352036,-0.009268502272391968,-0.011176477050132203,2.5714285714285716,0.5755249063727366,0.9557602649915699,0.29644702000269696,0.968381153368928,6.0,-0.005958083378359642,0.2137093414867354
3n6trc3kljyo,0.3852082966980586,2.642857142857143,-0.27645703154853285,0.7178153620409095,-0.06517751305358506,0.882294663285293,12.0,0.9111075251051569,0.2386703193002744,-0.13627173654215902,2.4,-0.04543293897438602,0.9023984931866934,-0.07921506956640098,0.9373123911168534,9.0,0.8460478397270754,0.14628202366103235
sprnfuwnq7ac,0.4663667773696462,2.75,-0.39520229543785745,0.7042445186034743,-0.23627699609396252,0.8471198794501829,3.0,-1.2643941164724621,-0.357376657658659,-0.13627173654215907,2.4,-0.27337329164644647,0.8828105273117955,-1.2257351793596505,0.8424905773180548,4.0,-0.5739620321153164,-0.5523355599158931
pia8uidyh0xh,0.049753243255497195,2.2,-0.48274863396332346,0.6942392551113896,0.14194627073331317,0.924875354894367,4.0,-1.0226717118527267,-0.32843020795680994,0.301561671679935,3.0,-0.287511681719383,0.8815955502398197,-0.112181889509379,0.9345859028193781,2.0,-1.141965980852273,-0.310024470100275
ed8h9v6yer07,0.03598089502031872,2.1818181818181817,0.27053449247311223,0.7803284770146618,0.18119205205496772,0.9329435375089422,10.0,0.427662715865686,0.22884253885352118,-0.28221620594952374,2.2,-0.3086840383019446,0.8797761119816581,-0.3029303338962691,0.9188102410393804,4.0,-0.5739620321153164,-0.36694815256576346
xh3pjt4r5nf2,-0.38579726968202216,1.625,0.3470525623079146,0.7890733710159138,-0.3418660419426177,0.8254127895333447,9.0,0.18594031124595053,-0.04866760951769369,-0.32391462578019936,2.142857142857143,-0.29279773838110684,0.8811412950090595,-0.18622933570147143,0.9284618818840896,6.0,-0.005958083378359642,-0.20222494581028433
hf2atxzwe00u,-0.2532384179184294,1.8,0.4283843646990319,0.798368404102564,0.3561185736735379,0.9689050873372894,4.0,-1.0226717118527267,-0.12285179784964656,-0.42816067535688845,2.0,1.0051106979098354,0.9926765535132254,0.5297302758721305,0.987674614740851,1.0,-1.4259679552207514,-0.07982191419891849
iat3flfmgzl6,0.10484263619621105,2.272727272727273,0.27413012947798565,0.7807394056298567,0.048823417978375666,0.9057310760364892,10.0,0.427662715865686,0.2138647248795646,0.058320889334327185,2.6666666666666665,0.5784101463576617,0.9560082069715795,-0.8401271093350055,0.8743819120647123,3.0,-0.8579640064837947,-0.26534002003170276
pfi2dt661qbd,-0.2532384179184293,1.8,0.08030891222733422,0.7585884809697094,-0.013379293019811028,0.8929433874097343,14.0,1.3945523343446278,0.3020608839084304,-0.15451479521807965,2.375,0.07871827240802086,0.9130673794254744,-0.20125764848736327,0.9272189801115678,7.0,0.2780438909901187,0.00024742992317416945
6i5ue4jm9v39,-0.10174258733146609,2.0,-0.2833816437328012,0.7170239803492132,0.13040520709179895,0.9225027327706535,10.0,0.427662715865686,0.043235922973304405,-0.24573008859768258,2.25,-0.279551635658162,0.8822795937133951,0.3764525730075778,0.9749979336461329,7.0,0.2780438909901187,0.032303684935463
y84228e2pmvp,-0.10174258733146609,2.0,0.05475342645849914,0.755667863464832,-1.1689656631566934,0.6553769140921485,4.0,-1.0226717118527267,-0.5596566339705967,-0.06329950183847671,2.5,-0.4566122889612939,0.8670639550867467,0.3605394962738713,0.9736818583447746,3.0,-0.8579640064837947,-0.25433407525242346
j4zhqovyxicy,0.12550115854897884,2.3,0.03667879726617413,0.7536021982338601,0.20832337405857446,0.9385212188068597,18.0,2.3614419528235695,0.6829863206743242,0.8366913928402722,3.7333333333333334,0.15058009203110592,0.9192427970467247,0.1412887121095755,0.955548938691916,14.0,2.2660577115694673,0.8486544771376052
u498l95or7np,-0.01757823700537537,2.111111111111111,0.3212579296387504,0.7861254225250531,-0.42484983578553576,0.8083529074204738,5.0,-0.7809493072329913,-0.225529862596288,0.15561720227257028,2.8,-0.4144026455895523,0.8706912244327182,-1.1775423037243815,0.8464763215199076,4.0,-0.5739620321153164,-0.50257244478917
7wua7gopt4k8,0.07306029411503003,2.230769230769231,-0.748325285048751,0.6638877359478305,-0.2816397321073935,0.8377941678519482,10.0,0.427662715865686,-0.13231050179385712,-0.20924397124584138,2.3,0.20416879880836344,0.9238479217968081,0.04562573905590025,0.947637226947086,8.0,0.5620458653585971,0.15064910799425485
9pa7mfd4rubz,0.03598089502031871,2.1818181818181817,0.27581124328584733,0.7809315323011844,-0.24902476725300338,0.8444991813222237,10.0,0.427662715865686,0.12260752172971216,-0.8659940835789826,1.4,-0.3537949836198783,0.8758995203772599,0.337409904218698,0.9717689482681312,4.0,-0.5739620321153164,-0.36408529877386986
hl0jpyfe02sw,-0.4804821637988743,1.5,0.2831582345456959,0.7817711857312072,0.30900404869938,0.9592192414071247,13.0,1.1528299297248923,0.31612751229277347,0.36790006686510074,3.090909090909091,0.13582083242054427,0.9179744657916337,0.6126974766525255,0.9945363351734954,10.0,1.1300498140955537,0.561617047508431
eeukrcggxx3o,-0.4804821637988742,1.5,0.05623083231444412,0.7558367093026184,-0.5836929784051945,0.7756977929452444,3.0,-1.2643941164724621,-0.5680846065905216,-0.06329950183847674,2.5,-0.7693574832406274,0.8401883180120974,-0.022097082907371876,0.9420362778147688,3.0,-0.8579640064837947,-0.42817951861756764
j2x2vhg83u9h,0.13746135570058118,2.3157894736842106,-0.13023714502961994,0.7345261522012414,0.028440789117185353,0.9015407970745446,18.0,2.3614419528235695,0.599276738152929,0.3623718672663369,3.0833333333333335,0.3406653305358465,0.935577698355356,0.561685130321991,0.9903174094312631,11.0,1.4140517884640322,0.6696935291470516
p5u9r9m1uh0b,0.12550115854897884,2.3,-0.10189427338915769,0.7377653270617945,0.1712571742993929,0.9309011165075993,9.0,0.18594031124595053,0.09520109267629115,-0.975452435634506,1.25,0.21306567924354852,0.9246124717692659,0.2366088675477256,0.9634322980442948,3.0,-0.8579640064837947,-0.3459354738317566
bq16gvcq7u48,0.08762720090223791,2.25,0.2804540691249527,0.7814621392534628,-0.2221106025535842,0.8500322192284879,10.0,0.427662715865686,0.1434083458348231,-0.3369453819772855,2.125,0.054818846440162376,0.9110135915164876,-0.3183934015219333,0.9175313832970391,7.0,0.2780438909901187,-0.08061901151723441
agge90qqyjhj,0.04975324325549721,2.2,0.19281508644556658,0.7714462878922954,0.2319556128830813,0.9433795554740463,7.0,-0.29750449799352036,0.044254861147656185,0.1556172022725703,2.8,0.1976038109837176,0.9232837621121766,0.5048335365822448,0.9856155544967453,8.0,0.5620458653585971,0.3550251037992825
5o9ptvrbynfu,-0.3181652024556993,1.7142857142857142,-0.07004610449862578,0.7414051060275074,0.40159804499011315,0.978254797482925,6.0,-0.5392269026132558,-0.13146004114436693,-0.32391462578019936,2.142857142857143,0.1537032175256829,0.9195111816258205,0.3354433870453644,0.9716063094067199,6.0,-0.005958083378359642,0.03981847385312207
tue9ikgul5zq,-0.017578237005375363,2.111111111111111,-0.16784943772936556,0.730227618358014,-0.0810075968790592,0.8790403005791164,8.0,-0.055782093373784904,-0.08055434124689625,-0.18491989301128062,2.3333333333333335,0.2523557251188066,0.9279888466357863,-0.353109644487249,0.914660210695588,5.0,-0.28996005774683803,-0.14390846753164027
umuss3ln1x8v,-0.37227085623675765,1.6428571428571428,0.5624451180776147,0.8136895835384115,0.009392424518735731,0.8976248173459285,13.0,1.1528299297248923,0.33809915402112123,-0.35518844065320604,2.1,-0.018186532531842513,0.9047399025657427,-0.03389508749486565,0.9410605354927313,7.0,0.2780438909901187,-0.03230654242244886
0qxabjy7ujod,-0.5345878175799326,1.4285714285714286,0.15594989522831135,0.7672331367996608,-0.0995378125768265,0.8752308423621497,6.0,-0.5392269026132558,-0.2543506593854259,-0.13627173654215907,2.4,-0.013927140405698004,0.9051059317774934,0.2989680519377679,0.9685896528262739,9.0,0.8460478397270754,0.24870425367924656
kwt35vcdmbod,0.13132792126386203,2.3076923076923075,-0.09277310931668822,0.7388077424435987,0.3235239651027685,0.9622042587298979,12.0,0.9111075251051569,0.3182965755387748,0.027915791541126195,2.625,-0.34046015115427236,0.8770454440376465,0.2462723371705656,0.9642315057593627,7.0,0.2780438909901187,0.05294296713688453
00x2emqtotyd,-0.43839998863582885,1.5555555555555556,0.5086716923050101,0.8075440690281676,0.11762786151073093,0.9198759547067215,8.0,-0.055782093373784904,0.033029367951531816,0.21034637830033215,2.875,0.10667375229209664,0.91546972275594,-0.22883705487045863,0.9249380525339339,7.0,0.2780438909901187,0.09155674167802222
dvornclgd0aq,0.02450393815767001,2.1666666666666665,-0.6130632985930795,0.679346198720184,0.2656625585076636,0.9503090593218556,11.0,0.6693851204854214,0.0866220796394189,0.5752075518187438,3.375,0.29817757416029045,0.9319265294761766,0.053996992375090036,0.9483295631884782,7.0,0.2780438909901187,0.30135650233606076
siggsyvh7xo1,-0.20995389489358268,1.8571428571428572,-0.14817728851779907,0.7324758567153505,-0.45542180286837197,0.8020678952483501,6.0,-0.5392269026132558,-0.33819497222325234,-0.18491989301128062,2.3333333333333335,0.7156059036980581,0.9677980712122074,0.3101378920854663,0.9695134434284626,2.0,-1.141965980852273,-0.07528551952000734
vi9q7fothzy9,-0.017578237005375356,2.111111111111111,0.4749012426696076,0.803684601544555,-0.13690420656488353,0.867549025866437,8.0,-0.055782093373784904,0.06615917643139094,-0.3065402841840845,2.1666666666666665,-0.25674652785927704,0.8842393418146041,-0.8041487376358516,0.8773574677770811,4.0,-0.5739620321153164,-0.4853493954486324
wolvnbj3iu83,-0.3083278108591432,1.7272727272727273,0.24777653292061777,0.7777275757582526,-0.08170378657871741,0.8788971772817308,10.0,0.427662715865686,0.07135191283711079,-0.42816067535688845,2.0,0.30424406310433755,0.9324478508526834,-0.3361876277820603,0.9160597293812296,4.0,-0.5739620321153164,-0.2585165680374819
wkys7wy9il7c,-0.6698519520325783,1.25,-0.28680597506308037,0.7166326294621207,-0.003987819145888527,0.8948740949579878,7.0,-0.29750449799352036,-0.3145375610587669,-0.18491989301128062,2.3333333333333335,0.08490346351263676,0.91359890142615,0.046590645029628376,0.9477170285430568,5.0,-0.28996005774683803,-0.08584646055396337
mwmkmapelpgo,0.18231209501909004,2.375,-0.11783631508930917,0.7359433853278701,0.022176600749258674,0.9002529996608482,7.0,-0.29750449799352036,-0.0527130293286202,-0.4281606753568884,2.0,-0.5737679856399982,0.8569962256931104,0.004436195186184266,0.9442306863849881,7.0,0.2780438909901187,-0.1798621437051459
qazygyn8c297,0.5610516714864983,2.875,0.3213000002536148,0.7861302305797826,-0.1519354893420994,0.864458881389915,7.0,-0.29750449799352036,0.10822792110112332,-0.11542252662682125,2.4285714285714284,0.01644485077449184,0.9077159370697384,-0.010937461168813676,0.9429592233135177,6.0,-0.005958083378359642,-0.02896830509987568
0264ddif97z6,-0.5345878175799326,1.4285714285714286,0.17322150119273952,0.7692070282440789,0.044231341337999976,0.904787032838291,6.0,-0.5392269026132558,-0.21409046941561222,0.15561720227257028,2.8,-0.4559058712791605,0.8671246608165083,0.5268506862862995,0.9874364611269787,3.0,-0.8579640064837947,-0.15785049730102135
lbt3alhiu1f0,-0.5436054265434422,1.4166666666666667,0.30078958373977316,0.783786190554697,-0.011155592320560256,0.8934005377764113,11.0,0.6693851204854214,0.10385342134029803,0.7576381385779496,3.625,0.15831855864556055,0.9199077991764094,0.4568724595089102,0.9816489809661184,7.0,0.2780438909901187,0.41271826193063477
48910ns9ag9c,0.3114278597238883,2.5454545454545454,-0.6371464089539769,0.6765938521466074,0.041674708954225426,0.9042614380799253,10.0,0.427662715865686,0.03590471889745571,1.39614519223517,4.5,0.35900240638106595,0.9371534878620885,0.10526436055402717,0.9525695802609168,5.0,-0.28996005774683803,0.39261297535585626
749d7d4z0hj1,-0.7077259096793191,1.2,-0.4355173881204239,0.6996370943320461,0.319171256706121,0.9613094250680497,4.0,-1.0226717118527267,-0.4616859382365872,0.15561720227257028,2.8,-0.24394807225719278,0.8853391721370818,0.01212552198108926,0.9448666245664091,4.0,-0.5739620321153164,-0.16254184502971242
96nxhlo4yz55,-0.05718499010000628,2.0588235294117645,-0.04543475347155554,0.7442178227678014,0.0295942501433551,0.90177792661776,17.0,2.1197195482038342,0.5116735136939069,-0.32391462578019936,2.142857142857143,-0.4633433455542783,0.8664855243468634,-0.41536496720165056,0.9095114456909572,13.0,1.9820557372009888,0.19485819966621515
tbd6qkgwwv0w,0.08762720090223798,2.25,-0.6954021345037895,0.6699360764604331,0.13946132849600784,0.9243644982600466,11.0,0.6693851204854214,0.05026787884496943,0.009672732865205601,2.6,-0.04188168558935773,0.902703668770146,0.010258408879407776,0.9447122068206089,8.0,0.5620458653585971,0.1350238303784632
8508djccbx01,-0.10174258733146607,2.0,-0.20315808545397593,0.7261923573752698,-0.8853424603361868,0.7136844242760259,3.0,-1.2643941164724621,-0.6136593123985228,0.5448024540255428,3.3333333333333335,0.6785144961086041,0.9646106354747562,-0.09311794242044229,0.9361625677428248,2.0,-1.141965980852273,-0.0029417432846420843
90z2wrbrs8i0,-0.20273980772277492,1.8666666666666667,0.3910407895502266,0.7941005807373234,0.13310194486785507,0.9230571305201217,13.0,1.1528299297248923,0.36855821410504974,0.3015616716799349,3.0,0.011177277915782975,0.9072632702374274,-0.4763843415651387,0.9044648985745204,13.0,1.9820557372009888,0.454602586307892
2z9m6xr38h4r,0.4329485794460513,2.7058823529411766,-0.17292751354099317,0.7296472687125135,0.3656624926716507,0.9708671346897013,16.0,1.8779971435840987,0.625920175540202,-0.3551884406532061,2.1,-0.6556952701850267,0.8499558362443853,0.32634025162317176,0.9708534435785365,9.0,0.8460478397270754,0.04037609512800355
a3nfmupku2aj,-0.5345878175799325,1.4285714285714286,-0.18094228818883604,0.7287312974276833,-0.2342485651464279,0.8475368860877024,6.0,-0.5392269026132558,-0.37225139338211305,-0.3065402841840845,2.1666666666666665,-0.3481550850263639,0.876384182877307,-0.4307698487884723,0.9082374001675153,5.0,-0.28996005774683803,-0.3438563189364397
1p4bgxq1r154,-0.10174258733146606,2.0,-0.22038659965212765,0.7242233906882223,0.06569366046349767,0.909199275484643,4.0,-1.0226717118527267,-0.31977680959320565,-0.42816067535688845,2.0,-0.5679974314920692,0.857492116027594,0.25758326449007124,0.9651669648368099,2.0,-1.141965980852273,-0.47013520580278984
zufbg4rjsv9g,-0.17749050262494764,1.9,0.20191501714734406,0.772486276611007,-0.5054671146162322,0.7917795355677058,9.0,0.18594031124595053,-0.07377557221197131,0.15561720227257028,2.8,0.05374970414493543,0.9109217151876638,-0.6794472165102057,0.887670783972412,4.0,-0.5739620321153164,-0.26101058555200407
d6q2d70c8zy8,0.049753243255497175,2.2,-0.4567864675349475,0.6972063502557023,-0.12217171477645956,0.8705777446258505,8.0,-0.055782093373784904,-0.1462467581074237,-0.0024893062520747883,2.5833333333333335,-0.07429832566479437,0.8999179573674351,0.2024765135017836,0.9606094153994866,10.0,1.1300498140955537,0.31393467392011704
q2bgh6j5xiex,-0.10174258733146607,2.0,0.365488574432049,0.7911803370198841,-0.10516504336388932,0.8740739912541979,12.0,0.9111075251051569,0.2674221172104626,-0.22546002340221521,2.2777777777777777,-0.23676150874985458,0.885956746687131,0.7184534059768634,1.0032827749025988,15.0,2.5500596859379456,0.7015728899406848
7eanb1cab53p,0.6557365656033503,3.0,0.4155842238637361,0.7969055355925843,0.0043326384054430955,0.8965846220184829,3.0,-1.2643941164724621,-0.047185172149983134,0.301561671679935,3.0,0.052785069088742254,0.9108388196479276,0.6392983990255572,0.9967363381970681,1.0,-1.4259679552207514,-0.10808070385662924
qmkqt2gdyxmf,-0.19642748144831806,1.875,0.10161727319426753,0.7610237143518184,-0.22169312027058324,0.8501180456073794,7.0,-0.29750449799352036,-0.15350195662953853,-0.4281606753568884,2.0,-0.05354816579515296,0.9017011143146825,-1.5534694513331917,0.8153856379043326,3.0,-0.8579640064837947,-0.723285574742257
utw51njlxqxq,0.33110264291700037,2.5714285714285716,0.001595431399206561,0.7495926836659138,0.08892126626951498,0.9139744273361597,5.0,-0.7809493072329913,-0.08983249166181735,-0.06329950183847671,2.5,0.5189492910235687,0.9508984614108532,-0.5782015273469783,0.8960442087416449,3.0,-0.8579640064837947,-0.24512893616142023
l9sg3jdp2585,-0.26405954867464093,1.7857142857142858,0.29779890552216826,0.7834443998631483,-0.06708882071133174,0.8819017349578139,13.0,1.1528299297248923,0.279870116465272,-0.09136574595527766,2.4615384615384617,-0.007052688650179606,0.9056966851251003,0.37277453909460856,0.9746937454824346,12.0,1.6980537628325105,0.4931024668304155
5umkinfvrwcc,-0.31816520245569935,1.7142857142857142,0.6280154722301771,0.8211833140771804,-0.6620307470803182,0.7595930448168,6.0,-0.5392269026132558,-0.22285184497977406,0.4475061410872997,3.2,-0.030056847870877545,0.9037198316170949,-0.014493175469739201,0.9426651514725756,10.0,1.1300498140955537,0.38325148296055916
c4bdro822vx5,-0.10174258733146603,2.0,-0.08703032209169444,0.739464058862227,-0.5683658942545845,0.7788487485310837,7.0,-0.29750449799352036,-0.2636608254178163,0.027915791541126167,2.625,-0.01210255538895652,0.9052627267838397,-0.573723147431017,0.8964145887313933,8.0,0.5620458653585971,0.00103398851993744
wu8wv7jwolkb,0.6557365656033503,3.0,-0.1591934155731284,0.7312168748354996,-0.40737964889680645,0.8119444439724868,8.0,-0.055782093373784904,0.00834535193990763,0.09306957252655683,2.7142857142857144,0.16632511167777345,0.9205958392085146,0.254221441395828,0.9648889285767008,6.0,-0.005958083378359642,0.12691451055544964
ar7p32wtt1lv,-0.05124397713581164,2.066666666666667,-0.2282009230053192,0.7233303280487348,-0.1266443333078764,0.8696582597318935,14.0,1.3945523343446278,0.24711577522390515,0.009672732865205608,2.6,-0.025279392164424576,0.9041303804218582,-0.49913814348635943,0.9025830678499134,9.0,0.8460478397270754,0.08282575923537425
pdff8xeh7s27,0.48740786495116883,2.7777777777777777,0.12163031090083044,0.7633109112683738,0.2992476552414678,0.9572135133663721,8.0,-0.055782093373784904,0.21312593442992053,0.009672732865205624,2.6,0.32124244894161347,0.9339086005523557,-0.9503497458137355,0.8652660577300825,4.0,-0.5739620321153164,-0.2983491490305582
pi85glpnm5jh,-0.10174258733146609,2.0,0.39225210222772894,0.7942390160244392,-0.22786488382051667,0.8488492489699336,4.0,-1.0226717118527267,-0.2400067701942451,-0.42816067535688845,2.0,0.652584040452869,0.9623823118166112,0.33924365343037916,0.9719206066863468,2.0,-1.141965980852273,-0.14457474058147834
86vaal8zynah,-0.6067286892880103,1.3333333333333333,-1.8109144092775742,0.5424493714108571,-2.173937904440167,0.4487738272839296,2.0,-1.5061165210921976,-1.5244243810244873,-0.3065402841840845,2.1666666666666665,0.24991568514238438,0.9277791627459825,0.2955290289781231,0.9683052318275109,5.0,-0.28996005774683803,-0.012763906952603765
6bf4pjalcksy,0.8240652662555317,3.2222222222222223,-0.41395132096030357,0.7021017797553233,0.21002222690740582,0.9388704704858445,8.0,-0.055782093373784904,0.14108851970721226,-0.06329950183847673,2.5,0.4162529865302367,0.9420732942813296,-0.09476881224616164,0.9360260341836808,5.0,-0.28996005774683803,-0.007943846325309922
pztuk75bivze,-0.20995389489358265,1.8571428571428572,0.0987787013926964,0.7606993071944856,-0.28639424341123626,0.8368167311912262,11.0,0.6693851204854214,0.06795392089332472,0.09306957252655687,2.7142857142857144,0.599415550438365,0.9578132982311917,-0.3418520325362211,0.9155912603781199,6.0,-0.005958083378359642,0.0861687517625853
c6nv9gdafx2l,-0.37718955203503557,1.6363636363636365,-0.0020918233899602586,0.749171284480643,0.3105600933114492,0.959539134441836,8.0,-0.055782093373784904,-0.03112584387183289,-0.42816067535688845,2.0,-0.4560254394925275,0.8671143857684278,-0.11875484538232126,0.9340422929929406,4.0,-0.5739620321153164,-0.39422574808676336
fa8qh5t294o8,-0.10174258733146607,2.0,0.569770541680748,0.8145267721013478,-0.4874202327700926,0.7954896295817592,3.0,-1.2643941164724621,-0.3209465987233182,0.6664228451983467,3.5,0.29249546934480386,0.9314382400008003,-0.11634445862065823,0.9342416416504523,1.0,-1.4259679552207514,-0.14584852482456476
99pcouebu74x,0.27699698913594206,2.5,-0.0775839010129033,0.7405436463531759,-0.00964572290310553,0.8937109380735628,7.0,-0.29750449799352036,-0.02693428319339678,0.3927769650595379,3.125,0.21586198229345122,0.9248527709882295,0.5190025885832884,0.9867873919543464,7.0,0.2780438909901187,0.35142135673159913
0g46783i1hcz,0.024503938157669995,2.1666666666666665,-0.3389817064878245,0.7106697080014482,0.28857200475976474,0.9550188036494265,12.0,0.9111075251051569,0.2213004403836918,-0.0024893062520747835,2.5833333333333335,-0.02616736370994451,0.9040540729312028,0.5773393193093045,0.9916120736771382,11.0,1.4140517884640322,0.49068360945282935
u4s0qsob1tjs,-0.40473424850539264,1.6,-0.02743273945772331,0.746275189148055,0.3446217491327933,0.9665415599272418,4.0,-1.0226717118527267,-0.2775542376707623,-0.3369453819772855,2.125,-0.46524256676327264,0.866322315508259,0.1770461667692653,0.9585062236786326,7.0,0.2780438909901187,-0.08677447274529351
jkeyu4i7qied,0.03598089502031875,2.1818181818181817,0.29718551589515574,0.7833742984180744,0.2553037795217962,0.9481794923287304,9.0,0.18594031124595053,0.1936026254208053,-0.4281606753568884,2.0,-0.5326942000052342,0.8605258855446248,0.36784814338188027,0.9742863127885102,10.0,1.1300498140955537,0.13426077052882784
q1tv6k8ua7vb,-0.017578237005375363,2.111111111111111,0.21172848031225747,0.773607811633357,0.1123633425218386,0.9187936702126976,7.0,-0.29750449799352036,0.002252271958800081,-0.11542252662682127,2.4285714285714284,-0.7098203194200462,0.8453046211130387,-0.9164736538784172,0.8680677464700219,6.0,-0.005958083378359642,-0.43691864582591106
p1eb3ilv0knu,-0.29111237556517017,1.75,0.023557740606842126,0.7521026537482502,-0.07934731385712615,0.8793816230387981,3.0,-1.2643941164724621,-0.40282401632197906,-0.7930218488753001,1.5,-2.5760331363210316,0.6849323458917843,0.09854447295421573,0.9520138185910643,1.0,-1.4259679552207514,-1.1741196168657169
jt7j5sd8v6tb,-0.18590693765755675,1.8888888888888888,-0.597697469133758,0.6811022878394363,0.30673981981092324,0.9587537592192804,8.0,-0.055782093373784904,-0.1331616700885441,-0.06329950183847674,2.5,0.31601906017977965,0.9334597306632872,-0.0233629229659382,0.9419315877624033,6.0,-0.005958083378359642,0.05584963799925126
t7gdfw5div8l,0.5610516714864983,2.875,0.5637787112223002,0.8138419936908923,-0.3798218590148932,0.8176097989159669,6.0,-0.5392269026132558,0.051445405270162364,-0.13627173654215907,2.4,0.5794885287971392,0.9561008773486186,0.6508038005492289,0.9976878810715798,3.0,-0.8579640064837947,0.059014146580103594
hf516jk4la5b,0.06658611332071535,2.2222222222222223,0.4108348257044703,0.7963627489859412,0.04044638084774781,0.9040089172957815,8.0,-0.055782093373784904,0.11552130662478713,0.301561671679935,3.0,0.2430001779573295,0.9271848813159481,-1.374681235445126,0.8301721407938587,4.0,-0.5739620321153164,-0.3510203544807945
ni5qmimfezdj,0.12550115854897884,2.3,0.1694395340851081,0.7687748048288274,0.16611620682457579,0.9298442318436795,9.0,0.18594031124595053,0.1617493026761533,0.11913108492072913,2.75,0.3333989383948718,0.9349532637626105,0.020028187833236927,0.9455202067439442,7.0,0.2780438909901187,0.18765052553473913
cvucbm7z241b,0.4284928197229053,2.7,-0.5928382966840584,0.6816576200387214,-0.1840088163152198,0.8578652183168007,9.0,0.18594031124595053,-0.04060349550760559,-0.6714014577024962,1.6666666666666667,0.09554914480352705,0.9145137339224435,0.18770787369434025,0.9593879896242897,5.0,-0.28996005774683803,-0.16952612423786673
0y8ah0wzu7p6,-0.18590693765755675,1.8888888888888888,-0.1517907457744417,0.7320628915065363,-0.12099680027499625,0.8708192845935895,7.0,-0.29750449799352036,-0.18904974542512876,-0.42816067535688834,2.0,-0.11364960505243943,0.8965363204227571,-0.5738914622530212,0.8964006684202053,5.0,-0.28996005774683803,-0.35141545010229674
g5q0t3bta2bq,-0.14630018456292582,1.9411764705882353,-0.057006681902534447,0.7428953209360452,0.2601977907325944,0.9491856075043432,16.0,1.8779971435840987,0.48372201696280825,-0.2457300885976826,2.25,0.25194640935524737,0.9279536722442637,0.3344628377708253,0.9715252140469989,18.0,3.402065609043381,0.9356861918929428
qfnndk3bf4jx,-0.22798911282060216,1.8333333333333333,0.21567976732795036,0.774059385832698,-0.28612449994710193,0.8368721852923914,11.0,0.6693851204854214,0.09273781876141693,0.301561671679935,3.0,-0.08204916033216951,0.8992518923939157,0.20523378693760322,0.9608374529769266,8.0,0.5620458653585971,0.24669804091099146
r1ygwm0htaww,-0.04763693355040777,2.0714285714285716,-0.19382575691843687,0.7272589057605641,0.42962301273644404,0.9840161952671048,13.0,1.1528299297248923,0.3352475629981229,0.30156167167993503,3.0,0.3880085662612258,0.9396461209708554,0.5238371879051151,0.9871872327183856,10.0,1.1300498140955537,0.5858643099854575
v28qlwosnznn,-0.2532384179184294,1.8,-0.26164488084729437,0.719508173792337,0.2856546898606975,0.9544190594589113,3.0,-1.2643941164724621,-0.3734056813443721,-0.18491989301128064,2.3333333333333335,-0.27488532467153903,0.882680591339731,-0.06105517429636883,0.9388142873271269,1.0,-1.4259679552207514,-0.486707086799985
d4h99xg192t6,-0.35423563830973814,1.6666666666666667,-0.02874328985995788,0.7461254124433423,-0.14234280915764513,0.8664309531103649,8.0,-0.055782093373784904,-0.1452759576752815,-0.5193759687364914,1.875,-0.4948152096778025,0.8637810018994583,0.1954982185476693,0.9600322824045046,7.0,0.2780438909901187,-0.13516226721912647
hqv8kfbmsfsa,-0.29111237556517017,1.75,0.5251536449432995,0.809427714669866,-0.917510140787306,0.7070713639310218,3.0,-1.2643941164724621,-0.4869657469704097,0.301561671679935,3.0,0.5161243340390569,0.9506556998271231,0.5481691751992512,0.9891995857062241,2.0,-1.141965980852273,0.055972300016492504
91uipy4qhti9,0.08762720090223802,2.25,-0.3134422752760887,0.7135884907057306,0.003918406873919041,0.8964994639319701,6.0,-0.5392269026132558,-0.19028089252829686,-0.24573008859768258,2.25,0.43153753694334757,0.9433867661979757,-0.30333799813854173,0.9187765255706825,3.0,-0.8579640064837947,-0.24387363906916787
5jm8lmm130ak,-0.23946606968325082,1.8181818181818181,0.09397474512828606,0.7601502853959796,0.2652412153127844,0.9502224392132678,11.0,0.6693851204854214,0.19728375281081026,-0.2954838849865569,2.1818181818181817,-0.1376685987267784,0.8944722575092492,0.33334079747063255,0.971432416811686,10.0,1.1300498140955537,0.25755953196321274
bhxxpsgq9eyw,0.03598089502031873,2.1818181818181817,0.18076591838634348,0.7700692445650308,0.09608159913518159,0.9154464549323964,10.0,0.427662715865686,0.18512278210188243,-0.10383963222941135,2.4444444444444446,0.5190115090425592,0.9509038080922044,-0.18050638379125905,0.9289351929719408,8.0,0.5620458653585971,0.19917783959512148
7veq8clhqdwx,0.024503938157669963,2.1666666666666665,-0.04278688145339212,0.744520435734617,0.3829293289313989,0.9744168662386244,9.0,0.18594031124595053,0.13764667422040683,0.301561671679935,3.0,-0.5300287999865034,0.8607549356623324,0.01856146534699257,0.9453989029087152,8.0,0.5620458653585971,0.0880350505997553
d67hvgv1paq9,-0.8592217402662824,1.0,0.39526368798555556,0.7945831961414329,0.35995836628981337,0.9696944753170138,3.0,-1.2643941164724621,-0.3420984506158439,0.11913108492072912,2.75,0.35085518685882516,0.9364533597096742,0.584538518507706,0.9922074763395604,3.0,-0.8579640064837947,0.04914019595086641
kkh1foquuidd,0.6557365656033504,3.0,0.3048163249477771,0.7842463880624294,-0.9813774194040931,0.6939414720133934,5.0,-0.7809493072329913,-0.20044345902148922,-0.2196685762035103,2.2857142857142856,-0.5681670648954114,0.8574775386468146,0.6276544994337689,0.9957733409765626,6.0,-0.005958083378359642,-0.0415348062608781
8u89yfrn6iok,0.3311026429170004,2.5714285714285716,0.20696993389172721,0.7730639795145201,0.30444226981057776,0.9582814268476306,13.0,1.1528299297248923,0.4988361940860494,-0.09136574595527759,2.4615384615384617,0.10342328130930044,0.9151903947916634,0.2704126758020476,0.966228008633758,12.0,1.6980537628325105,0.49513099349714523
imj0e771mman,-0.10174258733146606,2.0,0.11930993723583581,0.7630457265638004,0.21009472075308155,0.9388853738350874,15.0,1.6362747389643633,0.46598420240545363,-0.7930218488752999,1.5,0.11280924309923494,0.9159969737808117,-0.29459623665460377,0.9194995043240625,5.0,-0.28996005774683803,-0.3161922250443767
93anow4veuqu,-0.5345878175799325,1.4285714285714286,0.14120530112942248,0.7655480457778323,-0.4844937643329711,0.7960912555647653,6.0,-0.5392269026132558,-0.3542757958491842,-0.3065402841840846,2.1666666666666665,-0.5987903197691699,0.8548459411064332,-0.5435958105055884,0.8989062403891316,5.0,-0.28996005774683803,-0.43472161805142023
ogs9ieck1frq,0.087627200902238,2.25,0.5898719870945557,0.8168240727232168,-0.5274874057261001,0.7872525845447561,3.0,-1.2643941164724621,-0.2785955835504421,0.9270379691400692,3.857142857142857,0.36317175817154806,0.9375117794924867,-0.4419873133420133,0.9073096708358577,6.0,-0.005958083378359642,0.21056608264781107
z388d5z4fymm,-0.2700712879836475,1.7777777777777777,0.20746961605824557,0.7731210858632551,0.07591907963979892,0.9113014262495575,8.0,-0.055782093373784904,-0.010616171414846975,-0.13627173654215902,2.4,-1.133231699118494,0.8089189282800154,-0.6246853423492534,0.892199810712204,4.0,-0.5739620321153164,-0.6170377025313057
1q1z7piz49za,-0.29111237556517017,1.75,0.46154526708476695,0.8021582092685227,0.326634440702589,0.9628437130689987,3.0,-1.2643941164724621,-0.19183169606256908,0.48399225843914084,3.25,-0.01828915400251946,0.9047310838294282,0.25948757703884684,0.9653244591261576,3.0,-0.8579640064837947,-0.0331933312520816
039d40evjkg6,0.08762720090223797,2.25,0.15979221296545348,0.7676722574074202,0.17969776002011062,0.9326363396239539,7.0,-0.29750449799352036,0.03240316897357043,0.30156167167993503,3.0,0.1078697580467205,0.9155725010469844,-0.11914499815034225,0.9340100257934327,4.0,-0.5739620321153164,-0.07091890013475077
e9gtoq56l7f7,0.12550115854897884,2.3,-0.10957141622474972,0.7368879421450727,0.3293834686717225,0.963408860682847,9.0,0.18594031124595053,0.13281338056047554,0.301561671679935,3.0,0.5195275432461584,0.9509481532915158,-0.24126414560298212,0.9239102822633255,7.0,0.2780438909901187,0.21446724007830748
f9huuggewzot,0.3311026429170005,2.5714285714285716,0.150571786449657,0.7666184977830459,-0.6551920252949482,0.760998955321229,6.0,-0.5392269026132558,-0.17818612463538663,0.07703171874552778,2.6923076923076925,0.24394081862627845,0.927265714907315,0.18237389884898583,0.9589468485005769,12.0,1.6980537628325105,0.5503500497633256
etwdldogi8jg,-0.7077259096793191,1.2,0.14341567340009212,0.7658006589351172,0.0708196240957005,0.9102530756452596,4.0,-1.0226717118527267,-0.3790405810090633,-0.4281606753568884,2.0,0.39682059098537803,0.9404033789006692,0.5532976575897346,0.9896237317793257,1.0,-1.4259679552207514,-0.2260025955006318
hnjkysyb1e6y,-0.4173589010543062,1.5833333333333333,0.041772676581529944,0.7541843539882346,0.3026176593710263,0.9579063218113437,11.0,0.6693851204854214,0.1491041388459179,0.1556172022725703,2.8,-0.8575695963874486,0.8326078442529885,-0.1450913198222639,0.9318641608746027,3.0,-0.8579640064837947,-0.4262519301052342
wq9pp7ffyhsq,0.6557365656033503,3.0,0.8268815804385136,0.8439107958403501,0.26038450422862564,0.9492239922308503,3.0,-1.2643941164724621,0.11965213344950687,-0.06329950183847671,2.5,-0.007767159984007926,0.9056352873079014,-1.166825295557962,0.847362661100135,3.0,-0.8579640064837947,-0.5239639909660604
so613bcxr66j,0.44364240278160166,2.72,-0.12264155350218277,0.7353942169985846,0.15456114051317452,0.9274687310386419,23.0,3.5700539759222467,1.01140399142871,-0.03897542360391594,2.533333333333333,-0.35075282055426393,0.8761609474813974,-0.02005165962742749,0.9422054425278288,14.0,2.2660577115694673,0.464069451945965
sdupg1id2wbw,0.34012025188051015,2.5833333333333335,0.007597030886117702,0.7502785785331564,0.16890842340923662,0.9304182582115034,11.0,0.6693851204854214,0.29650270666532147,-0.06329950183847671,2.5,-0.07631105668340687,0.8997449941073288,-0.8902966247808848,0.8702326918187255,6.0,-0.005958083378359642,-0.258966316670282
1uqrsi16agpq,-0.10174258733146607,2.0,-0.5947597139765133,0.6814380302007791,-0.032565132621373075,0.8889991454477598,10.0,0.427662715865686,-0.07535117951591662,1.177228488124123,4.2,-1.095068391694956,0.8121984773143236,0.20601578179073163,0.9609021270892442,4.0,-0.5739620321153164,-0.0714465384738544
xasfeoa6ph3w,-0.7329752147771463,1.1666666666666667,0.44582652574621723,0.8003617874934378,0.16286005944304613,0.9291748301701889,5.0,-0.7809493072329913,-0.22630948420521857,1.177228488124123,4.2,0.2904598822837428,0.9312633126155434,-0.11753980084203242,0.934142782052114,4.0,-0.5739620321153164,0.19404663436262928
yyuvh6wdo2yo,-0.8592217402662824,1.0,-0.5821000573592541,0.6828848434234491,-0.5372037928557288,0.7852550810405388,3.0,-1.2643941164724621,-0.8107299267384319,-0.06329950183847674,2.5,0.3616232281961655,0.9373787071691421,0.16055345227250337,0.9571422100083179,5.0,-0.28996005774683803,0.042229280220838536
iygdqwnrh5l7,-0.10174258733146609,2.0,-0.2052722823577035,0.7259507356529656,-0.3011178647668512,0.8337898360232755,4.0,-1.0226717118527267,-0.40770111157718686,-0.24573008859768258,2.25,-0.005069498832588268,0.9058671097735447,-0.04054055658202016,0.9405109285324995,3.0,-0.8579640064837947,-0.2873260376240214
f3kkba560heh,0.1868208995008449,2.380952380952381,-0.152316930245857,0.7320027563327457,0.28699396971211444,0.9546943898014185,21.0,3.0866091666827757,0.8520267764124695,0.08693745196322221,2.7058823529411766,0.32282045564708206,0.9340442059470773,0.34607532862106527,0.9724856136385424,16.0,2.8340616603064244,0.8974737241344485
nczptcxlg944,-0.10174258733146607,2.0,0.9659990912141132,0.8598098885393315,-0.7227989855773803,0.7471002563221079,1.0,-1.7478389257119331,-0.4015953518516666,-0.18491989301128064,2.3333333333333335,0.47086560573331965,0.9467664085489372,-1.133522800642785,0.8501169110647971,2.0,-1.141965980852273,-0.4973857671932548
m5dfshb9vuf7,0.5799886503098686,2.9,-0.20718009593966666,0.7257327005197686,0.11436978249261534,0.9192061559256646,9.0,0.18594031124595053,0.16827966202719194,-0.18491989301128064,2.3333333333333335,-0.06963650131482725,0.9003185694363884,0.11918770355949856,0.9537210965986108,8.0,0.5620458653585971,0.10666929364799696
15250ldvnl40,-0.23946606968325082,1.8181818181818181,0.3755083975100742,0.7923254559560753,-0.23379566577341981,0.847629993543444,10.0,0.427662715865686,0.0824773444797724,0.19210331962441146,2.85,-0.198256893708946,0.8892656258592737,0.4977208058800267,0.9850273031259358,19.0,3.6860675834118592,1.044408703801838
qrsrk4goz3vh,-0.025994672037984445,2.1,-0.11435051929292675,0.7363417607026695,0.3724509095114266,0.9722627034586928,9.0,0.18594031124595053,0.10451150735661649,-0.5193759687364913,1.875,-1.329269938354381,0.792072458160474,0.6045675295949566,0.9938639559282454,6.0,-0.005958083378359642,-0.3125091152185688
eumnde405cl7,0.3527449044294237,2.6,0.3597678334880824,0.7905265401680868,0.18739084849362647,0.934217891591685,4.0,-1.0226717118527267,-0.030692031360398553,-0.42816067535688845,2.0,0.11932666417261409,0.9165570458351064,-0.5294399778511367,0.9000769845537232,6.0,-0.005958083378359642,-0.21105801810344268
832dgj88hdpu,-0.1706043285073585,1.9090909090909092,0.1906048136970896,0.7711936861089387,0.2193764615336625,0.9407935223564562,9.0,0.18594031124595053,0.10632931449233604,-0.10383963222941138,2.4444444444444446,-0.3032492538845682,0.8802431480744651,0.1402606564623878,0.9554639143645451,8.0,0.5620458653585971,0.07380440892675133
k8h42qzwmcak,0.06658611332071532,2.2222222222222223,0.08745626871555204,0.7594053190710045,0.10555642518258929,0.917394298094577,8.0,-0.055782093373784904,0.050954178461267936,-0.42816067535688845,2.0,-0.5294406911500391,0.8608054745672887,0.06313759421775497,0.9490855276399786,3.0,-0.8579640064837947,-0.43810694469324185
48bgptv3uc5r,-0.017578237005375405,2.111111111111111,-0.15774820870987039,0.7313820408003018,0.0570134525499881,0.9074147906248644,17.0,2.1197195482038342,0.5003516387596442,-0.5011329100605707,1.9,0.16742689426744883,0.920690520468393,0.2295200302334961,0.9628460227525503,8.0,0.5620458653585971,0.11446496994974284
fseoe2vexf4a,-0.10174258733146606,2.0,-0.2333199472617426,0.722745298596098,-0.3592333016326036,0.8218424128463544,6.0,-0.5392269026132558,-0.308380684709767,0.05832088933432722,2.6666666666666665,0.49778200820390145,0.9490794591645398,0.3210592130876094,0.9704166805000645,5.0,-0.28996005774683803,0.14680051321975002
tyc4jone9jtw,0.3190791642989874,2.5555555555555554,-0.03212236289801699,0.7457392339157852,-0.01930090815787456,0.891726016505189,8.0,-0.055782093373784904,0.05296844996732774,0.4839922584391409,3.25,0.20144430113803075,0.9236137931453117,-0.4793462656502819,0.9042199355671656,3.0,-0.8579640064837947,-0.16296842813922624
2zinauuki2xw,0.3527449044294237,2.6,0.1462250916452079,0.7661217342681955,0.39955390375177136,0.9778345611098544,14.0,1.3945523343446278,0.5732690585427577,0.3745339063836173,3.1,-0.4687909687877373,0.8660173849553716,0.5506168283353952,0.9894020164424469,9.0,0.8460478397270754,0.32560190141458767
ce0uoiy85231,0.11468002779276716,2.2857142857142856,-0.5092215574068819,0.6912137879254427,-0.5526743085390101,0.782074638672699,6.0,-0.5392269026132558,-0.3716106851915951,0.4475061410872997,3.2,0.08504987909987018,0.9136114835928997,0.552987040172496,0.9895980424724845,4.0,-0.5739620321153164,0.12789525706108737
0upv7c2e5klh,-0.37227085623675765,1.6428571428571428,-0.02302665834696346,0.7467787396474037,0.013821781976865915,0.8985354085899793,7.0,-0.29750449799352036,-0.1697450576500939,-0.7200496141716177,1.6,-0.274640778183589,0.8827016063474057,-1.543088820135479,0.8162441577594454,4.0,-0.5739620321153164,-0.7779353111515006
m8z30bkv3zod,0.15075046364680603,2.3333333333333335,0.05835137502827564,0.7560790562580189,-2.164711632355228,0.45067057250153536,2.0,-1.5061165210921976,-0.865431578693086,-0.6714014577024963,1.6666666666666667,0.9576523206165977,0.9885982362517116,-0.6979544106136628,0.8861401647549846,2.0,-1.141965980852273,-0.3884173821379586
mnmcltvuimub,-0.38579726968202216,1.625,0.19949765137463157,0.7722100071299516,0.32241794741270247,0.9619768826298971,15.0,1.6362747389643633,0.4430982670174188,0.009672732865205624,2.6,0.3933152975718578,0.940102152869558,0.07804215714480907,0.950318194802595,9.0,0.8460478397270754,0.331769506827237
4s9edvacwjmd,0.13132792126386203,2.3076923076923075,0.21620962342289582,0.7741199406192499,0.2873152347331218,0.9547604357500498,12.0,0.9111075251051569,0.3864900761312592,0.6142998204100022,3.4285714285714284,0.34150803490047466,0.9356501158283635,0.3315364365663199,0.9712831889244181,6.0,-0.005958083378359642,0.3203465521246093
psflahllhzud,0.5610516714864983,2.875,-0.024144225274538827,0.7466510181256502,0.18664654607903342,0.9340648772395898,7.0,-0.29750449799352036,0.10651237357436812,-0.30654028418408447,2.1666666666666665,0.3467330355447266,0.9360991242339228,0.1892631772560156,0.9595166194699122,5.0,-0.28996005774683803,-0.015126032282545068
i8vntfwqv17i,-0.6067286892880103,1.3333333333333333,-0.16856941097631847,0.7301453359671757,-0.31677111473920466,0.8305718269778329,2.0,-1.5061165210921976,-0.6495464340239328,0.05832088933432714,2.6666666666666665,0.7714469548174949,0.9725967503005023,-1.2357492369025154,0.8416623745751729,2.0,-1.141965980852273,-0.38698684340074163
epug6wuot6ns,-0.4804821637988742,1.5,0.687052742004364,0.8279304088145827,0.0434394986284873,0.9046242451101016,3.0,-1.2643941164724621,-0.2535960099096213,-0.15451479521807968,2.375,-0.24901990121943968,0.8849033264806581,-0.07600575946305893,0.937577813940616,7.0,0.2780438909901187,-0.050374141227614896
zofm722cvj1k,0.04975324325549717,2.2,-0.4221017955365176,0.701170299957378,-0.7054101269424731,0.7506750733393973,3.0,-1.2643941164724621,-0.585538198923989,-0.18491989301128062,2.3333333333333335,0.8436999594543515,0.9788057842543182,-1.2424329851879505,0.8411096017716378,2.0,-1.141965980852273,-0.43140472489928816
