responseID,ID,fluency,clean_response,elaboration,flexibility,originality,z_elaboration,z_flexibility,z_originality
35,6qyjh03w1tmc,8,coach team,2.0,0.9840314562305058,0.9846140753355676,-0.4522079278308954,0.9184266910754201,0.46297739916983793
241,6qyjh03w1tmc,8,voice louder,2.0,0.6652936699566134,0.989983924046015,-0.4522079278308954,-2.498064774488065,0.5211528321906063
411,6qyjh03w1tmc,8,talk people,2.0,0.9769678707531163,0.9872126879706464,-0.4522079278308954,0.842713422868675,0.49113003874138317
88,6qyjh03w1tmc,8,throwing,1.0,0.8516502301199123,0.9966086914503315,-1.027561764580026,-0.5005432230188813,0.5929237019467992
60,6qyjh03w1tmc,8,pretend police coming button,4.0,0.9179467462351458,0.9992264783471201,0.6984997456673655,0.2100768893692186,0.6212840700853796
360,6qyjh03w1tmc,8,stood taller,2.0,0.9452652056138533,0.9723328906948246,-0.4522079278308954,0.5028984101897693,0.3299264934537818
217,6qyjh03w1tmc,8,Yell,1.0,0.6296422950378764,0.9991167988299294,-1.027561764580026,-2.8802052780328937,0.6200958329952617
67,6qyjh03w1tmc,8,train animals psych experiment,4.0,0.9097051655289843,0.989297849647385,0.6984997456673655,0.12173690786116496,0.5137200948125289
390,6qyjh03w1tmc,8,use emergency instructions crowd,4.0,0.8997067486911512,0.9371692819204216,0.6984997456673655,0.014565724315798835,-0.05102616970855417
291,fotw2whals6q,4,apart fun,2.0,0.9620419084275238,0.9936881363203361,-0.4522079278308954,0.6827247892747614,0.5612832277900612
369,fotw2whals6q,4,talk open place hearing range,5.0,0.9412604351512773,0.9553662956382041,1.273853582416496,0.45997201521514175,0.1461151670030809
487,fotw2whals6q,4,Need organize large group people,5.0,0.9668834780766149,0.9933922547647428,1.273853582416496,0.7346206801869141,0.5580777301033177
262,fotw2whals6q,4,annoy parent saying things loudly,5.0,0.9090912074620124,0.9735378500356058,1.273853582416496,0.11515600472901892,0.3429806845869471
476,fotw2whals6q,4,speech,1.0,0.7763335362288882,0.987800648968852,-1.027561764580026,-1.307848955110608,0.49749984309050466
362,gcdusdxn3ajb,8,thrown ball,2.0,0.9448635116459951,0.9945152310176847,-0.4522079278308954,0.498592726734415,0.5702437394845189
95,gcdusdxn3ajb,8,attention,1.0,0.9248858815232913,0.9898018589752513,-1.027561764580026,0.28445619898131325,0.519180390339679
340,gcdusdxn3ajb,8,organization crowd,2.0,0.8642492134269333,1.0037435459206911,-0.4522079278308954,-0.36549704777116204,0.6702207117388596
131,gcdusdxn3ajb,8,turn sculpture,2.0,0.9656880885367505,0.9991459011724076,-0.4522079278308954,0.7218075204774429,0.6204111196014365
571,gcdusdxn3ajb,8,smash melons hard fruit,4.0,0.9460546509011847,0.9695290247866459,0.6984997456673655,0.5113603284274122,0.2995501975586829
160,gcdusdxn3ajb,8,Protest inequalities,2.0,0.9023117610141846,1.0037435459206911,-0.4522079278308954,0.04248837030444762,0.6702207117388596
155,gcdusdxn3ajb,8,Yell police officers things 're police chief,7.0,0.959522703573237,1.000869628865597,2.424561255914757,0.6557218976964121,0.6390855013891539
511,gcdusdxn3ajb,8,road crossing light broken,4.0,0.9422781715947409,1.0037435459206914,0.6984997456673655,0.47088094419383025,0.670220711738862
293,gcdusdxn3ajb,8,use,1.0,0.9837618527357281,1.0019399739497301,-1.027561764580026,0.9155368610061276,0.6506813194668497
448,52lgz188nf0d,5,talk,1.0,0.9359196824830373,0.9825067948687645,-1.027561764580026,0.4027254737114361,0.44014771433831473
325,52lgz188nf0d,5,pretend laser cannon blast people mind,6.0,0.9266386600425935,0.9683209664197652,1.8492074191656265,0.3032439082210117,0.2864624324469923
58,52lgz188nf0d,5,coach team,2.0,0.9840314562305058,0.9758680746286789,-0.4522079278308954,0.9184266910754201,0.3682256834774977
491,52lgz188nf0d,5,Yell far away,3.0,0.8645590759360828,0.8586269582161252,0.12314590891823507,-0.36217568876198003,-0.9019316492363139
455,52lgz188nf0d,5,send emergency broadcasts,3.0,0.9116283118586719,0.8404863833988117,0.12314590891823507,0.14235075819631612,-1.0984615427488869
442,52lgz188nf0d,5,address school assembly,3.0,0.9558197314952047,0.9400694008983044,0.12314590891823507,0.6160304238686246,-0.01960709508512389
41,04zjrf3wqi2y,4,scare animals,2.0,0.9687509797140713,0.7880615110167436,-0.4522079278308954,0.7546380853426776,-1.6664178886980083
483,04zjrf3wqi2y,4,Start protest,2.0,0.9232895379925924,0.9836722420529307,-0.4522079278308954,0.2673452874935431,0.45277384186213016
10,04zjrf3wqi2y,4,'s attention,2.0,0.9570735463841299,0.7746399188342914,-0.4522079278308954,0.629469834104499,-1.8118236494828883
322,04zjrf3wqi2y,4,assert vocal dominance non amplified voices,6.0,0.8276427442406731,0.9811183102629105,1.8492074191656265,-0.7578750303797296,0.4251052620191146
289,04zjrf3wqi2y,4,control crowd,2.0,0.8662867387654681,1.0019872668618401,-0.4522079278308954,-0.34365718996405564,0.6511936775963183
125,b1drxu77qajo,11,try sit use terrible chair,5.0,0.9769024001655089,0.8485526379699945,1.273853582416496,0.8420116557314271,-1.0110740058111447
444,b1drxu77qajo,11,crowd excited introducing performer,4.0,0.9283011718685972,0.9675693518397379,0.6984997456673655,0.3210640654459821,0.2783196511480076
560,b1drxu77qajo,11,trap insect small animal curved horn,6.0,0.9606930689798532,0.959714391996997,1.8492074191656265,0.6682668283431319,0.19322122196449334
211,b1drxu77qajo,11,Talking large group people,4.0,0.9774780685670159,0.9788012666288229,0.6984997456673655,0.8481821390109128,0.4000030619368653
259,b1drxu77qajo,11,use foot stool,3.0,0.991938841713897,0.9839280092340866,0.12314590891823507,1.0031844957108333,0.45554475168074376
59,b1drxu77qajo,11,announcement,1.0,0.9496108619880095,0.9845471778705893,-1.027561764580026,0.5494786982947327,0.4622526508197534
350,b1drxu77qajo,11,Play wee woo sound fun,5.0,0.986155498815035,0.745011783594932,1.273853582416496,0.9411939112640596,-2.132806546783918
102,b1drxu77qajo,11,warning,1.0,0.8624833648508685,0.995488473348273,-1.027561764580026,-0.38442485253547864,0.5807875735977515
501,b1drxu77qajo,11,curiosity works,2.0,0.9314570188022169,1.0037435459206911,-0.4522079278308954,0.35489100589562006,0.6702207117388596
54,b1drxu77qajo,11,guards use emergency 's running panicked,6.0,0.9775601053072906,0.9758839454165722,1.8492074191656265,0.8490614756791119,0.36839762313685515
230,b1drxu77qajo,11,Calling attention large room like auditorium gymnasium,7.0,0.9242803999469015,0.9781788136143067,2.424561255914757,0.27796615378625045,0.39325958076874357
263,b1drxu77qajo,11,wrap hair use hair curler,5.0,0.9632227495371491,0.9319946183778323,1.273853582416496,0.6953820070473502,-0.10708702143073122
99,lksv5911ze2i,2,obnoxious,1.0,0.7513864594403682,0.8203474021470623,-1.027561764580026,-1.5752520639014056,-1.3166416103992538
363,lksv5911ze2i,2,stencil use draw circle,4.0,0.9627808992963628,0.9938349329671623,0.6984997456673655,0.6906458959186667,0.562873581439782
461,lksv5911ze2i,2,organize people,2.0,0.999178443638891,0.9917498821194358,-0.4522079278308954,1.080784451712174,0.5402847260590312
197,c2w3kbv6zxen,8,'s megaphones modifies voice crank calls fun possibly way bond roommates yelled earlier,13.0,0.8808368701377076,0.990484974801152,5.876684276409541,-0.1876970189494794,0.5265810753716051
253,c2w3kbv6zxen,8,use gym class motivate people run faster,7.0,0.9307516490824947,0.9751419429522683,2.424561255914757,0.347330278139838,0.3603589768004374
26,c2w3kbv6zxen,8,play public,2.0,0.991929945644467,0.962772991934472,-0.4522079278308954,1.0030891403855675,0.22635723480107706
156,c2w3kbv6zxen,8,Annoy neighbors,2.0,0.937207751215942,0.9238173462696923,-0.4522079278308954,0.41653204457481907,-0.1956772911890123
244,c2w3kbv6zxen,8,pretend Darth Vader,3.0,0.8848022972555654,0.9885569097039659,0.12314590891823507,-0.14519233802083265,0.5056929595290106
220,c2w3kbv6zxen,8,Cheer,1.0,0.763272481125127,0.9678845688419692,-1.027561764580026,-1.4478479926106989,0.2817346236340357
76,c2w3kbv6zxen,8,Direct traffic,2.0,0.9728028612364815,0.9932186960607692,-0.4522079278308954,0.7980694550670483,0.5561974438415196
104,c2w3kbv6zxen,8,thunderstorm warning,2.0,0.8841808154850199,0.994320857353897,-0.4522079278308954,-0.15185388634208263,0.5681379497931476
92,c2w3kbv6zxen,8,yell,1.0,0.6296422950378764,0.9479265002444947,-1.027561764580026,-2.8802052780328937,0.06551451287796686
457,3k8j8qzbxah5,8,'s attention,2.0,0.9570735463841299,0.9923787460847717,-0.4522079278308954,0.629469834104499,0.5470976616680728
341,3k8j8qzbxah5,8,talk far away,3.0,0.9711349776095198,0.6730938477665742,0.12314590891823507,0.7801917184996897,-2.911945268259356
349,3k8j8qzbxah5,8,batteries power device,3.0,0.9925762579048643,0.9773435394868295,0.12314590891823507,1.0100168421417652,0.3842104554251394
87,3k8j8qzbxah5,8,heard lot noise,3.0,0.9173147888635644,0.8484967655778876,0.12314590891823507,0.2033030550151315,-1.0116793116176943
17,3k8j8qzbxah5,8,sound effect,2.0,0.8646627689714281,0.9936840267953273,-0.4522079278308954,-0.3610642222664728,0.5612387063501119
78,3k8j8qzbxah5,8,use movie prop,3.0,0.9638280320104089,0.9936840267953273,0.12314590891823507,0.7018699180927326,0.5612387063501119
445,3k8j8qzbxah5,8,police orders,2.0,0.9740148630868968,0.9948542780070928,-0.4522079278308954,0.8110606790652996,0.573916879359918
178,3k8j8qzbxah5,8,Twirl hand,2.0,0.812863098704213,1.0018667867618283,-0.4522079278308954,-0.9162953213331816,0.6498884300248291
31,3k8j8qzbxah5,8,noise,1.0,0.8095440087749017,0.9638483393710984,-1.027561764580026,-0.951872033305403,0.23800724696097303
113,3k8j8qzbxah5,8,shout,1.0,0.6386758708504217,0.99854040896158,-1.027561764580026,-2.7833760472476836,0.6138513870177109
562,4knbxr1j9r0w,6,convey information far away,4.0,0.9454809137954937,0.9824742178146926,0.6984997456673655,0.505210546351101,0.4397947836824685
301,4knbxr1j9r0w,6,use makeshift weapon attacks,4.0,0.9142690390038852,0.995852710169434,0.6984997456673655,0.1706562247679845,0.5847336130368005
30,4knbxr1j9r0w,6,protest,1.0,0.8188349474714842,0.9696075120684455,-1.027561764580026,-0.8522841772967927,0.3004005067296715
141,4knbxr1j9r0w,6,direct crowd,2.0,0.8084991843380194,0.9759609842476441,-0.4522079278308954,-0.9630713134828507,0.36923224019939965
368,4knbxr1j9r0w,6,heard loud setting,3.0,0.8410771168486993,0.8428134128451515,0.12314590891823507,-0.6138744714968837,-1.073251159180814
237,4knbxr1j9r0w,6,gather children,2.0,0.9645459769867625,0.9976629474045811,-0.4522079278308954,0.7095654377019088,0.6043452149093277
124,4knbxr1j9r0w,6,use singing microphone,3.0,0.7103969809521916,0.9854153488756722,0.12314590891823507,-2.014610713749141,0.47165817169755897
299,fk8yjoees187,6,use directions large crowded area,5.0,0.9677388355436392,0.723720174462164,1.273853582416496,0.7437890989058142,-2.3634738612275905
149,fk8yjoees187,6,communicate large number people large space loud environment,8.0,0.9668711735454424,0.995135183869736,2.9999150926638873,0.7344887901897158,0.5769601345945664
470,fk8yjoees187,6,protest,1.0,0.8188349474714842,0.9684080903784922,-1.027561764580026,-0.8522841772967927,0.28740630895054564
183,fk8yjoees187,6,Throw,1.0,0.903963190055323,0.9142893305440942,-1.027561764580026,0.060189733205250985,-0.29890113799626605
440,fk8yjoees187,6,speak crowd,2.0,0.7974084005106099,0.9307564077432136,-0.4522079278308954,-1.081951377047682,-0.12050144774403077
409,fk8yjoees187,6,announcements,1.0,0.8951533910811303,0.9766125128388212,-1.027561764580026,-0.03424087497747422,0.37629071800034725
334,fk8yjoees187,6,Drum,1.0,0.8564369781895373,0.9108007190888784,-1.027561764580026,-0.4492349544924015,-0.33669577486444024
319,h2uguxo3f15k,7,talk,1.0,0.9359196824830373,1.0037435459206911,-1.027561764580026,0.4027254737114361,0.6702207117388596
181,h2uguxo3f15k,7,Exercise freedom speech,3.0,0.9226892271396824,0.9974940677675805,0.12314590891823507,0.26091066632851495,0.6025156203451865
456,h2uguxo3f15k,7,communicate people far away,4.0,0.9746188755884415,0.9793662355809897,0.6984997456673655,0.8175349775184111,0.40612377691560275
462,h2uguxo3f15k,7,people 's attention,3.0,0.9585089446386862,1.002011286187479,0.12314590891823507,0.6448556029011808,0.6514538962254187
179,h2uguxo3f15k,7,Scare,1.0,0.8846495697930626,0.8613127046327461,-1.027561764580026,-0.14682939548520665,-0.8728350267435959
80,h2uguxo3f15k,7,use batteries object,3.0,0.965506378029885,0.9962191237847601,0.12314590891823507,0.7198597991132256,0.5887032352525675
508,h2uguxo3f15k,7,annoy,1.0,0.8903899034784863,0.9997344534742146,-1.027561764580026,-0.08529981885420064,0.6267873299677316
388,h2uguxo3f15k,7,Work construction,2.0,0.9088708082139506,1.0022624942945288,-0.4522079278308954,0.11279358589307706,0.6541754143154009
423,n83yfzpk5d95,14,share world,2.0,0.9156851325798246,1.0037435459206911,-0.4522079278308954,0.18583507027982135,0.6702207117388596
502,n83yfzpk5d95,14,people 's attention assembly,4.0,0.964090082470611,0.996612032150135,0.6984997456673655,0.704678788579328,0.5929598941503685
290,n83yfzpk5d95,14,'d use police officer needed people 's attention,8.0,0.9409414874314675,0.5201891668032997,2.9999150926638873,0.45655327351077823,-4.568471644623456
28,n83yfzpk5d95,14,mad person use,3.0,0.9695977293504787,0.547954431462834,0.12314590891823507,0.7637142383149174,-4.267670564071216
358,n83yfzpk5d95,14,comb hair,2.0,0.9756284741066628,0.9997344534742146,-0.4522079278308954,0.8283566775793647,0.6267873299677316
215,n83yfzpk5d95,14,Talk,1.0,0.9359196824830373,0.9666162826913385,-1.027561764580026,0.4027254737114361,0.26799436762577367
376,n83yfzpk5d95,14,Talk far away,3.0,0.9711349776095198,1.0037435459206911,0.12314590891823507,0.7801917184996897,0.6702207117388596
496,n83yfzpk5d95,14,address high school,3.0,0.950255437444949,0.5706479870951299,0.12314590891823507,0.5563877835754255,-4.021814954932517
431,n83yfzpk5d95,14,Try organize crowd,3.0,0.9252000954471056,0.9850102577486433,0.12314590891823507,0.2878242000006531,0.4672695281810428
265,n83yfzpk5d95,14,waking,1.0,0.9928248625868591,0.9920825391980665,-1.027561764580026,1.012681589814966,0.5438886394354201
493,n83yfzpk5d95,14,direct people noise,3.0,0.9029596114207175,1.0037435459206911,0.12314590891823507,0.049432559165002825,0.6702207117388596
1,n83yfzpk5d95,14,Encouraging berating players coach,4.0,0.9295925124788738,1.0037435459206911,0.6984997456673655,0.33490570695865285,0.6702207117388596
18,n83yfzpk5d95,14,amplifier music,2.0,0.8697365301400687,0.9983896490288465,-0.4522079278308954,-0.30667951333813653,0.612218096241401
530,n83yfzpk5d95,14,shout instructions shoutier,3.0,0.8031984987544725,0.9992823362127947,0.12314590891823507,-1.0198883833054466,0.6218892185166409
404,n83yfzpk5d95,14,yelling yelling,2.0,0.6543684153749554,0.9992823362127947,-0.4522079278308954,-2.6151705606381537,0.6218892185166409
184,n83yfzpk5d95,14,Break,1.0,0.9571763617054506,1.0037435459206911,-1.027561764580026,0.6305718925454759,0.6702207117388596
32,n83yfzpk5d95,14,cheer,1.0,0.763272481125127,1.000748998093613,-1.027561764580026,-1.4478479926106989,0.6377786214798301
452,n83yfzpk5d95,14,music,1.0,0.9611988081451709,0.9987943662737663,-1.027561764580026,0.6736877530546577,0.6166026892241364
24,v0wlo1vbdrvr,4,yell instructions large room,4.0,0.8540101022541416,0.7957079811566732,0.6984997456673655,-0.4752481894407548,-1.583578178408719
123,v0wlo1vbdrvr,4,use amplify music,3.0,0.8789127490817223,0.9923409198940047,0.12314590891823507,-0.2083213171957998,0.5466878633392831
317,v0wlo1vbdrvr,4,batteries interesting,2.0,0.9186599884220132,0.9710129332683427,-0.4522079278308954,0.21772200064641875,0.31562644535276785
232,v0wlo1vbdrvr,4,toy,1.0,0.8550372277065397,0.9832374425805047,-1.027561764580026,-0.46423862140929006,0.4480633464739882
221,v0wlo1vbdrvr,4,Officiate,1.0,0.9807869645736875,0.9507189715765479,-1.027561764580026,0.8836495842090054,0.09576736313503599
465,adh7by1744ki,19,help,1.0,0.9704926188460494,0.9390497436655048,-1.027561764580026,0.7733063935469063,-0.03065377521513701
506,adh7by1744ki,19,Use annoy people feel sadistic,5.0,0.9952589551637536,0.9343314721918449,1.273853582416496,1.0387721786107529,-0.08177020342207456
393,adh7by1744ki,19,use prank,2.0,0.8802924173505227,0.9805548397528682,-0.4522079278308954,-0.19353290782404556,0.4190007807415749
282,adh7by1744ki,19,play Drost effect,3.0,0.977503877779528,0.9412970937868518,0.12314590891823507,0.8484587831933021,-0.00630661507927061
342,adh7by1744ki,19,talk underwater,2.0,0.9442574605365075,0.7559204164686067,-0.4522079278308954,0.49209657681926017,-2.0146254814857607
140,adh7by1744ki,19,yell people,2.0,0.7653011221114794,0.9929425164786913,-0.4522079278308954,-1.4261033645338463,0.5532053918033274
185,adh7by1744ki,19,Pretend 's gun play,4.0,0.9769448440752675,0.9929425164786911,0.6984997456673655,0.8424666041614536,0.5532053918033262
256,adh7by1744ki,19,collect water,2.0,0.9316370254082006,0.9684079167682608,-0.4522079278308954,0.356820463460968,0.28740442810605005
564,adh7by1744ki,19,Inciting riot,2.0,0.7813604295055117,0.9849242198269329,-0.4522079278308954,-1.2539666144610924,0.4663374174975576
190,adh7by1744ki,19,Yell people window obnoxious,4.0,0.7833250645949494,0.8922737829336642,0.6984997456673655,-1.2329080537724548,-0.5374113986176289
380,adh7by1744ki,19,noise general,2.0,0.9054105298012181,0.9399623786004128,-0.4522079278308954,0.07570350064220054,-0.02076654460753016
65,adh7by1744ki,19,destroy eardrums,2.0,0.9011539679507967,0.9848645412198354,-0.4522079278308954,0.03007820028289142,0.4656908762266236
86,adh7by1744ki,19,organizing crowd,2.0,0.8261544352608569,0.9005925410433364,-0.4522079278308954,-0.773827939468752,-0.4472883092494586
106,adh7by1744ki,19,lockdown,1.0,0.9676088463740498,0.9674828030269064,-1.027561764580026,0.7423957690037981,0.27738200561357895
516,adh7by1744ki,19,Speaking loudly event,3.0,0.8154099535217317,0.9090938787968005,0.12314590891823507,-0.8889960549054327,-0.3551872032906711
228,adh7by1744ki,19,Commands large field like football band practice,7.0,0.9949664377962222,0.9286406083787584,2.424561255914757,1.0356367389712196,-0.14342342392052335
402,adh7by1744ki,19,Controlling rowdy gym class,4.0,0.9798629777218113,0.9135596573000392,0.6984997456673655,0.8737455397885697,-0.30680621302267846
353,adh7by1744ki,19,voice louder,2.0,0.6652936699566134,0.9049012017373417,-0.4522079278308954,-2.498064774488065,-0.40060948920641976
451,adh7by1744ki,19,decoration,1.0,0.941726793811086,0.9717116388090526,-1.027561764580026,0.4649708275610333,0.323196024977186
204,adh7by1744ki,19,Use draw attention voice stand,5.0,0.8928610169495877,1.0016066430555992,1.273853582416496,-0.05881240993054636,0.6470701061625461
314,rx9qm0tytmgv,6,Disturbing people work,3.0,0.951356403278989,0.9315336136240301,0.12314590891823507,0.568188833020634,-0.11208141747859297
214,rx9qm0tytmgv,6,Sing,1.0,0.8433647088693048,0.8886969211494324,-1.027561764580026,-0.5893541951077712,-0.5761621147687703
432,rx9qm0tytmgv,6,Try control unruly crowd,4.0,0.9188582194378904,0.9870189864557458,0.6984997456673655,0.21984680229567227,0.4890315309223085
420,rx9qm0tytmgv,6,rally,1.0,0.8460018618550496,0.996612032150135,-1.027561764580026,-0.5610870392913597,0.5929598941503685
463,rx9qm0tytmgv,6,sing,1.0,0.8433647088693048,0.8991237605904712,-1.027561764580026,-0.5893541951077712,-0.46320066422728745
271,rx9qm0tytmgv,6,direct large line generally,4.0,0.9577745339791355,0.9147474491217961,0.6984997456673655,0.6369835906747492,-0.29393800996980773
166,rx9qm0tytmgv,6,Changing voice,2.0,0.8467810979146864,0.9387157695519999,-0.4522079278308954,-0.5527345518799024,-0.03427195697751577
71,h9nwvyegtku5,8,Use block sun eyes,4.0,0.95311905406121,0.5505141195546737,0.6984997456673655,0.5870823612233185,-4.2399396220707155
418,h9nwvyegtku5,8,prop,1.0,0.8804914447641475,0.7599255380910455,-1.027561764580026,-0.1913995697344152,-1.9712351185072103
283,h9nwvyegtku5,8,Use pretend jetpack horn exhaust pipe,6.0,0.7858430148025464,0.9959302898918441,1.8492074191656265,-1.2059186105202624,0.5855740899642149
538,h9nwvyegtku5,8,study machine works especially sound travels,6.0,0.9220507591139784,0.8050077341488546,1.8492074191656265,0.2540670454752959,-1.4828272659567998
280,h9nwvyegtku5,8,Disassemble purpose DIY project,4.0,0.9608114047612848,0.8736237969378954,0.6984997456673655,0.6695352477296694,-0.7394601097897381
194,h9nwvyegtku5,8,Deliver speech sort probably extemporaneous noisy crowd,7.0,0.841334099018303,0.9808714126442696,2.424561255914757,-0.6111199270811848,0.422430442550125
69,h9nwvyegtku5,8,Throw projectile,2.0,0.9102448363697713,0.989515634960736,-0.4522079278308954,0.12752153993543636,0.5160795197410395
544,h9nwvyegtku5,8,swinging,1.0,0.9082615828886607,1.000266517290841,-1.027561764580026,0.10626341214496143,0.6325515599481212
312,h9nwvyegtku5,8,Annoying people saying gibberish,4.0,0.8608954463112324,0.9826927299000952,0.6984997456673655,-0.40144545810000076,0.4421620822553005
468,plz2mnfli3y9,2,lead protest,2.0,0.8772210040536242,0.939106876439207,-0.4522079278308954,-0.22645481971514023,-0.030034814788311916
84,plz2mnfli3y9,2,getting people 's attention,4.0,0.9426211068098127,0.9782440996016237,0.6984997456673655,0.4745568034298204,0.39396687082236603
386,plz2mnfli3y9,2,Run rally,2.0,0.9369718423257161,0.9682740439433167,-0.4522079278308954,0.4140033807488899,0.2859540875134593
429,0jq1859e2bzk,9,allow people hear n't crowd,5.0,0.9638217422532396,0.9839432445524892,1.273853582416496,0.7018024993472469,0.4557098068420841
48,0jq1859e2bzk,9,emergency signal,2.0,0.9157038465946743,0.9928286200905921,-0.4522079278308954,0.1860356623488311,0.5519714703179276
298,0jq1859e2bzk,9,use yell large group people charge,6.0,0.9317075532803112,0.9029854710837862,1.8492074191656265,0.35757643869681016,-0.4213639771503567
475,0jq1859e2bzk,9,project voice protest,3.0,0.8417977832003791,0.985230117269259,0.12314590891823507,-0.6061497819681781,0.46965142448860087
302,0jq1859e2bzk,9,use prop stage production,4.0,0.9819463267801407,0.9862515747757261,0.6984997456673655,0.8960765735852838,0.4807176082779922
82,0jq1859e2bzk,9,talking,1.0,0.8621119147451863,0.9637556042214339,-1.027561764580026,-0.38840635761770104,0.237002580390483
229,0jq1859e2bzk,9,Calling attention building,3.0,0.9324091827616059,1.0018457412127473,0.12314590891823507,0.3650970755276478,0.6496604284558901
529,0jq1859e2bzk,9,amplify voice commands,3.0,0.7631228081236003,0.9962565428896586,0.12314590891823507,-1.4494523098719783,0.5891086233273722
231,0jq1859e2bzk,9,pretend gun,2.0,0.8408057300759089,0.9916228976103729,-0.4522079278308954,-0.616783416193854,0.5389090115463875
108,0jq1859e2bzk,9,speak loudly crowd,3.0,0.725992096187751,0.9796845622386169,0.12314590891823507,-1.8474495536945768,0.4095724385349678
304,1hj6zbvwrnqv,7,protest,1.0,0.8188349474714842,1.0037435459206911,-1.027561764580026,-0.8522841772967927,0.6702207117388596
209,1hj6zbvwrnqv,7,Screaming people,2.0,0.7847113538922748,0.9997344534742146,-0.4522079278308954,-1.2180486748187338,0.6267873299677316
192,1hj6zbvwrnqv,7,Yell encouragement atheletes running especially coach,6.0,0.8608732014418528,1.0037435459206911,1.8492074191656265,-0.4016838967466279,0.6702207117388596
176,1hj6zbvwrnqv,7,Yell,1.0,0.6296422950378764,1.0037435459206911,-1.027561764580026,-2.8802052780328937,0.6702207117388596
441,1hj6zbvwrnqv,7,orders emergency,2.0,0.9953807406593527,0.9942119159839811,-0.4522079278308954,1.040077574846347,0.566957709583325
243,1hj6zbvwrnqv,7,disturb quiet classroom,3.0,0.9541247309875261,1.0037435459206911,0.12314590891823507,0.5978620264648934,0.6702207117388596
234,1hj6zbvwrnqv,7,yell cheerleaders,2.0,0.6600401422526112,0.9956171495886288,-0.4522079278308954,-2.5543763677090885,0.5821816158521677
159,1hj6zbvwrnqv,7,Unite proletariat,2.0,0.9001850411695955,1.0037435459206911,-0.4522079278308954,0.019692453059670115,0.6702207117388596
4,hhfkcv3yebo0,5,Making funny noises public,4.0,0.8928177478589474,0.9916228976103729,0.6984997456673655,-0.05927620332204714,0.5389090115463875
366,hhfkcv3yebo0,5,talk large crowd,3.0,0.852612061000874,0.9862650270529041,0.12314590891823507,-0.49023353543983267,0.4808633464714019
246,hhfkcv3yebo0,5,'m sure think 's airhorn 'm going assume,8.0,0.8737653247078048,0.866791590379823,2.9999150926638873,-0.26349560841714575,-0.8134783170866947
518,hhfkcv3yebo0,5,Communicating large distances,3.0,0.9893587478831526,1.0037435459206911,0.12314590891823507,0.9755289464390043,0.6702207117388596
327,hhfkcv3yebo0,5,pretend announcer commentate peoples normal lives,6.0,0.947644744873701,0.9860030978260585,1.8492074191656265,0.528404252055211,0.47802567878015245
375,hhfkcv3yebo0,5,Gather people 's attention performance,5.0,0.9282608202831869,0.9881817622769222,1.273853582416496,0.32063154425422835,0.5016287176496382
428,0khxbx7e1pra,12,allow group people hear quiet,5.0,0.9939901018980033,0.5822448286819303,1.273853582416496,1.025171574791025,-3.8961780296923734
356,0khxbx7e1pra,12,prop open door,3.0,0.9272483348790832,0.9933922547647428,0.12314590891823507,0.3097789001966598,0.5580777301033177
29,0khxbx7e1pra,12,announcements,1.0,0.8951533910811303,0.9729220570361365,-1.027561764580026,-0.03424087497747422,0.3363093561516446
392,0khxbx7e1pra,12,hit head,2.0,0.9367528795671087,0.9795071918215138,-0.4522079278308954,0.4116563593781154,0.4076508572434929
490,0khxbx7e1pra,12,Command people,2.0,0.9842908395850258,0.9906378357388745,-0.4522079278308954,0.9212069733487788,0.5282371278459821
255,0khxbx7e1pra,12,use assemblies sure sitting supposed,5.0,0.9817914860268421,0.9963035994793223,1.273853582416496,0.8944168641471577,0.5896184212058195
90,0khxbx7e1pra,12,speaker,1.0,0.737034626196374,0.8886969211494324,-1.027561764580026,-1.7290867139016481,-0.5761621147687703
434,0khxbx7e1pra,12,Hurt ears person,3.0,0.9283369133319179,0.9564187733049017,0.12314590891823507,0.32144717159047026,0.15751741449763235
8,0khxbx7e1pra,12,Giving directions large group people,5.0,0.9951650708660214,0.9359682000318982,1.273853582416496,1.037765850162211,-0.06403835361278742
554,0khxbx7e1pra,12,people 's attention,3.0,0.9585089446386862,0.8878171689479003,0.12314590891823507,0.6448556029011808,-0.5856931030767896
510,0khxbx7e1pra,12,use fire sports team games parties,6.0,0.9220265329932748,0.9864384859181655,1.8492074191656265,0.25380737016163063,0.4827425511086279
98,0khxbx7e1pra,12,annoying,1.0,0.8832410070489923,0.8637994697426689,-1.027561764580026,-0.16192751940105649,-0.845894111851668
373,0khxbx7e1pra,12,Play prank,2.0,0.9359405014937673,0.9353370711863708,-0.4522079278308954,0.4029486288425303,-0.07087582629782237
338,ezoezxvl64br,10,start race,2.0,0.9484864114799527,0.8397452735643183,-0.4522079278308954,0.5374259209659622,-1.1064905185845972
569,ezoezxvl64br,10,cause general commotion,3.0,0.9566130792862281,0.9639069948374014,0.12314590891823507,0.624534172322615,0.23864270381184746
205,ezoezxvl64br,10,Use costume,2.0,0.9295543871259676,0.9896167242720579,-0.4522079278308954,0.33449704834196303,0.5171746929529927
297,ezoezxvl64br,10,test works actually use,4.0,0.8798381712233103,0.9884795112585736,0.6984997456673655,-0.19840188817001767,0.5048544465059019
306,ezoezxvl64br,10,Direct people big event,4.0,0.9910695593922239,0.8794105679478113,0.6984997456673655,0.9938668190466379,-0.6767678576525575
464,ezoezxvl64br,10,noise,1.0,0.8095440087749017,0.9932544276071902,-1.027561764580026,-0.951872033305403,0.5565845493816626
381,ezoezxvl64br,10,protest,1.0,0.8188349474714842,0.9847708036124847,-1.027561764580026,-0.8522841772967927,0.46467534931106164
412,ezoezxvl64br,10,protest,1.0,0.8188349474714842,0.9032331668641052,-1.027561764580026,-0.8522841772967927,-0.41868051062188
435,ezoezxvl64br,10,Tell racers track laps,4.0,0.9522299522301217,0.9470449699084152,0.6984997456673655,0.5775522428980325,0.05596426075958088
437,ezoezxvl64br,10,guide people way,3.0,0.9457462167926556,0.9916876453334293,0.12314590891823507,0.5080542801806792,0.5396104701961606
49,ezoezxvl64br,10,gain students attention high school assembly,6.0,0.9446215530355133,0.9343254114298993,1.8492074191656265,0.4959992170743448,-0.0818358640150688
292,per8r9c1jny9,8,troll,1.0,0.9287885868586264,0.8275453890459509,-1.027561764580026,0.32628857670675765,-1.2386606416047397
387,per8r9c1jny9,8,Annoy,1.0,0.8903899034784863,0.9956844261993719,-1.027561764580026,-0.08529981885420064,0.582910471761001
273,per8r9c1jny9,8,Scream,1.0,0.7037915389729281,0.677435396935046,-1.027561764580026,-2.085413226410869,-2.864910143719366
471,per8r9c1jny9,8,intimidate,1.0,0.7977479160054728,0.740194219493281,-1.027561764580026,-1.0783121731610463,-2.18499868344013
403,per8r9c1jny9,8,fashion accessory want gym teacher look,6.0,0.9767836175024704,0.9524484835140639,1.8492074191656265,0.8407384463034774,0.11450440980151325
484,per8r9c1jny9,8,voice heard,2.0,0.8087208641322886,0.9004989273978273,-0.4522079278308954,-0.960695168708607,-0.44830249319723875
383,per8r9c1jny9,8,concert,1.0,0.9675614870725324,0.9573986482902692,-1.027561764580026,0.7418881333973,0.16813310493022685
347,per8r9c1jny9,8,Amplify noise joke like fart,5.0,0.8055706406879409,0.9915209583850474,1.273853582416496,-0.994461832015302,0.5378046306047836
119,per8r9c1jny9,8,use stylistic ornament,3.0,0.9197022907452167,0.9758404274585667,0.12314590891823507,0.22889424675313425,0.3679261618001095
195,qyhw6g8xa8rd,3,vocal effect pink floyd song Wall uses megaphone- Waiting Worms think,11.0,0.9942605401456622,0.9711239603905738,4.725976602911279,1.0280703524222867,0.3168292820174727
115,qyhw6g8xa8rd,3,use rally,2.0,0.8803552761844727,0.9997344534742146,-0.4522079278308954,-0.19285913559190374,0.6267873299677316
425,qyhw6g8xa8rd,3,attention far away,3.0,0.9713675104081528,0.9308887029118844,0.12314590891823507,0.7826841946233414,-0.11906819903648169
133,qyhw6g8xa8rd,3,speak,1.0,0.8946048216130205,1.002541746842681,-1.027561764580026,-0.04012088979459296,0.6572007580051205
163,w17j2x2ukaw8,10,Coaching,1.0,0.9862154977375093,0.9951160575386339,-1.027561764580026,0.9418370286332703,0.5767529252942747
274,w17j2x2ukaw8,10,Direct crowd,2.0,0.8084991843380194,0.9870189864557458,-0.4522079278308954,-0.9630713134828507,0.4890315309223085
206,w17j2x2ukaw8,10,Use appear mature charge,4.0,0.9090060809220812,0.547954431462834,0.6984997456673655,0.11424354906893605,-4.267670564071216
401,w17j2x2ukaw8,10,Hitting upside head,3.0,0.8898805578905054,0.9997344534742146,0.12314590891823507,-0.09075940014420852,0.6267873299677316
264,w17j2x2ukaw8,10,speaking loudly,2.0,0.7219517747922127,0.5201891668032997,-0.4522079278308954,-1.8907570125539677,-4.568471644623456
311,w17j2x2ukaw8,10,obnoxious public declaration love,4.0,0.9275812512225269,0.9953990720054459,0.6984997456673655,0.3133473689979853,0.5798190245543706
116,w17j2x2ukaw8,10,use people 's attentions,4.0,0.953194537345374,0.696249348226587,0.6984997456673655,0.5878914526057794,-2.6610850785759856
146,w17j2x2ukaw8,10,throw window,2.0,0.9330392292377622,0.998733426061665,-0.4522079278308954,0.3718504273465833,0.615942480078864
313,w17j2x2ukaw8,10,Waking sleeping people,3.0,0.9670542764215965,1.0037435459206911,0.12314590891823507,0.7364514361031909,0.6702207117388596
467,w17j2x2ukaw8,10,speech,1.0,0.7763335362288882,1.0002807584220639,-1.027561764580026,-1.307848955110608,0.6327058443647359
359,w17j2x2ukaw8,10,hold liquids drunk,3.0,0.9723059228148813,1.0037435459206911,0.12314590891823507,0.7927428639020806,0.6702207117388596
193,qorafq68ww2n,1,Use bring crowd order,4.0,0.9533675438286477,0.9612058576856626,0.6984997456673655,0.5897458771486044,0.20937934241673722
447,qorafq68ww2n,1,amplify voice,2.0,0.6937738013923789,0.9779076159608364,-0.4522079278308954,-2.1927915054291938,0.3903215015461103
170,ti4x4kvaou2b,6,leading protest,2.0,0.9064793418549444,1.0018667867618283,-0.4522079278308954,0.08715989965448949,0.6498884300248291
203,ti4x4kvaou2b,6,Talk large crowd,3.0,0.852612061000874,0.9980063530912718,0.12314590891823507,-0.49023353543983267,0.6080655756871206
101,ti4x4kvaou2b,6,alert,1.0,0.9166893790020313,0.9950514051481743,-1.027561764580026,0.19659940221203664,0.576052499451085
91,ti4x4kvaou2b,6,scream,1.0,0.7037915389729281,0.9876375798880175,-1.027561764580026,-2.085413226410869,0.4957331984602025
96,ti4x4kvaou2b,6,hellooo,1.0,0.9869351323692804,0.9846393152887275,-1.027561764580026,0.9495506593468168,0.4632508417347369
164,ti4x4kvaou2b,6,Announcements,1.0,0.8951533910811303,1.0029860568315376,-1.027561764580026,-0.03424087497747422,0.6620142876576229
450,ti4x4kvaou2b,6,self defense,2.0,0.9523643194680643,1.0037435459206911,-0.4522079278308954,0.5789925005061709,0.6702207117388596
427,ajjjupp08kpn,12,quiet group people,3.0,0.9995786705280997,0.8132959521209864,0.12314590891823507,1.0850744098224296,-1.3930350398627611
191,ajjjupp08kpn,12,Yell tour groups passing especially tour led good buddy Aidan,10.0,0.9649658732892934,0.8132959521209864,4.150622766162148,0.7140662286209555,-1.3930350398627611
379,ajjjupp08kpn,12,cheer team,2.0,0.899372938294217,0.885875129828279,-0.4522079278308954,0.010987672320225727,-0.606732609554399
114,ajjjupp08kpn,12,use project voice,3.0,0.9206116759038396,0.9819753496125461,0.12314590891823507,0.23864177832027506,0.4343901856676862
63,ajjjupp08kpn,12,annoy strangers,2.0,0.93107117370704,1.002159167217886,-0.4522079278308954,0.35075520357951595,0.653055997782348
481,ajjjupp08kpn,12,nearby,1.0,0.9798574555600843,0.7983538902248594,-1.027561764580026,0.8736863487568683,-1.5549131425622096
525,ajjjupp08kpn,12,Adding noises vocal recording,4.0,0.8837955242450618,0.8341105167851146,0.6984997456673655,-0.1559837519863842,-1.1675358912333862
9,ajjjupp08kpn,12,Speak,1.0,0.8946048216130205,0.9781633745369049,-1.027561764580026,-0.04012088979459296,0.39309231813962314
182,ajjjupp08kpn,12,Hit,1.0,0.9744546168947766,0.8673130439022021,-1.027561764580026,0.8157743189168343,-0.8078290360547007
122,ajjjupp08kpn,12,technically use weapon hit people n't great,7.0,0.9333684996880007,0.9795071918215138,2.424561255914757,0.37537981649197827,0.4076508572434929
526,ajjjupp08kpn,12,Sounding official,2.0,0.8787504239262496,1.0037435459206911,-0.4522079278308954,-0.21006125055858726,0.6702207117388596
555,ajjjupp08kpn,12,hold carry sit o,4.0,0.9215871328163918,0.9838138161752299,0.6984997456673655,0.24909752081544223,0.454307616147664
16,ajjjupp08kpn,12,microphone,1.0,0.5855285511811582,0.8800436435135203,-1.027561764580026,-3.3530523513667783,-0.6699092947477339
494,2fn8rovk4j8k,5,tell love proposal,3.0,0.9203224272138607,0.9727367905111082,0.12314590891823507,0.23554137503175737,0.33430223064421466
548,2fn8rovk4j8k,5,breaking object,2.0,0.9653641376701106,0.9462243987063244,-0.4522079278308954,0.7183351509662051,0.047074422780880656
477,2fn8rovk4j8k,5,rally crowd,2.0,0.7872791059927164,0.9585920107201438,-0.4522079278308954,-1.19052541427471,0.18106165838716098
323,2fn8rovk4j8k,5,use siren,2.0,0.7598050093251081,0.9748043370428658,-0.4522079278308954,-1.4850151824514006,0.3567014491811496
250,2fn8rovk4j8k,5,use attention far away paying attention,6.0,0.9389356064604546,0.9362486986998023,1.8492074191656265,0.43505260583495686,-0.060999509811597304
94,2fn8rovk4j8k,5,banter,1.0,0.8771750630116186,0.9691358180788667,-1.027561764580026,-0.22694725325986093,0.29529030650305205
277,m8fv11sa145w,10,Decorate,1.0,0.9600592378866534,0.9678202635843982,-1.027561764580026,0.6614729099130618,0.2810379585310834
27,m8fv11sa145w,10,use play music like loud speaker,6.0,0.8759959461804756,0.9201663279998904,1.8492074191656265,-0.2395859888098429,-0.23523139788092343
121,m8fv11sa145w,10,use juggling object,3.0,0.9617425649933542,0.9688920572745628,0.12314590891823507,0.6795161822875934,0.29264947039974076
157,m8fv11sa145w,10,Yell loudly want lot people hear,6.0,0.8558580296450342,0.9480429336471664,1.8492074191656265,-0.4554405970188752,0.06677591966682712
165,m8fv11sa145w,10,Teaching,1.0,0.9735961681469931,0.9794712802068779,-1.027561764580026,0.8065727653303831,0.4072618008948748
145,m8fv11sa145w,10,hit,1.0,0.9744546168947766,0.7490384490450439,-1.027561764580026,0.8157743189168343,-2.089182784026083
199,m8fv11sa145w,10,yell help need,3.0,0.8666523552594787,0.9354705561666125,0.12314590891823507,-0.33973821428797135,-0.06942968750582622
260,m8fv11sa145w,10,use fake hair blow drier,5.0,0.9882666445287055,0.9691325016434621,1.273853582416496,0.9638228922758009,0.2952543771731671
559,m8fv11sa145w,10,hit,1.0,0.9744546168947766,0.9356974471915215,-1.027561764580026,0.8157743189168343,-0.06697161385527291
212,m8fv11sa145w,10,giving presentation,2.0,0.9699919881419592,0.9780332833324492,-0.4522079278308954,0.7679402254878311,0.3916829465614852
169,m8fv11sa145w,10,Gift,1.0,0.9983916213164422,0.9780332833324492,-1.027561764580026,1.0723506485506906,0.3916829465614852
138,m8fv11sa145w,10,break rebuild,2.0,0.887289644508186,0.978207386441278,-0.4522079278308954,-0.11853092219117962,0.3935691307526101
210,ym6q3my9vk3f,8,Coaching,1.0,0.9862154977375093,0.9996172076124418,-1.027561764580026,0.9418370286332703,0.6255171212251167
223,ym6q3my9vk3f,8,Ask,1.0,0.9944754031586163,0.9839595876290561,-1.027561764580026,1.0303734293765576,0.4558868631443081
294,ym6q3my9vk3f,8,prank,1.0,0.8407668094699576,0.982026500757969,-1.027561764580026,-0.6172005989810642,0.4349443428134361
172,ym6q3my9vk3f,8,getting large crowd 's attention,5.0,0.9714143893917928,0.9837575834140673,1.273853582416496,0.7831866817912186,0.45369840620396035
536,ym6q3my9vk3f,8,authority,1.0,0.9744443457735504,0.9712653562845731,-1.027561764580026,0.815664224665314,0.31836112542765377
2,ym6q3my9vk3f,8,Yelling platform train conductor,4.0,0.8087820765956355,0.9542351645471662,0.6984997456673655,-0.9600390436189038,0.1338608103959091
472,ym6q3my9vk3f,8,haze,1.0,0.9708951493190014,0.995135183869736,-1.027561764580026,0.7776210433458733,0.5769601345945664
533,ym6q3my9vk3f,8,people excited pep rally,4.0,0.8649734756401917,0.9984287402632539,0.6984997456673655,-0.35773381486629047,0.6126415996977537
551,ym6q3my9vk3f,8,sound effects theater performance,4.0,0.9569388241075086,1.0037435459206914,0.6984997456673655,0.6280257709023335,0.670220711738862
439,dgknuehnnscr,7,motivate,1.0,0.897023364463628,0.9680734385916754,-1.027561764580026,-0.01419697564310377,0.2837807854658032
126,dgknuehnnscr,7,pretend 's hair dryer,4.0,0.9827926218779839,0.7599255380910455,0.6984997456673655,0.9051478544425992,-1.9712351185072103
351,dgknuehnnscr,7,Practice beatboxing,2.0,0.9078985435212601,0.9788048854577573,-0.4522079278308954,0.10237206021305782,0.40004226731333664
46,dgknuehnnscr,7,address crowd people,3.0,0.9183898943661163,0.9521857957697132,0.12314590891823507,0.21482691234308712,0.11165852454461257
21,dgknuehnnscr,7,hat stand,2.0,0.7860939986687302,0.9422302099179409,-0.4522079278308954,-1.2032283608111352,0.003802503056434224
111,dgknuehnnscr,7,speak political rally,3.0,0.8733769971533922,0.9384761179210682,0.12314590891823507,-0.26765801975532805,-0.03686827545041001
213,dgknuehnnscr,7,Speak,1.0,0.8946048216130205,1.0037435459206911,-1.027561764580026,-0.04012088979459296,0.6702207117388596
405,dgknuehnnscr,7,sirens,1.0,0.807623043383177,0.9372245531734122,-1.027561764580026,-0.9724625065693125,-0.050427376474384326
320,fx5msm7xu0ya,6,yell,1.0,0.6296422950378764,0.976295974200495,-1.027561764580026,-2.8802052780328937,0.37286142727999466
236,fx5msm7xu0ya,6,announce start race,3.0,0.9175613322028318,0.9367041609689726,0.12314590891823507,0.20594570753633126,-0.05606515948585158
201,fx5msm7xu0ya,6,Scare friend,2.0,0.9448825371122471,0.9635135890126534,-0.4522079278308954,0.49879665719348654,0.23438065557889068
398,fx5msm7xu0ya,6,Amplify voice,2.0,0.6937738013923789,0.9884018493726973,-0.4522079278308954,-2.1927915054291938,0.5040130794425665
566,fx5msm7xu0ya,6,someones attention,2.0,0.898987278830886,0.9958541516448747,-0.4522079278308954,0.006853859757594656,0.5847492295769439
196,fx5msm7xu0ya,6,hit somebody,2.0,0.9659162635929295,0.958279518936299,-0.4522079278308954,0.7242532867645318,0.17767621015186327
258,fx5msm7xu0ya,6,use pot plant things,4.0,0.9266692217825889,0.9635081741241752,0.6984997456673655,0.30357149386778304,0.23432199219767413
550,8nt5xtwezvda,9,prank,1.0,0.8407668094699576,0.9921924249933561,-1.027561764580026,-0.6172005989810642,0.5450791112845368
188,8nt5xtwezvda,9,Use Halloween costume,3.0,0.9483058917938296,0.8266847689148813,0.12314590891823507,0.5354909637893576,-1.2479843584338477
233,8nt5xtwezvda,9,yell rowers,2.0,0.7721090164921228,0.9570784004677284,-0.4522079278308954,-1.3531308019712787,0.16466362994967057
557,8nt5xtwezvda,9,announcement,1.0,0.9496108619880095,0.9450581202783446,-1.027561764580026,0.5494786982947327,0.03443928979501085
85,8nt5xtwezvda,9,giving important information,3.0,0.9042702397735471,0.9954093566620089,0.12314590891823507,0.0634809424279788,0.5799304456355384
43,8nt5xtwezvda,9,run competition,2.0,0.9512415143646773,0.8921424836732427,-0.4522079278308954,0.5669573599661768,-0.5388338579348662
64,8nt5xtwezvda,9,declare undying love balcony,4.0,0.9638118123034073,0.9986465417404031,0.6984997456673655,0.7016960620488892,0.6150011997403149
357,8nt5xtwezvda,9,sing louder,2.0,0.7209652677875465,0.9886329161701294,-0.4522079278308954,-1.9013311989457387,0.5065163922400355
354,8nt5xtwezvda,9,hit,1.0,0.9744546168947766,0.980404824492524,-1.027561764580026,0.8157743189168343,0.41737555753681915
305,8nt5xtwezvda,9,hit button makes siren sound,5.0,0.8690061463656136,0.9060766609772211,1.273853582416496,-0.31450836212692646,-0.3878748938824952
460,l8u4ruy3pa2k,1,yell,1.0,0.6296422950378764,0.9352047359899129,-1.027561764580026,-2.8802052780328937,-0.07230950865517531
278,l8u4ruy3pa2k,1,Sell,1.0,0.9737838787069827,0.9608109492643381,-1.027561764580026,0.808584800155929,0.2051010154744151
545,axgduh9i8fb4,2,breaking,1.0,0.9848123246929044,0.7932808313882775,-1.027561764580026,0.9267966759106033,-1.6098732374311377
346,axgduh9i8fb4,2,Wake friend prank,3.0,0.933380872470261,0.959920295235682,0.12314590891823507,0.37551243805998163,0.19545191983267937
272,axgduh9i8fb4,2,social activism protests,3.0,0.8986180638546699,0.9639301707952895,0.12314590891823507,0.0028963126153281954,0.23889378563156255
295,j045fzigx6ri,7,paint current colors boring,4.0,0.9033568605128929,0.7880615110167436,0.6984997456673655,0.05369059881880756,-1.6664178886980083
238,j045fzigx6ri,7,organize crowd,2.0,0.8452004473649448,0.9666300780575507,-0.4522079278308954,-0.5696772532030199,0.268143822749438
426,j045fzigx6ri,7,speak sore throat,3.0,0.9343586226769547,0.9891313920822741,0.12314590891823507,0.38599276195151844,0.5119167402950972
330,j045fzigx6ri,7,Scoop,1.0,0.9500068117600813,0.9779959987887712,-1.027561764580026,0.5537228107763092,0.3912790162851572
38,j045fzigx6ri,7,coach marching band,3.0,0.8771060525918848,0.9939246058135393,0.12314590891823507,-0.2276869632039245,0.5638450718763811
515,j045fzigx6ri,7,use announcements large meetings,4.0,0.9812106833763911,0.9909377332883044,0.6984997456673655,0.8881913478014508,0.531486133682218
22,j045fzigx6ri,7,communication device partially deaf family member,6.0,0.9528474897840291,0.9920825391980665,1.8492074191656265,0.5841715138895694,0.5438886394354201
527,j045fzigx6ri,7,Yell,1.0,0.6296422950378764,0.9714452108569314,-1.027561764580026,-2.8802052780328937,0.320309619359587
514,j045fzigx6ri,7,search woods,2.0,0.8783820624186705,0.9524514270886396,-0.4522079278308954,-0.21400964952815518,0.11453629966188124
336,s3zmlb5et8wy,6,yell people,2.0,0.7653011221114794,0.989465673750971,-0.4522079278308954,-1.4261033645338463,0.5155382540240624
473,s3zmlb5et8wy,6,save,1.0,0.926823650354469,0.9878345850968449,-1.027561764580026,0.30522678520940666,0.49786749757156873
365,s3zmlb5et8wy,6,latel stir soup cooking,4.0,0.9048946007202474,0.9828369714914613,0.6984997456673655,0.07017335210669694,0.4437247551516534
97,s3zmlb5et8wy,6,crowd,1.0,0.7467218851480671,1.0025361620754538,-1.027561764580026,-1.6252507742721902,0.6571402542052414
187,s3zmlb5et8wy,6,Use prop,2.0,0.9204500311344854,0.9958068550030736,-0.4522079278308954,0.23690913789063653,0.5842368310410503
147,s3zmlb5et8wy,6,study sound attenuation amplification,4.0,0.9327924159319678,0.9740230793874345,0.6984997456673655,0.36920488110403865,0.3482375231273144
309,s3zmlb5et8wy,6,obnoxious,1.0,0.7513864594403682,0.9694627565464742,-1.027561764580026,-1.5752520639014056,0.29883226605345903
51,1edbsgvxsiqd,9,police officer trying 's attention,5.0,0.9895536955909685,0.547954431462834,1.273853582416496,0.9776185549155215,-4.267670564071216
200,1edbsgvxsiqd,9,Yell people cheerleading,3.0,0.7028237689851862,0.5201891668032997,0.12314590891823507,-2.095786574178641,-4.568471644623456
489,1edbsgvxsiqd,9,Need order people,3.0,0.9430914766400982,1.001916463449398,0.12314590891823507,0.4795986107712567,0.6504266133082396
112,1edbsgvxsiqd,9,tell people line,3.0,0.9777169474065052,0.995746038069765,0.12314590891823507,0.8507426371744955,0.5835779574635991
267,1edbsgvxsiqd,9,surprise screaming ear elevator walk corridor,6.0,0.8624291788424974,0.9823315352470129,1.8492074191656265,-0.3850056623519649,0.43824900081094526
57,1edbsgvxsiqd,9,look authoritative,2.0,0.9819281287170517,0.972890264721097,-0.4522079278308954,0.8958815119079089,0.33596492713811166
45,1edbsgvxsiqd,9,annoy,1.0,0.8903899034784863,0.9756445612782549,-1.027561764580026,-0.08529981885420064,0.3658042026038306
488,1edbsgvxsiqd,9,Need louder voice,3.0,0.7330814531917171,0.9870189864557458,0.12314590891823507,-1.7714600452540237,0.4890315309223085
20,1edbsgvxsiqd,9,halloween costume,2.0,0.9398618187912391,0.9996683446154266,-0.4522079278308954,0.4449805047528019,0.6260711251556634
546,1edbsgvxsiqd,9,fixing,1.0,0.9385878600318012,0.9596105725857719,-1.027561764580026,0.4313251760891353,0.1920964716168281
287,sx30ovtcu95w,6,apart microphone especially salvaged fun ELE projects,7.0,0.9496134630958288,0.9918645850346246,2.424561255914757,0.5495065790890675,0.5415273852324394
158,sx30ovtcu95w,6,Lead revolution,2.0,0.9317316283952691,0.9983879563559438,-0.4522079278308954,0.3578344954077757,0.6121997582984926
486,sx30ovtcu95w,6,Need blunt weapon,3.0,0.8896621447128605,1.0037435459206911,0.12314590891823507,-0.09310053065814419,0.6702207117388596
503,sx30ovtcu95w,6,Announce emergency,2.0,0.9966238477072012,0.9619784766714764,-0.4522079278308954,1.0534022097112796,0.2177496795497625
15,sx30ovtcu95w,6,siren,1.0,0.675877810651978,0.9708717000440802,-1.027561764580026,-2.38461532508716,0.3140963642608358
285,sx30ovtcu95w,6,Scare speeders tracking like speed camera,6.0,0.9953155136720304,0.9530744313286461,1.8492074191656265,1.039378418815567,0.12128575265217464
339,sx30ovtcu95w,6,hit danger,2.0,0.9953907733173708,0.9247095296544882,-0.4522079278308954,1.0401851130547803,-0.18601162693231632
406,vvww039mwotf,8,announce,1.0,0.929016245693808,0.5616004003855352,-1.027561764580026,0.32872880971631285,-4.119833968689753
410,vvww039mwotf,8,pull prank,2.0,0.8408911701682664,0.9666162826913385,-0.4522079278308954,-0.6158675996232209,0.26799436762577367
248,vvww039mwotf,8,use prank friends,3.0,0.9464349357331522,0.9896593605837242,0.12314590891823507,0.5154365313090616,0.517636602780874
110,vvww039mwotf,8,speak n't hear,3.0,0.9487876167273508,0.9241113418389136,0.12314590891823507,0.5406544843852807,-0.19249222574901853
337,vvww039mwotf,8,attention,1.0,0.9248858815232913,0.8694505076600989,-1.027561764580026,0.28445619898131325,-0.7846723539232437
307,vvww039mwotf,8,Order people,2.0,0.9526012295614844,0.7551709167566761,-0.4522079278308954,0.5815318960442325,-2.022745350897663
478,vvww039mwotf,8,lead tour,2.0,0.9429904893767742,0.8059102326317068,-0.4522079278308954,0.4785161469463355,-1.4730498508243468
422,vvww039mwotf,8,propose,1.0,0.9298541837361856,0.9850102577486433,-1.027561764580026,0.33771051283949943,0.4672695281810428
252,vvww039mwotf,8,announce message,2.0,0.9712876962940592,0.9949330277299554,-0.4522079278308954,0.7818286818746957,0.574770031743687
152,fgnckhp5ft4p,7,cheerleader sports event,3.0,0.8983916464992575,0.8820125833803524,0.12314590891823507,0.0004693867981387514,-0.6485783531288465
240,fgnckhp5ft4p,7,hit head,2.0,0.9367528795671087,0.9856676104471458,-0.4522079278308954,0.4116563593781154,0.4743911027252852
239,fgnckhp5ft4p,7,play siren police,3.0,0.8305139388593561,0.9934989400617619,0.12314590891823507,-0.7270992255234047,0.5592335286529042
504,fgnckhp5ft4p,7,instructions minimize panic emergency,4.0,0.9918324283113543,1.0026806457465822,0.6984997456673655,1.0020438701017431,0.6587055497257599
421,fgnckhp5ft4p,7,sporting event,2.0,0.9916888708827353,0.9538787380580419,-0.4522079278308954,1.0005051045370175,0.12999938590092583
173,fgnckhp5ft4p,7,hostage negotiations,2.0,0.9534932436914352,0.9142564932619471,-0.4522079278308954,0.5910932307631731,-0.2992568878900043
512,fgnckhp5ft4p,7,gym high school fire drill,5.0,0.9861603683535851,0.9944453347337485,1.273853582416496,0.941246106948457,0.569486502771943
507,fgnckhp5ft4p,7,speak,1.0,0.8946048216130205,0.9795723906661814,-1.027561764580026,-0.04012088979459296,0.40835720321812197
535,1iqddv9olptj,11,speak large audience event,4.0,0.9257408290844502,0.8486402791991461,0.6984997456673655,0.2936202239949453,-1.0101245253450661
270,1iqddv9olptj,11,direct traffic,2.0,0.9728028612364815,0.9808714126442696,-0.4522079278308954,0.7980694550670483,0.422430442550125
500,1iqddv9olptj,11,test functionality,2.0,0.8332543889240689,1.0037435459206911,-0.4522079278308954,-0.6977248473947671,0.6702207117388596
218,1iqddv9olptj,11,Direct,1.0,0.9693776289995364,1.0006835710848638,-1.027561764580026,0.7613550233019981,0.6370698036396115
66,1iqddv9olptj,11,gift coach,2.0,0.9881428007711607,0.9896434078351926,-0.4522079278308954,0.9624954339105363,0.5174637751829768
394,1iqddv9olptj,11,use prop movie,3.0,0.9638280318370231,0.9968067488342126,0.12314590891823507,0.7018699162342427,0.5950694000272364
13,1iqddv9olptj,11,Start riot rally,3.0,0.8889843657841721,0.9856766499266494,0.12314590891823507,-0.10036551782039148,0.4744890339078492
333,1iqddv9olptj,11,Use instrument,2.0,0.9394153079316853,0.9408427731795266,-0.4522079278308954,0.4401944373122876,-0.01122859696117722
174,1iqddv9olptj,11,giving directions people trapped inside burning building,7.0,0.9633507266628939,0.9958340017859747,2.424561255914757,0.6967537702229862,0.5845309316639071
561,1iqddv9olptj,11,throw,1.0,0.903963190055323,0.9977508971524499,-1.027561764580026,0.060189733205250985,0.6052980377805538
109,1iqddv9olptj,11,sing song loudly,3.0,0.8158971799905548,0.9776900349243309,0.12314590891823507,-0.8837735643686496,0.38796428969558133
499,1iqddv9olptj,11,prank deafen temporarily,3.0,0.8519538665039617,0.9515323794891125,0.12314590891823507,-0.49728860069478725,0.10457959604653268
459,1iqddv9olptj,11,talk,1.0,0.9359196824830373,0.9909420155604208,-1.027561764580026,0.4027254737114361,0.5315325266158221
167,j1vomkqxiz9m,5,Singing,1.0,0.8192654001422538,0.7352756209205288,-1.027561764580026,-0.8476702346161796,-2.238285399184744
93,j1vomkqxiz9m,5,talk,1.0,0.9359196824830373,0.9464277267429528,-1.027561764580026,0.4027254737114361,0.049277221633129684
377,j1vomkqxiz9m,5,Talk loud environment,3.0,0.8575699949166335,0.9674746826240693,0.12314590891823507,-0.4370903574437838,0.27729403144953424
68,j1vomkqxiz9m,5,Amplify voice,2.0,0.6937738013923789,0.9119786369204708,-0.4522079278308954,-2.1927915054291938,-0.3239345438482947
74,j1vomkqxiz9m,5,Voice changer change identity,4.0,0.9165434640773342,0.9572495045769819,0.6984997456673655,0.19503536708224037,0.16651732382154583
207,j1vomkqxiz9m,5,Use siren function emergencies,4.0,0.8842518279827883,0.8899041593384346,0.6984997456673655,-0.1510927164933165,-0.5630832352339025
249,t6o4ejc66621,5,use cheer loudly sports game,5.0,0.8730376035584109,0.5822448286819303,1.273853582416496,-0.27129591701964656,-3.8961780296923734
130,t6o4ejc66621,5,wrap gift,2.0,0.9717817050510006,0.8679063478743493,-0.4522079278308954,0.7871238705052447,-0.8014013474262573
162,t6o4ejc66621,5,Lifeguarding,1.0,0.9910640600421461,1.0014624717811291,-1.027561764580026,0.9938078725287917,0.6455081950596997
332,t6o4ejc66621,5,Amplify music,2.0,0.8359292495580499,0.9774273249731342,-0.4522079278308954,-0.669053510260879,0.3851181638559467
148,t6o4ejc66621,5,use model drawing,3.0,0.9733176424634066,0.8533564066436775,0.12314590891823507,0.8035872999670265,-0.9590313249476411
539,t6o4ejc66621,5,projecting voice,2.0,0.7549808524701185,0.845408581443755,-0.4522079278308954,-1.5367244288394293,-1.0451358313333232
143,dij8d5348uqa,2,talk god,2.0,0.9590423633889089,0.6730938477665742,-0.4522079278308954,0.6505732199713499,-2.911945268259356
397,dij8d5348uqa,2,use symbol authority,3.0,0.9647175974474069,0.9800496566849717,0.12314590891823507,0.7114050057241451,0.413527769244536
372,dij8d5348uqa,2,Yell,1.0,0.6296422950378764,0.880944245032803,-1.027561764580026,-2.8802052780328937,-0.6601524307859057
225,ufq43y69ni78,3,coach practice,2.0,0.9896148574553982,0.9666300780575507,-0.4522079278308954,0.9782741376447764,0.268143822749438
216,ufq43y69ni78,3,Banter,1.0,0.8771750630116186,0.9922910119516613,-1.027561764580026,-0.22694725325986093,0.5461471747065922
186,ufq43y69ni78,3,Annoy people door loud right,5.0,0.8509992720523993,0.9833801276121054,1.273853582416496,-0.5075207223235495,0.44960915603893925
300,ufq43y69ni78,3,announcement large group people,4.0,0.9935146062171716,0.903011428900644,0.6984997456673655,1.020074824404242,-0.42108275745173906
565,3s9so34dqf4l,3,Screaming pep rally,3.0,0.6703238993480012,0.9896593605837242,0.12314590891823507,-2.4441466746405145,0.517636602780874
399,3s9so34dqf4l,3,attention,1.0,0.9248858815232913,0.99883930692896,-1.027561764580026,0.28445619898131325,0.6170895636627108
128,3s9so34dqf4l,3,use drum hit areas surface,5.0,0.9190648691558526,0.9735378500356058,1.273853582416496,0.22206184245778357,0.3429806845869471
520,3s9so34dqf4l,3,Drawing attention,2.0,0.9737757374485116,0.9960273336446366,-0.4522079278308954,0.8084975355099314,0.5866254347310946
371,24iyijegbc9r,8,play siren sounds party,4.0,0.8643538598910923,0.8925682224174776,0.6984997456673655,-0.3643753616482832,-0.5342215239316014
129,24iyijegbc9r,8,use base piece artwork draw paint,6.0,0.9430387361404718,0.9194194750415243,1.8492074191656265,0.4790332950960449,-0.24332259310794274
37,24iyijegbc9r,8,spread message,2.0,0.9502923114129782,0.8650093815846037,-0.4522079278308954,0.5567830288287291,-0.8327862667117159
175,24iyijegbc9r,8,giving instructions crew boat,4.0,0.9843145187000353,0.8867966363863343,0.6984997456673655,0.9214607854094309,-0.5967492662728562
39,24iyijegbc9r,8,sheer novelty voice loud,4.0,0.7314846979363715,0.8697770255519671,0.6984997456673655,-1.7885753699422433,-0.7811349507722937
14,24iyijegbc9r,8,megaphone,1.0,0.07374056265672613,0.8740781214298486,-1.027561764580026,-8.838813281729509,-0.734538085822862
378,24iyijegbc9r,8,announcement,1.0,0.9496108619880095,0.8823622409571902,-1.027561764580026,0.5494786982947327,-0.6447902611287952
446,24iyijegbc9r,8,alert people threat,3.0,0.9699451844712748,0.8935490107273516,0.12314590891823507,0.7674385455856152,-0.5235959387977747
466,24iyijegbc9r,8,communicate crowds,2.0,0.8450196302597335,0.9021623941390937,-0.4522079278308954,-0.5716153983599032,-0.430280961640765
257,3ociync0s5da,5,use prop play,3.0,0.9780022981182809,0.9824742178146926,0.12314590891823507,0.8538012587545439,0.4397947836824685
53,3ociync0s5da,5,yell 's ear 're pissing,5.0,0.8486562947140025,0.9666162826913385,1.273853582416496,-0.5326346637053314,0.26799436762577367
227,3ociync0s5da,5,Commands march,2.0,0.9359493579502023,0.961903316043423,-0.4522079278308954,0.40304355956341864,0.2169354104113025
34,3ociync0s5da,5,communicate crowd people,3.0,0.8784695056696842,0.983279666650866,0.12314590891823507,-0.2130723614698362,0.448520790195333
171,3ociync0s5da,5,announcing start race calling split times,6.0,0.9432455783912249,1.0012084475304284,1.8492074191656265,0.4812503989815835,0.642756167660205
344,3ociync0s5da,5,blow horn,2.0,0.7468808632299874,0.999192629249348,-0.4522079278308954,-1.6235467175726643,0.6209173584652887
480,4bl66xtcfhy3,1,Use object rally,3.0,0.9379428676504086,0.9996534621485715,0.12314590891823507,0.4244116218722289,0.6259098926889036
72,4bl66xtcfhy3,1,Prop character movie play,4.0,0.9785387286710814,1.0037435459206911,0.6984997456673655,0.8595511587803149,0.6702207117388596
222,qj6muh6hkk0s,2,Organize,1.0,0.9892984512676528,0.9538410735807878,-1.027561764580026,0.9748826381532326,0.12959133953092422
331,qj6muh6hkk0s,2,Dig hole,2.0,0.9866338157323294,0.5201891668032997,-0.4522079278308954,0.9463209019634523,-4.568471644623456
318,qj6muh6hkk0s,2,Smashing anger,2.0,0.8315711625547476,0.999658587814821,-0.4522079278308954,-0.7157670399839318,0.6259654227177107
570,7kj5e9zt1l8b,13,amplify things happen,3.0,0.9828343730459715,0.9604096887826408,0.12314590891823507,0.9055953775015206,0.20075387209373727
83,7kj5e9zt1l8b,13,screaming,1.0,0.6467839264867539,0.9708026464792747,-1.027561764580026,-2.6964672963032967,0.31334825733067784
543,7kj5e9zt1l8b,13,catching,1.0,0.9899557167728438,0.7961194212968234,-1.027561764580026,0.9819277457174942,-1.5791207514669139
303,7kj5e9zt1l8b,13,announcements,1.0,0.8951533910811303,0.9211977483464034,-1.027561764580026,-0.03424087497747422,-0.2240572794801412
242,7kj5e9zt1l8b,13,scare,1.0,0.8846495697930626,0.9755554394905666,-1.027561764580026,-0.14682939548520665,0.3648386821823205
364,7kj5e9zt1l8b,13,believe laser gun,3.0,0.9442007058327869,0.986312161786479,0.12314590891823507,0.49148823363171823,0.4813739909390387
153,7kj5e9zt1l8b,13,Coach sports team,3.0,0.9931566610184133,0.5616004003855352,0.12314590891823507,1.0162380759252072,-4.119833968689753
361,7kj5e9zt1l8b,13,lifted weight,2.0,0.9742521026453344,0.9695964157741274,-0.4522079278308954,0.813603606078037,0.30028029259298095
100,7kj5e9zt1l8b,13,sos,1.0,0.9797491729450876,0.9862908039255853,-1.027561764580026,0.8725256874046955,0.481142605871622
438,7kj5e9zt1l8b,13,direct way informs public,4.0,0.9935990338644605,0.9566846684099851,0.6984997456673655,1.0209797887631655,0.16039804740005242
519,7kj5e9zt1l8b,13,Making annoying noise,3.0,0.8844224940625458,0.9558092285889229,0.12314590891823507,-0.14926337830354972,0.15091377821108423
198,7kj5e9zt1l8b,13,startle sleeping,2.0,0.964411513887931,0.945486373213422,-0.4522079278308954,0.7081241525786063,0.03907886183585297
542,7kj5e9zt1l8b,13,throwing,1.0,0.8516502301199123,0.9725179701301819,-1.027561764580026,-0.5005432230188813,0.33193159208425177
553,7kj5e9zt1l8b,13,Room decoration,2.0,0.9706398761670795,0.9108326709206364,-0.4522079278308954,0.7748848175750779,-0.33634961769157423
89,7kj5e9zt1l8b,13,announcing,1.0,0.8724493957649702,0.9807793652225114,-1.027561764580026,-0.27760080772545465,0.4214332266306507
370,00qpnwxld6yw,4,warn people danger,3.0,0.9791073731006056,0.8400007735078704,0.12314590891823507,0.8656463534013261,-1.1037225039431404
443,00qpnwxld6yw,4,instructions large group people,4.0,0.9918767582395772,0.9400711911298326,0.6984997456673655,1.0025190344153725,-0.01958770021946216
73,00qpnwxld6yw,4,Sound source science experiment,4.0,0.96038764670006,0.9811898875505305,0.6984997456673655,0.6649930633323856,0.42588071025355784
168,00qpnwxld6yw,4,Annoying,1.0,0.8832410070489923,0.9321690750626961,-1.027561764580026,-0.16192751940105649,-0.10519700669613083
385,00qpnwxld6yw,4,Start race,2.0,0.9484864114799527,0.9231277125087209,-0.4522079278308954,0.5374259209659622,-0.20314858969919025
532,00qpnwxld6yw,4,Yell chants protest,3.0,0.6572460614203455,0.950083652866962,0.12314590891823507,-2.5843256041304254,0.08888449863934678
509,00qpnwxld6yw,4,bother,1.0,0.9957554763394655,0.9970287427308578,-1.027561764580026,1.0440942973941012,0.5974744195653433
522,2qdgh2r6bh2c,4,vocal concert,2.0,0.8828767401544072,0.8263437873758216,-0.4522079278308954,-0.16583202897014784,-1.251678456676931
12,2qdgh2r6bh2c,4,Annoy,1.0,0.8903899034784863,0.8980925331318131,-1.027561764580026,-0.08529981885420064,-0.4743726929352132
142,2qdgh2r6bh2c,4,open air sermon,3.0,0.9250182105098986,0.9985782598601384,0.12314590891823507,0.2858746089498196,0.6142614530237741
33,2qdgh2r6bh2c,4,paper weight,2.0,0.9470131542413569,0.9952837529427098,-0.4522079278308954,0.5216343487112781,0.5785696902114553
517,2qdgh2r6bh2c,4,Waking roommate,2.0,0.9985026337333911,0.9970448804670385,-0.4522079278308954,1.07354057014584,0.5976492512674842
247,d4z0tfitcpwt,3,use lead rally protest,4.0,0.8907495395743819,0.7568414286439488,0.6984997456673655,-0.08144494596103272,-2.004647494207706
324,d4z0tfitcpwt,3,attention,1.0,0.9248858815232913,0.9765562292991128,-1.027561764580026,0.28445619898131325,0.3756809579361373
105,d4z0tfitcpwt,3,,,,0.9750367590211098,,,0.359219443626985
345,d4z0tfitcpwt,3,announcement group people field sports arena,6.0,0.9982712428861535,0.9757559596128798,1.8492074191656265,1.071060334388297,0.3670110608793687
235,9ebq53ldv3m9,6,yell football players,3.0,0.8728675286846532,0.7049240142261087,0.12314590891823507,-0.27311891818148704,-2.567106183071747
505,9ebq53ldv3m9,6,Use instruct workers movie set construction location,7.0,0.8958542227617357,0.9542895441002093,2.424561255914757,-0.026728789624885854,0.13444994320324566
202,9ebq53ldv3m9,6,announcement,1.0,0.9496108619880095,0.9670391965064651,-1.027561764580026,0.5494786982947327,0.2725760971403479
284,9ebq53ldv3m9,6,remember playing pretending flamethrower,4.0,0.8706958461564596,0.8912877724512072,0.6984997456673655,-0.2963967821279705,-0.5480935593027809
11,9ebq53ldv3m9,6,speech,1.0,0.7763335362288882,0.9459241713926849,-1.027561764580026,-1.307848955110608,0.04382184437179904
395,9ebq53ldv3m9,6,use speak large group people,5.0,0.9985958202654529,0.9642904393740618,1.273853582416496,1.074539419373026,0.24279683424689422
549,9ebq53ldv3m9,6,announcement,1.0,0.9496108619880095,0.9306875673093904,-1.027561764580026,0.5494786982947327,-0.12124724567297579
134,it57sw1z1odk,10,hit,1.0,0.9744546168947766,0.9410848793818222,-1.027561764580026,0.8157743189168343,-0.008605686351394689
567,it57sw1z1odk,10,annoyance convenience store,3.0,0.9835385301777974,0.8488857471052172,0.12314590891823507,0.9131431077515867,-1.0074651949805797
523,it57sw1z1odk,10,Trying add funny quality voice,5.0,0.97254194505265,0.9384019613652232,1.273853582416496,0.7952727426793876,-0.037671666752518145
469,it57sw1z1odk,10,yell,1.0,0.6296422950378764,0.999059106585847,-1.027561764580026,-2.8802052780328937,0.6194708114234421
120,it57sw1z1odk,10,wrap finger swing,3.0,0.9839008085583312,0.9929782538957562,0.12314590891823507,0.9170263028058071,0.5535925609443786
449,it57sw1z1odk,10,add cool effect voice,4.0,0.9236507847903961,0.836789873951048,0.6984997456673655,0.2712174252029953,-1.1385084880884502
552,it57sw1z1odk,10,Prop performance,2.0,0.9717047723011425,0.9777857901760855,-0.4522079278308954,0.7862992425677002,0.3890016752040399
281,it57sw1z1odk,10,Shout people,2.0,0.7896307719258902,0.9731271973630858,-0.4522079278308954,-1.165318341450152,0.3385317888483197
352,it57sw1z1odk,10,Preach people,2.0,0.8864961927739969,0.9832281403114521,-0.4522079278308954,-0.1270357847927671,0.44796256830324427
154,it57sw1z1odk,10,Yell troops,2.0,0.7755539685438904,0.9614356256150961,-0.4522079278308954,-1.3162049971530652,0.2118685836430448
315,it57sw1z1odk,10,Interrupting class,2.0,0.9673720614246134,0.928409501717993,-0.4522079278308954,0.7398577148609861,-0.14592716858615137
151,it57sw1z1odk,10,Police talking criminal n't want close,6.0,0.9715310537392072,0.9494946580940385,1.8492074191656265,0.7844371853852118,0.08250349466522683
137,d33jxjyowzr1,9,scare close 's ear scream,5.0,0.880884008921204,0.547954431462834,1.273853582416496,-0.1871917470349219,-4.267670564071216
430,d33jxjyowzr1,9,tool sound system n't working,5.0,0.9851004876468021,0.5201891668032997,1.273853582416496,0.9298854413945843,-4.568471644623456
474,d33jxjyowzr1,9,accost strangers,2.0,0.9036351933378737,0.9877762108711975,-0.4522079278308954,0.056673996966386905,0.4972350876029824
568,d33jxjyowzr1,9,project voice people hear,4.0,0.9129707299121353,0.9584441042075991,0.6984997456673655,0.15673988938936273,0.17945928076390708
482,d33jxjyowzr1,9,Yell,1.0,0.6296422950378764,0.9870189864557458,-1.027561764580026,-2.8802052780328937,0.4890315309223085
407,d33jxjyowzr1,9,yell,1.0,0.6296422950378764,0.7746399188342914,-1.027561764580026,-2.8802052780328937,-1.8118236494828883
261,d33jxjyowzr1,9,annoy siblings saying things loudly,5.0,0.9194056263682283,0.9988362803212801,1.273853582416496,0.22571435608511478,0.61705677424501
62,d33jxjyowzr1,9,annoy friends,2.0,0.9696470395779211,0.9998998567008468,-0.4522079278308954,0.7642427855361027,0.6285792620781535
81,d33jxjyowzr1,9,use paperweight,2.0,0.8404447739728,0.9933922547647428,-0.4522079278308954,-0.6206524380005584,0.5580777301033177
139,d33jxjyowzr1,9,apart,1.0,0.9589708142759579,0.9879732221270493,-1.027561764580026,0.649806298243545,0.4993694522261134
389,53mbcx8gch3j,5,use lead protest,3.0,0.9101620995383461,0.5833885944473954,0.12314590891823507,0.12663469911949118,-3.883786792570402
36,53mbcx8gch3j,5,direct flow traffic emergency,4.0,0.9990922780825594,0.9211977483464034,0.6984997456673655,1.0798608590271845,-0.2240572794801412
329,53mbcx8gch3j,5,Project voice,2.0,0.8863434054292626,0.9672415795033087,-0.4522079278308954,-0.12867348412372254,0.2747686576969444
419,53mbcx8gch3j,5,weapon,1.0,0.8911922449645149,0.9672415795033087,-1.027561764580026,-0.07669966864443387,0.2747686576969444
42,53mbcx8gch3j,5,paperweight,1.0,0.8054843443089097,0.9559841909740474,-1.027561764580026,-0.9953868269646486,0.1528092715603029
335,53mbcx8gch3j,5,Throw,1.0,0.903963190055323,0.9829547983224891,-1.027561764580026,0.060189733205250985,0.44500125795203405
572,k3x31t1yr7rr,3,,,,0.9483896298671373,,,0.07053192915816109
275,k3x31t1yr7rr,3,Coach,1.0,0.9669015921211994,0.832043961168206,-1.027561764580026,0.7348148412854563,-1.1899243744771053
537,k3x31t1yr7rr,3,bark instructions security guard meetings requiring utmost security privacy,9.0,0.9217360760574408,0.7522563499777022,3.575268929413018,0.25069401590893553,-2.054320948941025
132,k3x31t1yr7rr,3,turn christmas tree ornament,4.0,0.9509590643754844,0.9705831873547546,0.6984997456673655,0.5639298306957787,0.3109706988019843
415,jzycem9mbgiw,9,yell people,2.0,0.7653011221114794,0.9315336136240301,-0.4522079278308954,-1.4261033645338463,-0.11208141747859297
3,jzycem9mbgiw,9,Dispersing crowds police officer,4.0,0.8707638153618245,0.9028772507487497,0.6984997456673655,-0.29566823276843285,-0.4225364058707702
408,jzycem9mbgiw,9,blare siren,2.0,0.6235352995744654,0.9759440364983284,-0.4522079278308954,-2.945665034545884,0.3690486330424139
224,jzycem9mbgiw,9,run rally,2.0,0.9369718423257161,0.5822448286819303,-0.4522079278308954,0.4140033807488899,-3.8961780296923734
135,jzycem9mbgiw,9,sing,1.0,0.8433647088693048,0.9793815149629301,-1.027561764580026,-0.5893541951077712,0.4062893094489396
424,jzycem9mbgiw,9,talk large number people,4.0,0.9700935083607454,0.9750477970025074,0.6984997456673655,0.7690284019639239,0.3593390260178698
355,jzycem9mbgiw,9,hammer nail,2.0,0.9255032125716347,0.9874656733166476,-0.4522079278308954,0.29107325647784793,0.49387081093909746
558,jzycem9mbgiw,9,prank making loud sound ear,5.0,0.7650483486628266,1.0012817249027794,1.273853582416496,-1.4288127964469528,0.6435500341352239
316,jzycem9mbgiw,9,Standing sidewalk telling 're going hell godhatesfags WestboroBaptist Church,9.0,0.9795688812040204,0.9399962851620122,3.575268929413018,0.8705931735290479,-0.02039921044047009
189,jzycem9mbgiw,9,Yell roommates,2.0,0.7899674877989424,0.9920110169292765,-0.4522079278308954,-1.1617091461926612,0.5431137872595305
547,jzycem9mbgiw,9,comparing colors object,3.0,0.8974042462649572,0.9645554227819224,0.12314590891823507,-0.010114373957116186,0.24566759007761604
118,jzycem9mbgiw,9,use strange hat,3.0,0.9158385747141229,0.9928070452593863,0.12314590891823507,0.18747978817918368,0.5517377346550765
254,jzycem9mbgiw,9,use sports games,3.0,0.935721761242415,0.9009561893095018,0.12314590891823507,0.4006039924859295,-0.44334864604996005
382,gy4wy13gaqql,9,town fair,2.0,0.9131856629677682,0.9797332735986943,-0.4522079278308954,0.15904371711817164,0.41010016373140074
219,gy4wy13gaqql,9,Play,1.0,0.958994565509681,0.9480668793553713,-1.027561764580026,0.6500608833313698,0.06703534074531971
524,gy4wy13gaqql,9,Making deaf,2.0,0.9203103740517935,0.9658348006736805,-0.4522079278308954,0.23541217941357526,0.259528010894579
52,gy4wy13gaqql,9,throw,1.0,0.903963190055323,0.9733716169811647,-1.027561764580026,0.060189733205250985,0.3411797623550675
286,gy4wy13gaqql,9,Sell cash,2.0,0.9263622911003508,0.9781623372191306,-0.4522079278308954,0.3002815605698059,0.3930810801301453
400,gy4wy13gaqql,9,loud annoying squeaking noises,4.0,0.7785473062309549,0.9732925334013216,0.6984997456673655,-1.2841199633045282,0.3403229930585222
556,gy4wy13gaqql,9,  sleep travel speak,3.0,0.9493451717257712,0.9593869360183424,0.12314590891823507,0.5466308134423212,0.18967365584472295
534,gy4wy13gaqql,9,calm crowds concert,3.0,0.9084628599654466,0.9635656028581295,0.12314590891823507,0.10842086395854061,0.23494415897476165
276,gy4wy13gaqql,9,apart parts,2.0,0.9026444350933676,0.9559900138336092,-0.4522079278308954,0.0460542423199041,0.15287235478567657
6,gy4wy13gaqql,9,Hitting,1.0,0.9799380973165492,0.9730158332071741,-1.027561764580026,0.8745507328512404,0.33732530085536144
279,pn43y86ziwrh,4,Reverse engineer,2.0,0.9936331100538897,0.9668680424781855,-0.4522079278308954,1.021345045144358,0.27072186245976126
396,pn43y86ziwrh,4,use musical instrument,3.0,0.9295137729977742,0.9958576503883646,0.12314590891823507,0.3340617130026036,0.5847871339814309
531,pn43y86ziwrh,4,dude IDK megaphone use amplifying voice,6.0,0.6075566654193896,0.9698281190706598,1.8492074191656265,-3.1169370630692534,0.3027905010429674
348,pn43y86ziwrh,4,shouting contest somebody,3.0,0.7672612155201324,0.9908802375742408,0.12314590891823507,-1.4050934852827688,0.5308632412614357
479,pn43y86ziwrh,4,Speak,1.0,0.8946048216130205,0.9591319884254963,-1.027561764580026,-0.04012088979459296,0.18691162521570995
245,n9nrit262xbr,2,play musical instrument,3.0,0.9617310299849949,0.9951160575386339,0.12314590891823507,0.6793925406633123,0.5767529252942747
436,n9nrit262xbr,2,yell directions people,3.0,0.8218261303194372,0.9888805955551787,0.12314590891823507,-0.8202222407707304,0.5091996811467656
44,n9nrit262xbr,2,clearly communicate protest chants,4.0,0.7775055716245014,1.0037435459206911,0.6984997456673655,-1.2952861241602487,0.6702207117388596
498,2q6mxrha9fre,5,weapon hurt,2.0,0.9619985963306964,0.9695046375520672,-0.4522079278308954,0.6822605349078841,0.29928599310744053
23,2q6mxrha9fre,5,ready set race meet,4.0,0.9113684584836622,0.9892185102163458,0.6984997456673655,0.13956543786013384,0.5128605536959704
19,2q6mxrha9fre,5,decorative purposes,2.0,0.9843744565829065,0.98830577168012,-0.4522079278308954,0.9221032485064086,0.5029722007007794
144,2q6mxrha9fre,5,talk person hard hearing,4.0,0.9993260473177635,0.990223994892268,0.6984997456673655,1.0823665882860931,0.523753692324572
343,2q6mxrha9fre,5,annoying,1.0,0.8832410070489923,0.9736613629255164,-1.027561764580026,-0.16192751940105649,0.3443187885525612
453,2q6mxrha9fre,5,look cool,2.0,0.9643567012096607,0.9171542061518931,-0.4522079278308954,0.707536625603206,-0.26786388014762713
70,czs8v8cyo6n0,10,Use lever open,3.0,0.9821109101222524,0.9824669800584473,0.12314590891823507,0.8978407120336046,0.4397163718637434
417,czs8v8cyo6n0,10,heard wide space,3.0,0.9982705004834765,0.9910938185356282,0.12314590891823507,1.0710523767111115,0.5331771174213966
55,czs8v8cyo6n0,10,stress relief smash,3.0,0.9881006487852029,1.002561400400959,0.12314590891823507,0.9620436145578172,0.6574136791365867
269,czs8v8cyo6n0,10,wear accessory outfit,3.0,0.9633951653523748,0.9886534015821627,0.12314590891823507,0.6972301003284538,0.5067383254414927
25,czs8v8cyo6n0,10,'s attention,2.0,0.9570735463841299,0.9756555633664002,-0.4522079278308954,0.629469834104499,0.3659233961372984
268,czs8v8cyo6n0,10,decorate 's room live near ocean aesthetic fit decor,9.0,0.877054663086672,0.9771069465418826,3.575268929413018,-0.22823779781952325,0.38164727389729336
326,czs8v8cyo6n0,10,sing,1.0,0.8433647088693048,0.9994251204917879,-1.027561764580026,-0.5893541951077712,0.6234361032999728
563,czs8v8cyo6n0,10,Yelling people,2.0,0.7601843398554495,0.9498440828828086,-0.4522079278308954,-1.4809492085526372,0.08628906470472181
433,czs8v8cyo6n0,10,Ask individuals come forward,4.0,0.8966851313365293,0.9908922210650545,0.6984997456673655,-0.017822434066506777,0.5309930670358246
384,czs8v8cyo6n0,10,'re directing play,3.0,0.9943359433461474,0.9949030056064883,0.12314590891823507,1.0288785854025848,0.5744447804885621
50,czs8v8cyo6n0,10,project voice protest,3.0,0.8417977832003791,1.0037435459206911,0.12314590891823507,-0.6061497819681781,0.6702207117388596
77,tod43cntez1u,4,Direct group people movie,4.0,0.9740739491695032,0.8952978752728411,0.6984997456673655,0.8116940118725523,-0.504649231410921
251,tod43cntez1u,4,use loud party sing lead chants,6.0,0.7889100685190167,0.9289349812202534,1.8492074191656265,-1.1730434281666353,-0.1402342712186588
374,tod43cntez1u,4,Convey message idea,3.0,0.9217269186687853,0.9558293090134128,0.12314590891823507,0.25059585955115304,0.1511313238912197
495,tod43cntez1u,4,address convoy soldiers,3.0,0.9687823860538292,1.001821120952622,0.12314590891823507,0.7549747240983194,0.6493936994713126
540,tod43cntez1u,4,projecting voice,2.0,0.7549808524701185,0.983134611491709,-0.4522079278308954,-1.5367244288394293,0.4469493033339927
61,zegl63hici0u,2,calm crowd,2.0,0.8364406870620672,0.8427922816016178,-0.4522079278308954,-0.6635715061092199,-1.0734800891393903
328,zegl63hici0u,2,middle frist start screaming removed premise 's funny,8.0,0.9980539743955145,0.9789617415180116,2.9999150926638873,1.0687314735629714,0.401741601823352
180,zegl63hici0u,2,Start riot,2.0,0.9145522796461948,0.9816548464133028,-0.4522079278308954,0.17369222890311953,0.430917944007648
308,fdhr4mpvp90j,3,Use sporting event like track meet,6.0,0.9193583835878997,0.9400642005300205,1.8492074191656265,0.2252079694477188,-0.019663434414795126
497,fdhr4mpvp90j,3,use cup filling water 're stranded need,7.0,0.9229251949371073,0.9802940932379596,2.424561255914757,0.26343996156983107,0.4161759262193327
521,fdhr4mpvp90j,3,Hitting head,2.0,0.9091405536765054,0.9975236380975677,-0.4522079278308954,0.11568493768875307,0.6028359769966177
117,fdhr4mpvp90j,3,use prop play,3.0,0.9780022981182809,0.9944333337204413,0.12314590891823507,0.8538012587545439,0.5693564871637793
391,iit0sg0no2on,8,use crowd 's attention,4.0,0.9415174775432398,0.991540691243923,0.6984997456673655,0.46272720514318216,0.5380184108566538
321,iit0sg0no2on,8,defend,1.0,0.9977303438373495,0.9933314059957672,-1.027561764580026,1.06526253737912,0.5574185116271902
56,iit0sg0no2on,8,stress relief yell darkness night,5.0,0.9499152368412224,1.0037435459206911,1.273853582416496,0.5527412361334073,0.6702207117388596
513,iit0sg0no2on,8,construction site,2.0,0.8718474475707565,0.9997344534742146,-0.4522079278308954,-0.2840529792495272,0.6267873299677316
310,iit0sg0no2on,8,Police use instruct large crowds,5.0,0.9102547301644992,1.0037435459206911,1.273853582416496,0.12762758969390764,0.6702207117388596
541,iit0sg0no2on,8,pressing buttons,2.0,0.9634792129330567,1.0037435459206911,-0.4522079278308954,0.6981309908236092,0.6702207117388596
40,iit0sg0no2on,8,talk 's far away,4.0,0.9245088982620192,1.001228849162361,0.6984997456673655,0.28041538502620306,0.6429771932115782
47,iit0sg0no2on,8,weapon needed,2.0,0.9518468175277162,1.0037435459206911,-0.4522079278308954,0.5734454927814804,0.6702207117388596
458,iit0sg0no2on,8,scare   prank,2.0,0.8590334441271241,0.9923834653069796,-0.4522079278308954,-0.42140391563098195,0.5471487883962676
413,iit0sg0no2on,8,break 's ear drum,4.0,0.9256253021415366,1.0004208599659994,0.6984997456673655,0.2923819120297369,0.6342236651497924
288,xwsjbx5eqd7o,5,loud,1.0,0.6286060755481573,0.6730938477665742,-1.027561764580026,-2.8913123233708875,-2.911945268259356
492,xwsjbx5eqd7o,5,address camp noisy kids,4.0,0.9684341902568147,0.9981510356000871,0.6984997456673655,0.7512424776560263,0.609633025359303
75,xwsjbx5eqd7o,5,Speak large crowd,3.0,0.8337771484158835,0.9722639703923067,0.12314590891823507,-0.6921214849468894,0.3291798302498256
416,xwsjbx5eqd7o,5,yell training people,3.0,0.8660563890206299,0.9956720923538495,0.12314590891823507,-0.3461262663372548,0.5827768503420802
528,xwsjbx5eqd7o,5,press button talk,3.0,0.9473927556717069,1.000208020149011,0.12314590891823507,0.5257032263372022,0.6319178183401278
414,xwsjbx5eqd7o,5,science experiment,2.0,0.8913397256640243,0.9584441042075991,-0.4522079278308954,-0.07511885026359615,0.17945928076390708
177,fp96wzy4jz4p,1,speech,1.0,0.7763335362288882,0.9290915916597655,-1.027561764580026,-1.307848955110608,-0.13853759769479154
454,fp96wzy4jz4p,1,amplify sounds voice,3.0,0.7532572698089564,0.8581516325330812,0.12314590891823507,-1.555199193067708,-0.9070811942101186
485,hy7dlv5i3y0x,5,Lost voice,2.0,0.9109859477675829,0.7634231075371031,-0.4522079278308954,0.13546537613777326,-1.9333434332817514
266,hy7dlv5i3y0x,5,annoying prank,2.0,0.8522603970003146,0.9767430975281697,-0.4522079278308954,-0.49400295691540486,0.3777054358552374
79,hy7dlv5i3y0x,5,use place microphone,3.0,0.8203419243544204,0.8852009298655608,0.12314590891823507,-0.8361311704018749,-0.6140367026282708
161,hy7dlv5i3y0x,5,attention suffering working class,4.0,0.9259586219876701,0.9951236045266583,0.6984997456673655,0.2959547059018744,0.5768346872432599
226,hy7dlv5i3y0x,5,Destroying eardrums,2.0,0.8886739076946346,0.92278412611436,-0.4522079278308954,-0.10369326074575767,-0.2068709082131371
296,hy7dlv5i3y0x,5,direct people emergency,3.0,0.9751170414334681,0.973918589791529,0.12314590891823507,0.8228747252084012,0.3471055121870174
367,56wy7hpv7zj1,4,lead protest,2.0,0.8772210040536242,0.9732240435585113,-0.4522079278308954,-0.22645481971514023,0.33958099333416125
5,56wy7hpv7zj1,4,Listening voice sounds,3.0,0.8365211266960394,0.9999973679146104,0.12314590891823507,-0.662709288528519,0.6296356711859258
127,56wy7hpv7zj1,4,use hit pinata,3.0,0.9104253649736517,0.9828289305157689,0.12314590891823507,0.12945659269983464,0.44363764147898976
136,56wy7hpv7zj1,4,scream,1.0,0.7037915389729281,0.9785531279977311,-1.027561764580026,-2.085413226410869,0.3973147976874715
208,56wy7hpv7zj1,4,Let people know emergencies yelling telling people,7.0,0.9511245014794908,0.9862185422279791,2.424561255914757,0.5657031204601738,0.48035974293157707
150,mimfoidjh4jx,3,wake rudely,2.0,0.8695644138133958,0.9412765745772067,-0.4522079278308954,-0.3085243964567538,-0.0065289144345622675
103,mimfoidjh4jx,3,hurricane warning,2.0,0.9336896267369135,0.9913657295508714,-0.4522079278308954,0.3788219180225109,0.5361229250051591
107,mimfoidjh4jx,3,school lockdown,2.0,0.9953236934668862,0.962113494071131,-0.4522079278308954,1.0394660965259557,0.21921242014335923
7,mimfoidjh4jx,3,Participating protest,2.0,0.96506178959591,0.9995220593554663,-0.4522079278308954,0.7150943377974512,0.6244863117276448
